ISO-10303-21;
HEADER;

/* File generated by Shapr3D Version 26.160.11640.0 */

FILE_DESCRIPTION(('HOOPS Exchange Step'),'2;1');

FILE_NAME('C:\\Users\\olive\\AppData\\Local\\Packages\\Shapr3D.Shapr3D_dvv5p1vgwv6mp\\TempState\\export\\temp_export',
'2026-09-10T23:12:58+02:00',
('olive'),
('Shapr3D Limited'),
'HOOPS Exchange 2026.3',
'Shapr3D',
'Authorized');

FILE_SCHEMA( ('AP242_MANAGED_MODEL_BASED_3D_ENGINEERING_MIM_LF {1 0 10303 442 1 1 4}') );

ENDSEC;

DATA;
#3=(NAMED_UNIT(*)PLANE_ANGLE_UNIT()SI_UNIT($,.RADIAN.));
#4=PLANE_ANGLE_MEASURE_WITH_UNIT(PLANE_ANGLE_MEASURE(0.0174532925),#3);
#5=(CONVERSION_BASED_UNIT('DEGREE',#4)NAMED_UNIT(#6)PLANE_ANGLE_UNIT());
#6=DIMENSIONAL_EXPONENTS(0.,0.,0.,0.,0.,0.,0.);
#7=(NAMED_UNIT(*)SI_UNIT($,.STERADIAN.)SOLID_ANGLE_UNIT());
#8=(LENGTH_UNIT()NAMED_UNIT(*)SI_UNIT(.MILLI.,.METRE.));
#9=UNCERTAINTY_MEASURE_WITH_UNIT(LENGTH_MEASURE(1.000000E-05),#8,'DISTANCE_ACCURACY_VALUE','Maximum Tolerance applied to model');
#10=(GEOMETRIC_REPRESENTATION_CONTEXT(3)GLOBAL_UNCERTAINTY_ASSIGNED_CONTEXT((#9))GLOBAL_UNIT_ASSIGNED_CONTEXT((#8,#5,#7))REPRESENTATION_CONTEXT('','root'));
#12=CARTESIAN_POINT('',(0.,0.,0.));
#13=DIRECTION('',(0.,0.,1.));
#14=DIRECTION('',(1.,0.,0.));
#15=AXIS2_PLACEMENT_3D('',#12,#13,#14);
#27=CARTESIAN_POINT('',(-90.718053759,69.173928298,-207.));
#28=DIRECTION('',(0.,0.,1.));
#29=DIRECTION('',(0.,1.,0.));
#30=AXIS2_PLACEMENT_3D('',#27,#28,#29);
#31=PLANE('',#30);
#32=CARTESIAN_POINT('',(-29.788563437,187.343269171,-207.));
#33=VERTEX_POINT('',#32);
#34=CARTESIAN_POINT('',(-29.653152495,187.414223088,-207.));
#35=VERTEX_POINT('',#34);
#36=CARTESIAN_POINT('',(-29.718601921,187.374440615,-207.));
#37=DIRECTION('',(-0.,-0.,-1.));
#38=DIRECTION('',(1.,0.,-0.));
#39=AXIS2_PLACEMENT_3D('',#36,#37,#38);
#40=CIRCLE('',#39,0.076591596);
#41=EDGE_CURVE('',#33,#35,#40,.T.);
#42=ORIENTED_EDGE('',*,*,#41,.T.);
#43=CARTESIAN_POINT('',(-29.390284081,186.855130069,-207.));
#44=VERTEX_POINT('',#43);
#45=CARTESIAN_POINT('',(-32.132653438,185.907094838,-207.));
#46=DIRECTION('',(-0.,-0.,-1.));
#47=DIRECTION('',(1.,0.,-0.));
#48=AXIS2_PLACEMENT_3D('',#45,#46,#47);
#49=CIRCLE('',#48,2.901613429);
#50=EDGE_CURVE('',#35,#44,#49,.T.);
#51=ORIENTED_EDGE('',*,*,#50,.T.);
#52=CARTESIAN_POINT('',(-31.4719719,185.563202896,-207.));
#53=DIRECTION('',(0.,0.,1.));
#54=DIRECTION('',(1.,0.,-0.));
#55=AXIS2_PLACEMENT_3D('',#52,#53,#54);
#56=CIRCLE('',#55,2.45);
#57=EDGE_CURVE('',#44,#33,#56,.T.);
#58=ORIENTED_EDGE('',*,*,#57,.T.);
#59=EDGE_LOOP('',(#42,#51,#58));
#60=FACE_BOUND('',#59,.T.);
#61=ADVANCED_FACE('',(#60),#31,.F.);
#62=CARTESIAN_POINT('',(-90.718053759,69.173928298,-207.));
#63=DIRECTION('',(0.,0.,1.));
#64=DIRECTION('',(0.,1.,0.));
#65=AXIS2_PLACEMENT_3D('',#62,#63,#64);
#66=PLANE('',#65);
#67=CARTESIAN_POINT('',(-33.290791306,187.414223088,-207.));
#68=VERTEX_POINT('',#67);
#69=CARTESIAN_POINT('',(-33.148750283,187.374440615,-207.));
#70=VERTEX_POINT('',#69);
#71=CARTESIAN_POINT('',(-33.225341879,187.374440615,-207.));
#72=DIRECTION('',(-0.,-0.,-1.));
#73=DIRECTION('',(1.,0.,-0.));
#74=AXIS2_PLACEMENT_3D('',#71,#72,#73);
#75=CIRCLE('',#74,0.076591596);
#76=EDGE_CURVE('',#68,#70,#75,.T.);
#77=ORIENTED_EDGE('',*,*,#76,.T.);
#78=CARTESIAN_POINT('',(-33.155380363,187.343269171,-207.));
#79=VERTEX_POINT('',#78);
#80=CARTESIAN_POINT('',(-33.225341879,187.374440615,-207.));
#81=DIRECTION('',(-0.,-0.,-1.));
#82=DIRECTION('',(1.,0.,-0.));
#83=AXIS2_PLACEMENT_3D('',#80,#81,#82);
#84=CIRCLE('',#83,0.076591596);
#85=EDGE_CURVE('',#70,#79,#84,.T.);
#86=ORIENTED_EDGE('',*,*,#85,.T.);
#87=CARTESIAN_POINT('',(-33.55365972,186.855130069,-207.));
#88=VERTEX_POINT('',#87);
#89=CARTESIAN_POINT('',(-31.4719719,185.563202896,-207.));
#90=DIRECTION('',(0.,0.,1.));
#91=DIRECTION('',(1.,0.,-0.));
#92=AXIS2_PLACEMENT_3D('',#89,#90,#91);
#93=CIRCLE('',#92,2.45);
#94=EDGE_CURVE('',#79,#88,#93,.T.);
#95=ORIENTED_EDGE('',*,*,#94,.T.);
#96=CARTESIAN_POINT('',(-30.811290362,185.907094838,-207.));
#97=DIRECTION('',(-0.,-0.,-1.));
#98=DIRECTION('',(1.,0.,-0.));
#99=AXIS2_PLACEMENT_3D('',#96,#97,#98);
#100=CIRCLE('',#99,2.901613429);
#101=EDGE_CURVE('',#88,#68,#100,.T.);
#102=ORIENTED_EDGE('',*,*,#101,.T.);
#103=EDGE_LOOP('',(#77,#86,#95,#102));
#104=FACE_BOUND('',#103,.T.);
#105=ADVANCED_FACE('',(#104),#66,.F.);
#106=CARTESIAN_POINT('',(-90.718053759,69.173928298,-199.8));
#107=DIRECTION('',(0.,0.,1.));
#108=DIRECTION('',(0.,1.,0.));
#109=AXIS2_PLACEMENT_3D('',#106,#107,#108);
#110=PLANE('',#109);
#111=CARTESIAN_POINT('',(-29.788563437,187.343269171,-199.8));
#112=VERTEX_POINT('',#111);
#113=CARTESIAN_POINT('',(-29.390284081,186.855130069,-199.8));
#114=VERTEX_POINT('',#113);
#115=CARTESIAN_POINT('',(-31.4719719,185.563202896,-199.8));
#116=DIRECTION('',(-0.,-0.,-1.));
#117=DIRECTION('',(1.,0.,-0.));
#118=AXIS2_PLACEMENT_3D('',#115,#116,#117);
#119=CIRCLE('',#118,2.45);
#120=EDGE_CURVE('',#112,#114,#119,.T.);
#121=ORIENTED_EDGE('',*,*,#120,.T.);
#122=CARTESIAN_POINT('',(-29.653152495,187.414223088,-199.8));
#123=VERTEX_POINT('',#122);
#124=CARTESIAN_POINT('',(-32.132653438,185.907094838,-199.8));
#125=DIRECTION('',(0.,0.,1.));
#126=DIRECTION('',(1.,0.,-0.));
#127=AXIS2_PLACEMENT_3D('',#124,#125,#126);
#128=CIRCLE('',#127,2.901613429);
#129=EDGE_CURVE('',#114,#123,#128,.T.);
#130=ORIENTED_EDGE('',*,*,#129,.T.);
#131=CARTESIAN_POINT('',(-29.718601921,187.374440615,-199.8));
#132=DIRECTION('',(0.,0.,1.));
#133=DIRECTION('',(1.,0.,-0.));
#134=AXIS2_PLACEMENT_3D('',#131,#132,#133);
#135=CIRCLE('',#134,0.076591596);
#136=EDGE_CURVE('',#123,#112,#135,.T.);
#137=ORIENTED_EDGE('',*,*,#136,.T.);
#138=EDGE_LOOP('',(#121,#130,#137));
#139=FACE_BOUND('',#138,.T.);
#140=ADVANCED_FACE('',(#139),#110,.T.);
#141=CARTESIAN_POINT('',(-90.718053759,69.173928298,-199.8));
#142=DIRECTION('',(0.,0.,1.));
#143=DIRECTION('',(0.,1.,0.));
#144=AXIS2_PLACEMENT_3D('',#141,#142,#143);
#145=PLANE('',#144);
#146=CARTESIAN_POINT('',(-33.290791306,187.414223088,-199.8));
#147=VERTEX_POINT('',#146);
#148=CARTESIAN_POINT('',(-33.55365972,186.855130069,-199.8));
#149=VERTEX_POINT('',#148);
#150=CARTESIAN_POINT('',(-30.811290362,185.907094838,-199.8));
#151=DIRECTION('',(0.,0.,1.));
#152=DIRECTION('',(1.,0.,-0.));
#153=AXIS2_PLACEMENT_3D('',#150,#151,#152);
#154=CIRCLE('',#153,2.901613429);
#155=EDGE_CURVE('',#147,#149,#154,.T.);
#156=ORIENTED_EDGE('',*,*,#155,.T.);
#157=CARTESIAN_POINT('',(-33.155380363,187.343269171,-199.8));
#158=VERTEX_POINT('',#157);
#159=CARTESIAN_POINT('',(-31.4719719,185.563202896,-199.8));
#160=DIRECTION('',(-0.,-0.,-1.));
#161=DIRECTION('',(1.,0.,-0.));
#162=AXIS2_PLACEMENT_3D('',#159,#160,#161);
#163=CIRCLE('',#162,2.45);
#164=EDGE_CURVE('',#149,#158,#163,.T.);
#165=ORIENTED_EDGE('',*,*,#164,.T.);
#166=CARTESIAN_POINT('',(-33.148750283,187.374440615,-199.8));
#167=VERTEX_POINT('',#166);
#168=CARTESIAN_POINT('',(-33.225341879,187.374440615,-199.8));
#169=DIRECTION('',(0.,0.,1.));
#170=DIRECTION('',(1.,0.,-0.));
#171=AXIS2_PLACEMENT_3D('',#168,#169,#170);
#172=CIRCLE('',#171,0.076591596);
#173=EDGE_CURVE('',#158,#167,#172,.T.);
#174=ORIENTED_EDGE('',*,*,#173,.T.);
#175=CARTESIAN_POINT('',(-33.225341879,187.374440615,-199.8));
#176=DIRECTION('',(0.,0.,1.));
#177=DIRECTION('',(1.,0.,-0.));
#178=AXIS2_PLACEMENT_3D('',#175,#176,#177);
#179=CIRCLE('',#178,0.076591596);
#180=EDGE_CURVE('',#167,#147,#179,.T.);
#181=ORIENTED_EDGE('',*,*,#180,.T.);
#182=EDGE_LOOP('',(#156,#165,#174,#181));
#183=FACE_BOUND('',#182,.T.);
#184=ADVANCED_FACE('',(#183),#145,.T.);
#185=CARTESIAN_POINT('',(-28.351273483,180.673377132,-199.8));
#186=DIRECTION('',(-0.997494012,-0.070750938,0.));
#187=DIRECTION('',(0.070750938,-0.997494012,0.));
#188=AXIS2_PLACEMENT_3D('',#185,#186,#187);
#189=PLANE('',#188);
#190=CARTESIAN_POINT('',(-28.341579576,180.536705949,-200.3));
#191=VERTEX_POINT('',#190);
#192=CARTESIAN_POINT('',(-28.341579576,180.536705949,-206.5));
#193=VERTEX_POINT('',#192);
#194=CARTESIAN_POINT('',(-28.341579576,180.536705949,-200.3));
#195=DIRECTION('',(0.,0.,-1.));
#196=VECTOR('',#195,6.2);
#197=LINE('',#194,#196);
#198=EDGE_CURVE('',#191,#193,#197,.T.);
#199=ORIENTED_EDGE('',*,*,#198,.T.);
#200=CARTESIAN_POINT('',(-28.73956441,186.147762178,-206.5));
#201=VERTEX_POINT('',#200);
#202=CARTESIAN_POINT('',(-28.341579576,180.536705949,-206.5));
#203=DIRECTION('',(-0.070750938,0.997494012,0.));
#204=VECTOR('',#203,5.625152792);
#205=LINE('',#202,#204);
#206=EDGE_CURVE('',#193,#201,#205,.T.);
#207=ORIENTED_EDGE('',*,*,#206,.T.);
#208=CARTESIAN_POINT('',(-28.73956441,186.147762178,-200.3));
#209=VERTEX_POINT('',#208);
#210=CARTESIAN_POINT('',(-28.73956441,186.147762178,-200.3));
#211=DIRECTION('',(0.,0.,-1.));
#212=VECTOR('',#211,6.2);
#213=LINE('',#210,#212);
#214=EDGE_CURVE('',#209,#201,#213,.T.);
#215=ORIENTED_EDGE('',*,*,#214,.F.);
#216=CARTESIAN_POINT('',(-28.73956441,186.147762178,-200.3));
#217=DIRECTION('',(0.070750938,-0.997494012,-0.));
#218=VECTOR('',#217,5.625152792);
#219=LINE('',#216,#218);
#220=EDGE_CURVE('',#209,#191,#219,.T.);
#221=ORIENTED_EDGE('',*,*,#220,.T.);
#222=EDGE_LOOP('',(#199,#207,#215,#221));
#223=FACE_BOUND('',#222,.T.);
#224=ADVANCED_FACE('',(#223),#189,.F.);
#225=CARTESIAN_POINT('',(-32.132653438,185.907094838,-199.8));
#226=DIRECTION('',(0.,0.,-1.));
#227=DIRECTION('',(-1.,0.,0.));
#228=AXIS2_PLACEMENT_3D('',#225,#226,#227);
#229=CYLINDRICAL_SURFACE('',#228,3.401613429);
#230=ORIENTED_EDGE('',*,*,#214,.T.);
#231=CARTESIAN_POINT('',(-29.225890041,187.673928298,-206.5));
#232=VERTEX_POINT('',#231);
#233=CARTESIAN_POINT('',(-32.132653438,185.907094838,-206.5));
#234=DIRECTION('',(0.,0.,1.));
#235=DIRECTION('',(1.,0.,-0.));
#236=AXIS2_PLACEMENT_3D('',#233,#234,#235);
#237=CIRCLE('',#236,3.401613429);
#238=EDGE_CURVE('',#201,#232,#237,.T.);
#239=ORIENTED_EDGE('',*,*,#238,.T.);
#240=CARTESIAN_POINT('',(-29.225890041,187.673928298,-200.3));
#241=VERTEX_POINT('',#240);
#242=CARTESIAN_POINT('',(-29.225890041,187.673928298,-200.3));
#243=DIRECTION('',(0.,0.,-1.));
#244=VECTOR('',#243,6.2);
#245=LINE('',#242,#244);
#246=EDGE_CURVE('',#241,#232,#245,.T.);
#247=ORIENTED_EDGE('',*,*,#246,.F.);
#248=CARTESIAN_POINT('',(-32.132653438,185.907094838,-200.3));
#249=DIRECTION('',(-0.,-0.,-1.));
#250=DIRECTION('',(1.,0.,-0.));
#251=AXIS2_PLACEMENT_3D('',#248,#249,#250);
#252=CIRCLE('',#251,3.401613429);
#253=EDGE_CURVE('',#241,#209,#252,.T.);
#254=ORIENTED_EDGE('',*,*,#253,.T.);
#255=EDGE_LOOP('',(#230,#239,#247,#254));
#256=FACE_BOUND('',#255,.T.);
#257=ADVANCED_FACE('',(#256),#229,.T.);
#258=CARTESIAN_POINT('',(-29.718601921,187.374440615,-199.8));
#259=DIRECTION('',(0.,0.,-1.));
#260=DIRECTION('',(-1.,0.,0.));
#261=AXIS2_PLACEMENT_3D('',#258,#259,#260);
#262=CYLINDRICAL_SURFACE('',#261,0.576591596);
#263=CARTESIAN_POINT('',(-30.295193518,187.374440615,-206.5));
#264=VERTEX_POINT('',#263);
#265=CARTESIAN_POINT('',(-30.295193518,187.374440615,-200.3));
#266=VERTEX_POINT('',#265);
#267=CARTESIAN_POINT('',(-30.295193518,187.374440615,-206.5));
#268=DIRECTION('',(-0.,-0.,1.));
#269=VECTOR('',#268,6.2);
#270=LINE('',#267,#269);
#271=EDGE_CURVE('',#264,#266,#270,.T.);
#272=ORIENTED_EDGE('',*,*,#271,.T.);
#273=CARTESIAN_POINT('',(-29.718601921,187.374440615,-200.3));
#274=DIRECTION('',(-0.,-0.,-1.));
#275=DIRECTION('',(1.,0.,-0.));
#276=AXIS2_PLACEMENT_3D('',#273,#274,#275);
#277=CIRCLE('',#276,0.576591596);
#278=EDGE_CURVE('',#266,#241,#277,.T.);
#279=ORIENTED_EDGE('',*,*,#278,.T.);
#280=ORIENTED_EDGE('',*,*,#246,.T.);
#281=CARTESIAN_POINT('',(-29.718601921,187.374440615,-206.5));
#282=DIRECTION('',(0.,0.,1.));
#283=DIRECTION('',(1.,0.,-0.));
#284=AXIS2_PLACEMENT_3D('',#281,#282,#283);
#285=CIRCLE('',#284,0.576591596);
#286=EDGE_CURVE('',#232,#264,#285,.T.);
#287=ORIENTED_EDGE('',*,*,#286,.T.);
#288=EDGE_LOOP('',(#272,#279,#280,#287));
#289=FACE_BOUND('',#288,.T.);
#290=ADVANCED_FACE('',(#289),#262,.T.);
#291=CARTESIAN_POINT('',(-31.4719719,185.563202896,-199.8));
#292=DIRECTION('',(0.,0.,-1.));
#293=DIRECTION('',(-1.,0.,0.));
#294=AXIS2_PLACEMENT_3D('',#291,#292,#293);
#295=CYLINDRICAL_SURFACE('',#294,1.95);
#296=CARTESIAN_POINT('',(-33.4219719,185.563202896,-206.5));
#297=VERTEX_POINT('',#296);
#298=CARTESIAN_POINT('',(-33.4219719,185.563202896,-200.3));
#299=VERTEX_POINT('',#298);
#300=CARTESIAN_POINT('',(-33.4219719,185.563202896,-206.5));
#301=DIRECTION('',(-0.,-0.,1.));
#302=VECTOR('',#301,6.2);
#303=LINE('',#300,#302);
#304=EDGE_CURVE('',#297,#299,#303,.T.);
#305=ORIENTED_EDGE('',*,*,#304,.F.);
#306=CARTESIAN_POINT('',(-32.776261631,187.012798804,-206.5));
#307=VERTEX_POINT('',#306);
#308=CARTESIAN_POINT('',(-31.4719719,185.563202896,-206.5));
#309=DIRECTION('',(-0.,-0.,-1.));
#310=DIRECTION('',(1.,0.,-0.));
#311=AXIS2_PLACEMENT_3D('',#308,#309,#310);
#312=CIRCLE('',#311,1.95);
#313=EDGE_CURVE('',#297,#307,#312,.T.);
#314=ORIENTED_EDGE('',*,*,#313,.T.);
#315=CARTESIAN_POINT('',(-32.776261631,187.012798804,-200.3));
#316=VERTEX_POINT('',#315);
#317=CARTESIAN_POINT('',(-32.776261631,187.012798804,-200.3));
#318=DIRECTION('',(0.,0.,-1.));
#319=VECTOR('',#318,6.2);
#320=LINE('',#317,#319);
#321=EDGE_CURVE('',#316,#307,#320,.T.);
#322=ORIENTED_EDGE('',*,*,#321,.F.);
#323=CARTESIAN_POINT('',(-31.4719719,185.563202896,-200.3));
#324=DIRECTION('',(0.,0.,1.));
#325=DIRECTION('',(1.,0.,-0.));
#326=AXIS2_PLACEMENT_3D('',#323,#324,#325);
#327=CIRCLE('',#326,1.95);
#328=EDGE_CURVE('',#316,#299,#327,.T.);
#329=ORIENTED_EDGE('',*,*,#328,.T.);
#330=EDGE_LOOP('',(#305,#314,#322,#329));
#331=FACE_BOUND('',#330,.T.);
#332=ADVANCED_FACE('',(#331),#295,.F.);
#333=CARTESIAN_POINT('',(-33.225341879,187.374440615,-199.8));
#334=DIRECTION('',(0.,0.,-1.));
#335=DIRECTION('',(-1.,0.,0.));
#336=AXIS2_PLACEMENT_3D('',#333,#334,#335);
#337=CYLINDRICAL_SURFACE('',#336,0.576591596);
#338=ORIENTED_EDGE('',*,*,#321,.T.);
#339=CARTESIAN_POINT('',(-32.648750283,187.374440615,-206.5));
#340=VERTEX_POINT('',#339);
#341=CARTESIAN_POINT('',(-33.225341879,187.374440615,-206.5));
#342=DIRECTION('',(0.,0.,1.));
#343=DIRECTION('',(1.,0.,-0.));
#344=AXIS2_PLACEMENT_3D('',#341,#342,#343);
#345=CIRCLE('',#344,0.576591596);
#346=EDGE_CURVE('',#307,#340,#345,.T.);
#347=ORIENTED_EDGE('',*,*,#346,.T.);
#348=CARTESIAN_POINT('',(-33.718053759,187.673928298,-206.5));
#349=VERTEX_POINT('',#348);
#350=CARTESIAN_POINT('',(-33.225341879,187.374440615,-206.5));
#351=DIRECTION('',(0.,0.,1.));
#352=DIRECTION('',(1.,0.,-0.));
#353=AXIS2_PLACEMENT_3D('',#350,#351,#352);
#354=CIRCLE('',#353,0.576591596);
#355=EDGE_CURVE('',#340,#349,#354,.T.);
#356=ORIENTED_EDGE('',*,*,#355,.T.);
#357=CARTESIAN_POINT('',(-33.718053759,187.673928298,-200.3));
#358=VERTEX_POINT('',#357);
#359=CARTESIAN_POINT('',(-33.718053759,187.673928298,-200.3));
#360=DIRECTION('',(0.,0.,-1.));
#361=VECTOR('',#360,6.2);
#362=LINE('',#359,#361);
#363=EDGE_CURVE('',#358,#349,#362,.T.);
#364=ORIENTED_EDGE('',*,*,#363,.F.);
#365=CARTESIAN_POINT('',(-32.648750283,187.374440615,-200.3));
#366=VERTEX_POINT('',#365);
#367=CARTESIAN_POINT('',(-33.225341879,187.374440615,-200.3));
#368=DIRECTION('',(-0.,-0.,-1.));
#369=DIRECTION('',(1.,0.,-0.));
#370=AXIS2_PLACEMENT_3D('',#367,#368,#369);
#371=CIRCLE('',#370,0.576591596);
#372=EDGE_CURVE('',#358,#366,#371,.T.);
#373=ORIENTED_EDGE('',*,*,#372,.T.);
#374=CARTESIAN_POINT('',(-33.225341879,187.374440615,-200.3));
#375=DIRECTION('',(-0.,-0.,-1.));
#376=DIRECTION('',(1.,0.,-0.));
#377=AXIS2_PLACEMENT_3D('',#374,#375,#376);
#378=CIRCLE('',#377,0.576591596);
#379=EDGE_CURVE('',#366,#316,#378,.T.);
#380=ORIENTED_EDGE('',*,*,#379,.T.);
#381=EDGE_LOOP('',(#338,#347,#356,#364,#373,#380));
#382=FACE_BOUND('',#381,.T.);
#383=ADVANCED_FACE('',(#382),#337,.T.);
#384=CARTESIAN_POINT('',(-30.811290362,185.907094838,-199.8));
#385=DIRECTION('',(0.,0.,-1.));
#386=DIRECTION('',(-1.,0.,0.));
#387=AXIS2_PLACEMENT_3D('',#384,#385,#386);
#388=CYLINDRICAL_SURFACE('',#387,3.401613429);
#389=ORIENTED_EDGE('',*,*,#363,.T.);
#390=CARTESIAN_POINT('',(-34.20437939,186.147762178,-206.5));
#391=VERTEX_POINT('',#390);
#392=CARTESIAN_POINT('',(-30.811290362,185.907094838,-206.5));
#393=DIRECTION('',(0.,0.,1.));
#394=DIRECTION('',(1.,0.,-0.));
#395=AXIS2_PLACEMENT_3D('',#392,#393,#394);
#396=CIRCLE('',#395,3.401613429);
#397=EDGE_CURVE('',#349,#391,#396,.T.);
#398=ORIENTED_EDGE('',*,*,#397,.T.);
#399=CARTESIAN_POINT('',(-34.20437939,186.147762178,-200.3));
#400=VERTEX_POINT('',#399);
#401=CARTESIAN_POINT('',(-34.20437939,186.147762178,-200.3));
#402=DIRECTION('',(0.,0.,-1.));
#403=VECTOR('',#402,6.2);
#404=LINE('',#401,#403);
#405=EDGE_CURVE('',#400,#391,#404,.T.);
#406=ORIENTED_EDGE('',*,*,#405,.F.);
#407=CARTESIAN_POINT('',(-30.811290362,185.907094838,-200.3));
#408=DIRECTION('',(-0.,-0.,-1.));
#409=DIRECTION('',(1.,0.,-0.));
#410=AXIS2_PLACEMENT_3D('',#407,#408,#409);
#411=CIRCLE('',#410,3.401613429);
#412=EDGE_CURVE('',#400,#358,#411,.T.);
#413=ORIENTED_EDGE('',*,*,#412,.T.);
#414=EDGE_LOOP('',(#389,#398,#406,#413));
#415=FACE_BOUND('',#414,.T.);
#416=ADVANCED_FACE('',(#415),#388,.T.);
#417=CARTESIAN_POINT('',(-34.592670318,180.673377132,-199.8));
#418=DIRECTION('',(-0.997494012,0.070750938,0.));
#419=DIRECTION('',(-0.070750938,-0.997494012,0.));
#420=AXIS2_PLACEMENT_3D('',#417,#418,#419);
#421=PLANE('',#420);
#422=ORIENTED_EDGE('',*,*,#405,.T.);
#423=CARTESIAN_POINT('',(-34.602364225,180.536705949,-206.5));
#424=VERTEX_POINT('',#423);
#425=CARTESIAN_POINT('',(-34.20437939,186.147762178,-206.5));
#426=DIRECTION('',(-0.070750938,-0.997494012,-0.));
#427=VECTOR('',#426,5.625152792);
#428=LINE('',#425,#427);
#429=EDGE_CURVE('',#391,#424,#428,.T.);
#430=ORIENTED_EDGE('',*,*,#429,.T.);
#431=CARTESIAN_POINT('',(-34.602364225,180.536705949,-200.3));
#432=VERTEX_POINT('',#431);
#433=CARTESIAN_POINT('',(-34.602364225,180.536705949,-200.3));
#434=DIRECTION('',(0.,0.,-1.));
#435=VECTOR('',#434,6.2);
#436=LINE('',#433,#435);
#437=EDGE_CURVE('',#432,#424,#436,.T.);
#438=ORIENTED_EDGE('',*,*,#437,.F.);
#439=CARTESIAN_POINT('',(-34.602364225,180.536705949,-200.3));
#440=DIRECTION('',(0.070750938,0.997494012,0.));
#441=VECTOR('',#440,5.625152792);
#442=LINE('',#439,#441);
#443=EDGE_CURVE('',#432,#400,#442,.T.);
#444=ORIENTED_EDGE('',*,*,#443,.T.);
#445=EDGE_LOOP('',(#422,#430,#438,#444));
#446=FACE_BOUND('',#445,.T.);
#447=ADVANCED_FACE('',(#446),#421,.T.);
#448=CARTESIAN_POINT('',(-31.4719719,180.4520301,-199.8));
#449=DIRECTION('',(0.,0.,-1.));
#450=DIRECTION('',(-1.,0.,0.));
#451=AXIS2_PLACEMENT_3D('',#448,#449,#450);
#452=CYLINDRICAL_SURFACE('',#451,1.97);
#453=CARTESIAN_POINT('',(-33.4419719,180.4520301,-206.5));
#454=VERTEX_POINT('',#453);
#455=CARTESIAN_POINT('',(-33.4419719,180.4520301,-200.3));
#456=VERTEX_POINT('',#455);
#457=CARTESIAN_POINT('',(-33.4419719,180.4520301,-206.5));
#458=DIRECTION('',(-0.,-0.,1.));
#459=VECTOR('',#458,6.2);
#460=LINE('',#457,#459);
#461=EDGE_CURVE('',#454,#456,#460,.T.);
#462=ORIENTED_EDGE('',*,*,#461,.F.);
#463=CARTESIAN_POINT('',(-29.5019719,180.4520301,-206.5));
#464=VERTEX_POINT('',#463);
#465=CARTESIAN_POINT('',(-31.4719719,180.4520301,-206.5));
#466=DIRECTION('',(-0.,-0.,-1.));
#467=DIRECTION('',(1.,0.,-0.));
#468=AXIS2_PLACEMENT_3D('',#465,#466,#467);
#469=CIRCLE('',#468,1.97);
#470=EDGE_CURVE('',#454,#464,#469,.T.);
#471=ORIENTED_EDGE('',*,*,#470,.T.);
#472=CARTESIAN_POINT('',(-31.4719719,180.4520301,-206.5));
#473=DIRECTION('',(-0.,-0.,-1.));
#474=DIRECTION('',(1.,0.,-0.));
#475=AXIS2_PLACEMENT_3D('',#472,#473,#474);
#476=CIRCLE('',#475,1.97);
#477=EDGE_CURVE('',#464,#454,#476,.T.);
#478=ORIENTED_EDGE('',*,*,#477,.T.);
#479=ORIENTED_EDGE('',*,*,#461,.T.);
#480=CARTESIAN_POINT('',(-29.5019719,180.4520301,-200.3));
#481=VERTEX_POINT('',#480);
#482=CARTESIAN_POINT('',(-31.4719719,180.4520301,-200.3));
#483=DIRECTION('',(0.,0.,1.));
#484=DIRECTION('',(1.,0.,-0.));
#485=AXIS2_PLACEMENT_3D('',#482,#483,#484);
#486=CIRCLE('',#485,1.97);
#487=EDGE_CURVE('',#456,#481,#486,.T.);
#488=ORIENTED_EDGE('',*,*,#487,.T.);
#489=CARTESIAN_POINT('',(-31.4719719,180.4520301,-200.3));
#490=DIRECTION('',(0.,0.,1.));
#491=DIRECTION('',(1.,0.,-0.));
#492=AXIS2_PLACEMENT_3D('',#489,#490,#491);
#493=CIRCLE('',#492,1.97);
#494=EDGE_CURVE('',#481,#456,#493,.T.);
#495=ORIENTED_EDGE('',*,*,#494,.T.);
#496=EDGE_LOOP('',(#462,#471,#478,#479,#488,#495));
#497=FACE_BOUND('',#496,.T.);
#498=ADVANCED_FACE('',(#497),#452,.F.);
#499=CARTESIAN_POINT('',(-31.4719719,180.4520301,-199.8));
#500=DIRECTION('',(0.,0.,-1.));
#501=DIRECTION('',(-1.,0.,0.));
#502=AXIS2_PLACEMENT_3D('',#499,#500,#501);
#503=CYLINDRICAL_SURFACE('',#502,3.131537339);
#504=CARTESIAN_POINT('',(-34.603509239,180.4520301,-206.5));
#505=VERTEX_POINT('',#504);
#506=CARTESIAN_POINT('',(-34.603509239,180.4520301,-200.3));
#507=VERTEX_POINT('',#506);
#508=CARTESIAN_POINT('',(-34.603509239,180.4520301,-206.5));
#509=DIRECTION('',(-0.,-0.,1.));
#510=VECTOR('',#509,6.2);
#511=LINE('',#508,#510);
#512=EDGE_CURVE('',#505,#507,#511,.T.);
#513=ORIENTED_EDGE('',*,*,#512,.T.);
#514=CARTESIAN_POINT('',(-31.4719719,180.4520301,-200.3));
#515=DIRECTION('',(-0.,-0.,-1.));
#516=DIRECTION('',(1.,0.,-0.));
#517=AXIS2_PLACEMENT_3D('',#514,#515,#516);
#518=CIRCLE('',#517,3.131537339);
#519=EDGE_CURVE('',#507,#432,#518,.T.);
#520=ORIENTED_EDGE('',*,*,#519,.T.);
#521=ORIENTED_EDGE('',*,*,#437,.T.);
#522=CARTESIAN_POINT('',(-31.4719719,180.4520301,-206.5));
#523=DIRECTION('',(0.,0.,1.));
#524=DIRECTION('',(1.,0.,-0.));
#525=AXIS2_PLACEMENT_3D('',#522,#523,#524);
#526=CIRCLE('',#525,3.131537339);
#527=EDGE_CURVE('',#424,#505,#526,.T.);
#528=ORIENTED_EDGE('',*,*,#527,.T.);
#529=EDGE_LOOP('',(#513,#520,#521,#528));
#530=FACE_BOUND('',#529,.T.);
#531=ADVANCED_FACE('',(#530),#503,.T.);
#532=CARTESIAN_POINT('',(-90.718053759,69.173928298,-199.8));
#533=DIRECTION('',(0.,0.,1.));
#534=DIRECTION('',(0.,1.,0.));
#535=AXIS2_PLACEMENT_3D('',#532,#533,#534);
#536=PLANE('',#535);
#537=CARTESIAN_POINT('',(-29.0019719,180.4520301,-199.8));
#538=VERTEX_POINT('',#537);
#539=CARTESIAN_POINT('',(-31.4719719,180.4520301,-199.8));
#540=DIRECTION('',(-0.,-0.,-1.));
#541=DIRECTION('',(1.,0.,-0.));
#542=AXIS2_PLACEMENT_3D('',#539,#540,#541);
#543=CIRCLE('',#542,2.47);
#544=EDGE_CURVE('',#538,#538,#543,.T.);
#545=ORIENTED_EDGE('',*,*,#544,.T.);
#546=EDGE_LOOP('',(#545));
#547=FACE_BOUND('',#546,.T.);
#548=CARTESIAN_POINT('',(-33.798957469,184.796627286,-199.8));
#549=VERTEX_POINT('',#548);
#550=CARTESIAN_POINT('',(-34.102809286,180.512721255,-199.8));
#551=VERTEX_POINT('',#550);
#552=CARTESIAN_POINT('',(-33.798957469,184.796627286,-199.8));
#553=DIRECTION('',(-0.070750938,-0.997494012,-0.));
#554=VECTOR('',#553,4.294668417);
#555=LINE('',#552,#554);
#556=EDGE_CURVE('',#549,#551,#555,.T.);
#557=ORIENTED_EDGE('',*,*,#556,.T.);
#558=CARTESIAN_POINT('',(-28.840434561,180.4520301,-199.8));
#559=VERTEX_POINT('',#558);
#560=CARTESIAN_POINT('',(-31.4719719,180.4520301,-199.8));
#561=DIRECTION('',(0.,0.,1.));
#562=DIRECTION('',(1.,0.,-0.));
#563=AXIS2_PLACEMENT_3D('',#560,#561,#562);
#564=CIRCLE('',#563,2.631537339);
#565=EDGE_CURVE('',#551,#559,#564,.T.);
#566=ORIENTED_EDGE('',*,*,#565,.T.);
#567=CARTESIAN_POINT('',(-28.841134515,180.512721255,-199.8));
#568=VERTEX_POINT('',#567);
#569=CARTESIAN_POINT('',(-31.4719719,180.4520301,-199.8));
#570=DIRECTION('',(0.,0.,1.));
#571=DIRECTION('',(1.,0.,-0.));
#572=AXIS2_PLACEMENT_3D('',#569,#570,#571);
#573=CIRCLE('',#572,2.631537339);
#574=EDGE_CURVE('',#559,#568,#573,.T.);
#575=ORIENTED_EDGE('',*,*,#574,.T.);
#576=CARTESIAN_POINT('',(-29.144986332,184.796627286,-199.8));
#577=VERTEX_POINT('',#576);
#578=CARTESIAN_POINT('',(-28.841134515,180.512721255,-199.8));
#579=DIRECTION('',(-0.070750938,0.997494012,0.));
#580=VECTOR('',#579,4.294668417);
#581=LINE('',#578,#580);
#582=EDGE_CURVE('',#568,#577,#581,.T.);
#583=ORIENTED_EDGE('',*,*,#582,.T.);
#584=CARTESIAN_POINT('',(-31.4719719,185.563202896,-199.8));
#585=DIRECTION('',(-0.,-0.,-1.));
#586=DIRECTION('',(1.,0.,-0.));
#587=AXIS2_PLACEMENT_3D('',#584,#585,#586);
#588=CIRCLE('',#587,2.45);
#589=EDGE_CURVE('',#577,#549,#588,.T.);
#590=ORIENTED_EDGE('',*,*,#589,.T.);
#591=EDGE_LOOP('',(#557,#566,#575,#583,#590));
#592=FACE_BOUND('',#591,.T.);
#593=ADVANCED_FACE('',(#547,#592),#536,.T.);
#594=CARTESIAN_POINT('',(-90.718053759,69.173928298,-207.));
#595=DIRECTION('',(0.,0.,1.));
#596=DIRECTION('',(0.,1.,0.));
#597=AXIS2_PLACEMENT_3D('',#594,#595,#596);
#598=PLANE('',#597);
#599=CARTESIAN_POINT('',(-29.0019719,180.4520301,-207.));
#600=VERTEX_POINT('',#599);
#601=CARTESIAN_POINT('',(-31.4719719,180.4520301,-207.));
#602=DIRECTION('',(0.,0.,1.));
#603=DIRECTION('',(1.,0.,-0.));
#604=AXIS2_PLACEMENT_3D('',#601,#602,#603);
#605=CIRCLE('',#604,2.47);
#606=EDGE_CURVE('',#600,#600,#605,.T.);
#607=ORIENTED_EDGE('',*,*,#606,.T.);
#608=EDGE_LOOP('',(#607));
#609=FACE_BOUND('',#608,.T.);
#610=CARTESIAN_POINT('',(-29.144986332,184.796627286,-207.));
#611=VERTEX_POINT('',#610);
#612=CARTESIAN_POINT('',(-28.841134515,180.512721255,-207.));
#613=VERTEX_POINT('',#612);
#614=CARTESIAN_POINT('',(-29.144986332,184.796627286,-207.));
#615=DIRECTION('',(0.070750938,-0.997494012,-0.));
#616=VECTOR('',#615,4.294668417);
#617=LINE('',#614,#616);
#618=EDGE_CURVE('',#611,#613,#617,.T.);
#619=ORIENTED_EDGE('',*,*,#618,.T.);
#620=CARTESIAN_POINT('',(-28.840434561,180.4520301,-207.));
#621=VERTEX_POINT('',#620);
#622=CARTESIAN_POINT('',(-31.4719719,180.4520301,-207.));
#623=DIRECTION('',(-0.,-0.,-1.));
#624=DIRECTION('',(1.,0.,-0.));
#625=AXIS2_PLACEMENT_3D('',#622,#623,#624);
#626=CIRCLE('',#625,2.631537339);
#627=EDGE_CURVE('',#613,#621,#626,.T.);
#628=ORIENTED_EDGE('',*,*,#627,.T.);
#629=CARTESIAN_POINT('',(-34.102809286,180.512721255,-207.));
#630=VERTEX_POINT('',#629);
#631=CARTESIAN_POINT('',(-31.4719719,180.4520301,-207.));
#632=DIRECTION('',(-0.,-0.,-1.));
#633=DIRECTION('',(1.,0.,-0.));
#634=AXIS2_PLACEMENT_3D('',#631,#632,#633);
#635=CIRCLE('',#634,2.631537339);
#636=EDGE_CURVE('',#621,#630,#635,.T.);
#637=ORIENTED_EDGE('',*,*,#636,.T.);
#638=CARTESIAN_POINT('',(-33.798957469,184.796627286,-207.));
#639=VERTEX_POINT('',#638);
#640=CARTESIAN_POINT('',(-34.102809286,180.512721255,-207.));
#641=DIRECTION('',(0.070750938,0.997494012,0.));
#642=VECTOR('',#641,4.294668417);
#643=LINE('',#640,#642);
#644=EDGE_CURVE('',#630,#639,#643,.T.);
#645=ORIENTED_EDGE('',*,*,#644,.T.);
#646=CARTESIAN_POINT('',(-31.4719719,185.563202896,-207.));
#647=DIRECTION('',(0.,0.,1.));
#648=DIRECTION('',(1.,0.,-0.));
#649=AXIS2_PLACEMENT_3D('',#646,#647,#648);
#650=CIRCLE('',#649,2.45);
#651=EDGE_CURVE('',#639,#611,#650,.T.);
#652=ORIENTED_EDGE('',*,*,#651,.T.);
#653=EDGE_LOOP('',(#619,#628,#637,#645,#652));
#654=FACE_BOUND('',#653,.T.);
#655=ADVANCED_FACE('',(#609,#654),#598,.F.);
#656=CARTESIAN_POINT('',(-31.4719719,180.4520301,-200.3));
#657=DIRECTION('',(0.,0.,1.));
#658=DIRECTION('',(1.,0.,-0.));
#659=AXIS2_PLACEMENT_3D('',#656,#657,#658);
#660=TOROIDAL_SURFACE('',#659,2.47,0.5);
#661=CARTESIAN_POINT('',(-29.0019719,180.4520301,-200.3));
#662=DIRECTION('',(-0.,1.,-0.));
#663=DIRECTION('',(1.,0.,0.));
#664=AXIS2_PLACEMENT_3D('',#661,#662,#663);
#665=CIRCLE('',#664,0.5);
#666=EDGE_CURVE('',#481,#538,#665,.T.);
#667=ORIENTED_EDGE('',*,*,#666,.T.);
#668=ORIENTED_EDGE('',*,*,#544,.F.);
#669=ORIENTED_EDGE('',*,*,#666,.F.);
#670=ORIENTED_EDGE('',*,*,#487,.F.);
#671=ORIENTED_EDGE('',*,*,#494,.F.);
#672=EDGE_LOOP('',(#667,#668,#669,#670,#671));
#673=FACE_BOUND('',#672,.T.);
#674=ADVANCED_FACE('',(#673),#660,.T.);
#675=CARTESIAN_POINT('',(-33.225341879,187.374440615,-200.3));
#676=DIRECTION('',(0.,0.,1.));
#677=DIRECTION('',(1.,0.,-0.));
#678=AXIS2_PLACEMENT_3D('',#675,#676,#677);
#679=DEGENERATE_TOROIDAL_SURFACE('',#678,0.076591596,0.5,.T.);
#680=CARTESIAN_POINT('',(-33.148750283,187.374440615,-200.3));
#681=DIRECTION('',(-0.,1.,-0.));
#682=DIRECTION('',(1.,0.,0.));
#683=AXIS2_PLACEMENT_3D('',#680,#681,#682);
#684=CIRCLE('',#683,0.5);
#685=EDGE_CURVE('',#167,#366,#684,.T.);
#686=ORIENTED_EDGE('',*,*,#685,.T.);
#687=ORIENTED_EDGE('',*,*,#372,.F.);
#688=CARTESIAN_POINT('',(-33.290791306,187.414223088,-200.3));
#689=DIRECTION('',(-0.51941042,-0.854524906,0.));
#690=DIRECTION('',(0.854524906,-0.51941042,0.));
#691=AXIS2_PLACEMENT_3D('',#688,#689,#690);
#692=CIRCLE('',#691,0.5);
#693=EDGE_CURVE('',#147,#358,#692,.T.);
#694=ORIENTED_EDGE('',*,*,#693,.F.);
#695=ORIENTED_EDGE('',*,*,#180,.F.);
#696=EDGE_LOOP('',(#686,#687,#694,#695));
#697=FACE_BOUND('',#696,.T.);
#698=ADVANCED_FACE('',(#697),#679,.T.);
#699=CARTESIAN_POINT('',(-29.718601921,187.374440615,-200.3));
#700=DIRECTION('',(0.,0.,1.));
#701=DIRECTION('',(1.,0.,-0.));
#702=AXIS2_PLACEMENT_3D('',#699,#700,#701);
#703=DEGENERATE_TOROIDAL_SURFACE('',#702,0.076591596,0.5,.T.);
#704=CARTESIAN_POINT('',(-29.653152495,187.414223088,-200.3));
#705=DIRECTION('',(0.51941042,-0.854524906,0.));
#706=DIRECTION('',(0.854524906,0.51941042,0.));
#707=AXIS2_PLACEMENT_3D('',#704,#705,#706);
#708=CIRCLE('',#707,0.5);
#709=EDGE_CURVE('',#241,#123,#708,.T.);
#710=ORIENTED_EDGE('',*,*,#709,.F.);
#711=ORIENTED_EDGE('',*,*,#278,.F.);
#712=CARTESIAN_POINT('',(-30.16768217,187.012798804,-200.3));
#713=VERTEX_POINT('',#712);
#714=CARTESIAN_POINT('',(-29.718601921,187.374440615,-200.3));
#715=DIRECTION('',(-0.,-0.,-1.));
#716=DIRECTION('',(1.,0.,-0.));
#717=AXIS2_PLACEMENT_3D('',#714,#715,#716);
#718=CIRCLE('',#717,0.576591596);
#719=EDGE_CURVE('',#713,#266,#718,.T.);
#720=ORIENTED_EDGE('',*,*,#719,.F.);
#721=CARTESIAN_POINT('',(-29.788563437,187.343269171,-199.8));
#722=CARTESIAN_POINT('',(-29.842479198,187.304716296,-199.8));
#723=CARTESIAN_POINT('',(-29.892698636,187.261835645,-199.813014951));
#724=CARTESIAN_POINT('',(-29.938321933,187.222205857,-199.837800741));
#725=CARTESIAN_POINT('',(-29.98394523,187.182576069,-199.862586532));
#726=CARTESIAN_POINT('',(-30.025523962,187.144893579,-199.899717491));
#727=CARTESIAN_POINT('',(-30.05973542,187.113500222,-199.945793173));
#728=CARTESIAN_POINT('',(-30.093946877,187.082106865,-199.991868854));
#729=CARTESIAN_POINT('',(-30.121287051,187.056503573,-200.047400154));
#730=CARTESIAN_POINT('',(-30.139723639,187.039174115,-200.108056517));
#731=CARTESIAN_POINT('',(-30.158160227,187.021844656,-200.168712881));
#732=CARTESIAN_POINT('',(-30.16768217,187.012798804,-200.233741598));
#733=CARTESIAN_POINT('',(-30.16768217,187.012798804,-200.3));
#734=B_SPLINE_CURVE_WITH_KNOTS('',3,(#721,#722,#723,#724,#725,#726,#727,#728,#729,#730,#731,#732,#733),.UNSPECIFIED.,.F.,.F.,(4,3,3,3,4),(0.,0.000195951,0.000391903,0.000587854,0.000783805),.UNSPECIFIED.);
#735=EDGE_CURVE('',#112,#713,#734,.T.);
#736=ORIENTED_EDGE('',*,*,#735,.F.);
#737=ORIENTED_EDGE('',*,*,#136,.F.);
#738=EDGE_LOOP('',(#710,#711,#720,#736,#737));
#739=FACE_BOUND('',#738,.T.);
#740=ADVANCED_FACE('',(#739),#703,.T.);
#741=CARTESIAN_POINT('',(-30.811290362,185.907094838,-200.3));
#742=DIRECTION('',(0.,0.,1.));
#743=DIRECTION('',(1.,0.,-0.));
#744=AXIS2_PLACEMENT_3D('',#741,#742,#743);
#745=TOROIDAL_SURFACE('',#744,2.901613429,0.5);
#746=CARTESIAN_POINT('',(-33.780880093,186.11772393,-199.805723462));
#747=VERTEX_POINT('',#746);
#748=CARTESIAN_POINT('',(-33.55365972,186.855130069,-199.8));
#749=CARTESIAN_POINT('',(-33.58177423,186.795774866,-199.8));
#750=CARTESIAN_POINT('',(-33.607208617,186.737094056,-199.80015588));
#751=CARTESIAN_POINT('',(-33.630618633,186.676998134,-199.800438995));
#752=CARTESIAN_POINT('',(-33.654028649,186.616902211,-199.80072211));
#753=CARTESIAN_POINT('',(-33.675197975,186.556123817,-199.801132388));
#754=CARTESIAN_POINT('',(-33.694140835,186.494667082,-199.801643454));
#755=CARTESIAN_POINT('',(-33.732026557,186.371753611,-199.802665587));
#756=CARTESIAN_POINT('',(-33.761047181,186.246139225,-199.804092581));
#757=CARTESIAN_POINT('',(-33.780880094,186.11772393,-199.805723456));
#758=B_SPLINE_CURVE_WITH_KNOTS('',3,(#748,#749,#750,#751,#752,#753,#754,#755,#756,#757),.UNSPECIFIED.,.F.,.F.,(4,3,3,4),(-0.000009518,0.000183417,0.000376352,0.000762222),.UNSPECIFIED.);
#759=EDGE_CURVE('',#149,#747,#758,.T.);
#760=ORIENTED_EDGE('',*,*,#759,.F.);
#761=ORIENTED_EDGE('',*,*,#155,.F.);
#762=ORIENTED_EDGE('',*,*,#693,.T.);
#763=ORIENTED_EDGE('',*,*,#412,.F.);
#764=CARTESIAN_POINT('',(-33.705632384,186.112386709,-200.3));
#765=DIRECTION('',(-0.070750938,-0.997494012,0.));
#766=DIRECTION('',(0.997494012,-0.070750938,0.));
#767=AXIS2_PLACEMENT_3D('',#764,#765,#766);
#768=CIRCLE('',#767,0.5);
#769=EDGE_CURVE('',#747,#400,#768,.T.);
#770=ORIENTED_EDGE('',*,*,#769,.F.);
#771=EDGE_LOOP('',(#760,#761,#762,#763,#770));
#772=FACE_BOUND('',#771,.T.);
#773=ADVANCED_FACE('',(#772),#745,.T.);
#774=CARTESIAN_POINT('',(-31.4719719,185.563202896,-200.3));
#775=DIRECTION('',(0.,0.,1.));
#776=DIRECTION('',(1.,0.,-0.));
#777=AXIS2_PLACEMENT_3D('',#774,#775,#776);
#778=TOROIDAL_SURFACE('',#777,2.45,0.5);
#779=CARTESIAN_POINT('',(-29.5219719,185.563202896,-200.3));
#780=VERTEX_POINT('',#779);
#781=CARTESIAN_POINT('',(-29.110554235,185.563202871,-199.807868995));
#782=VERTEX_POINT('',#781);
#783=CARTESIAN_POINT('',(-29.0219719,185.563202896,-200.3));
#784=DIRECTION('',(-0.,1.,-0.));
#785=DIRECTION('',(1.,0.,0.));
#786=AXIS2_PLACEMENT_3D('',#783,#784,#785);
#787=CIRCLE('',#786,0.5);
#788=EDGE_CURVE('',#780,#782,#787,.T.);
#789=ORIENTED_EDGE('',*,*,#788,.T.);
#790=CARTESIAN_POINT('',(-29.163063708,186.11772393,-199.805723462));
#791=VERTEX_POINT('',#790);
#792=CARTESIAN_POINT('',(-29.163063708,186.11772393,-199.805723462));
#793=CARTESIAN_POINT('',(-29.129260371,185.898885658,-199.808506534));
#794=CARTESIAN_POINT('',(-29.110948261,185.67922545,-199.809210314));
#795=CARTESIAN_POINT('',(-29.108008967,185.458751374,-199.807060661));
#796=CARTESIAN_POINT('',(-29.105069673,185.238277298,-199.804911008));
#797=CARTESIAN_POINT('',(-29.117803874,185.016535104,-199.8));
#798=CARTESIAN_POINT('',(-29.144986332,184.796627286,-199.8));
#799=B_SPLINE_CURVE_WITH_KNOTS('',3,(#792,#793,#794,#795,#796,#797,#798),.UNSPECIFIED.,.F.,.F.,(4,3,4),(0.000030449,0.000691414,0.001352379),.UNSPECIFIED.);
#800=EDGE_CURVE('',#791,#782,#799,.T.);
#801=ORIENTED_EDGE('',*,*,#800,.F.);
#802=CARTESIAN_POINT('',(-29.390284081,186.855130069,-199.8));
#803=CARTESIAN_POINT('',(-29.362169571,186.795774866,-199.8));
#804=CARTESIAN_POINT('',(-29.336735183,186.737094056,-199.80015588));
#805=CARTESIAN_POINT('',(-29.313325167,186.676998134,-199.800438995));
#806=CARTESIAN_POINT('',(-29.289915151,186.616902211,-199.80072211));
#807=CARTESIAN_POINT('',(-29.268745826,186.556123817,-199.801132388));
#808=CARTESIAN_POINT('',(-29.249802965,186.494667082,-199.801643454));
#809=CARTESIAN_POINT('',(-29.211917244,186.371753611,-199.802665587));
#810=CARTESIAN_POINT('',(-29.182896619,186.246139225,-199.804092581));
#811=CARTESIAN_POINT('',(-29.163063706,186.11772393,-199.805723456));
#812=B_SPLINE_CURVE_WITH_KNOTS('',3,(#802,#803,#804,#805,#806,#807,#808,#809,#810,#811),.UNSPECIFIED.,.F.,.F.,(4,3,3,4),(-0.000009518,0.000183417,0.000376352,0.000762222),.UNSPECIFIED.);
#813=EDGE_CURVE('',#114,#791,#812,.T.);
#814=ORIENTED_EDGE('',*,*,#813,.F.);
#815=ORIENTED_EDGE('',*,*,#120,.F.);
#816=ORIENTED_EDGE('',*,*,#735,.T.);
#817=CARTESIAN_POINT('',(-31.4719719,185.563202896,-200.3));
#818=DIRECTION('',(0.,0.,1.));
#819=DIRECTION('',(1.,0.,-0.));
#820=AXIS2_PLACEMENT_3D('',#817,#818,#819);
#821=CIRCLE('',#820,1.95);
#822=EDGE_CURVE('',#780,#713,#821,.T.);
#823=ORIENTED_EDGE('',*,*,#822,.F.);
#824=EDGE_LOOP('',(#789,#801,#814,#815,#816,#823));
#825=FACE_BOUND('',#824,.T.);
#826=ADVANCED_FACE('',(#825),#778,.T.);
#827=CARTESIAN_POINT('',(-32.132653438,185.907094838,-200.3));
#828=DIRECTION('',(0.,0.,1.));
#829=DIRECTION('',(1.,0.,-0.));
#830=AXIS2_PLACEMENT_3D('',#827,#828,#829);
#831=TOROIDAL_SURFACE('',#830,2.901613429,0.5);
#832=ORIENTED_EDGE('',*,*,#129,.F.);
#833=ORIENTED_EDGE('',*,*,#813,.T.);
#834=CARTESIAN_POINT('',(-29.238311416,186.112386709,-200.3));
#835=DIRECTION('',(0.070750938,-0.997494012,0.));
#836=DIRECTION('',(0.997494012,0.070750938,0.));
#837=AXIS2_PLACEMENT_3D('',#834,#835,#836);
#838=CIRCLE('',#837,0.5);
#839=EDGE_CURVE('',#209,#791,#838,.T.);
#840=ORIENTED_EDGE('',*,*,#839,.F.);
#841=ORIENTED_EDGE('',*,*,#253,.F.);
#842=ORIENTED_EDGE('',*,*,#709,.T.);
#843=EDGE_LOOP('',(#832,#833,#840,#841,#842));
#844=FACE_BOUND('',#843,.T.);
#845=ADVANCED_FACE('',(#844),#831,.T.);
#846=CARTESIAN_POINT('',(-34.093923311,180.638001663,-200.3));
#847=DIRECTION('',(0.070750938,0.997494012,0.));
#848=DIRECTION('',(-0.997494012,0.070750938,0.));
#849=AXIS2_PLACEMENT_3D('',#846,#847,#848);
#850=CYLINDRICAL_SURFACE('',#849,0.5);
#851=ORIENTED_EDGE('',*,*,#769,.T.);
#852=ORIENTED_EDGE('',*,*,#443,.F.);
#853=CARTESIAN_POINT('',(-34.102809286,180.512721255,-199.8));
#854=CARTESIAN_POINT('',(-34.234700002,180.518925186,-199.8));
#855=CARTESIAN_POINT('',(-34.364174221,180.525130053,-199.854390406));
#856=CARTESIAN_POINT('',(-34.456229016,180.529588686,-199.946620756));
#857=CARTESIAN_POINT('',(-34.502256414,180.531818003,-199.992735931));
#858=CARTESIAN_POINT('',(-34.539313535,180.533624549,-200.048170807));
#859=CARTESIAN_POINT('',(-34.564351767,180.534847194,-200.108686111));
#860=CARTESIAN_POINT('',(-34.589389998,180.536069838,-200.169201416));
#861=CARTESIAN_POINT('',(-34.602364225,180.536705949,-200.233981247));
#862=CARTESIAN_POINT('',(-34.602364225,180.536705949,-200.3));
#863=B_SPLINE_CURVE_WITH_KNOTS('',3,(#853,#854,#855,#856,#857,#858,#859,#860,#861,#862),.UNSPECIFIED.,.F.,.F.,(4,3,3,4),(0.,0.00039049,0.000585735,0.00078098),.UNSPECIFIED.);
#864=EDGE_CURVE('',#551,#432,#863,.T.);
#865=ORIENTED_EDGE('',*,*,#864,.F.);
#866=ORIENTED_EDGE('',*,*,#556,.F.);
#867=CARTESIAN_POINT('',(-33.798957469,184.796627286,-199.8));
#868=CARTESIAN_POINT('',(-33.826139602,185.016535144,-199.8));
#869=CARTESIAN_POINT('',(-33.838874128,185.238277298,-199.804911008));
#870=CARTESIAN_POINT('',(-33.835934834,185.458751374,-199.807060661));
#871=CARTESIAN_POINT('',(-33.83299554,185.67922545,-199.809210314));
#872=CARTESIAN_POINT('',(-33.814683429,185.898885658,-199.808506534));
#873=CARTESIAN_POINT('',(-33.780880093,186.11772393,-199.805723462));
#874=B_SPLINE_CURVE_WITH_KNOTS('',3,(#867,#868,#869,#870,#871,#872,#873),.UNSPECIFIED.,.F.,.F.,(4,3,4),(0.000030449,0.000691414,0.001352379),.UNSPECIFIED.);
#875=EDGE_CURVE('',#549,#747,#874,.T.);
#876=ORIENTED_EDGE('',*,*,#875,.T.);
#877=EDGE_LOOP('',(#851,#852,#865,#866,#876));
#878=FACE_BOUND('',#877,.T.);
#879=ADVANCED_FACE('',(#878),#850,.T.);
#880=CARTESIAN_POINT('',(-21.293287989,74.098135575,-200.3));
#881=DIRECTION('',(0.070750938,-0.997494012,0.));
#882=DIRECTION('',(0.997494012,0.070750938,0.));
#883=AXIS2_PLACEMENT_3D('',#880,#881,#882);
#884=CYLINDRICAL_SURFACE('',#883,0.5);
#885=ORIENTED_EDGE('',*,*,#800,.T.);
#886=CARTESIAN_POINT('',(-29.163063708,186.11772393,-199.805723462));
#887=CARTESIAN_POINT('',(-29.129260371,185.898885658,-199.808506534));
#888=CARTESIAN_POINT('',(-29.110948261,185.67922545,-199.809210314));
#889=CARTESIAN_POINT('',(-29.108008967,185.458751374,-199.807060661));
#890=CARTESIAN_POINT('',(-29.105069673,185.238277298,-199.804911008));
#891=CARTESIAN_POINT('',(-29.117803874,185.016535104,-199.8));
#892=CARTESIAN_POINT('',(-29.144986332,184.796627286,-199.8));
#893=B_SPLINE_CURVE_WITH_KNOTS('',3,(#886,#887,#888,#889,#890,#891,#892),.UNSPECIFIED.,.F.,.F.,(4,3,4),(0.000030449,0.000691414,0.001352379),.UNSPECIFIED.);
#894=EDGE_CURVE('',#782,#577,#893,.T.);
#895=ORIENTED_EDGE('',*,*,#894,.T.);
#896=ORIENTED_EDGE('',*,*,#582,.F.);
#897=CARTESIAN_POINT('',(-28.341579576,180.536705949,-200.3));
#898=CARTESIAN_POINT('',(-28.341579576,180.536705949,-200.233981247));
#899=CARTESIAN_POINT('',(-28.354553802,180.536069838,-200.169201416));
#900=CARTESIAN_POINT('',(-28.379592034,180.534847194,-200.108686111));
#901=CARTESIAN_POINT('',(-28.404630266,180.533624549,-200.048170807));
#902=CARTESIAN_POINT('',(-28.441687387,180.531818003,-199.992735931));
#903=CARTESIAN_POINT('',(-28.487714784,180.529588686,-199.946620756));
#904=CARTESIAN_POINT('',(-28.57976958,180.525130053,-199.854390406));
#905=CARTESIAN_POINT('',(-28.709243552,180.518919931,-199.8));
#906=CARTESIAN_POINT('',(-28.841134515,180.512721255,-199.8));
#907=B_SPLINE_CURVE_WITH_KNOTS('',3,(#897,#898,#899,#900,#901,#902,#903,#904,#905,#906),.UNSPECIFIED.,.F.,.F.,(4,3,3,4),(0.,0.000195245,0.00039049,0.00078098),.UNSPECIFIED.);
#908=EDGE_CURVE('',#191,#568,#907,.T.);
#909=ORIENTED_EDGE('',*,*,#908,.F.);
#910=ORIENTED_EDGE('',*,*,#220,.F.);
#911=ORIENTED_EDGE('',*,*,#839,.T.);
#912=EDGE_LOOP('',(#885,#895,#896,#909,#910,#911));
#913=FACE_BOUND('',#912,.T.);
#914=ADVANCED_FACE('',(#913),#884,.T.);
#915=CARTESIAN_POINT('',(-31.4719719,180.4520301,-200.3));
#916=DIRECTION('',(0.,0.,1.));
#917=DIRECTION('',(1.,0.,-0.));
#918=AXIS2_PLACEMENT_3D('',#915,#916,#917);
#919=TOROIDAL_SURFACE('',#918,2.631537339,0.5);
#920=CARTESIAN_POINT('',(-28.340434561,180.4520301,-200.3));
#921=VERTEX_POINT('',#920);
#922=CARTESIAN_POINT('',(-28.840434561,180.4520301,-200.3));
#923=DIRECTION('',(-0.,1.,-0.));
#924=DIRECTION('',(1.,0.,0.));
#925=AXIS2_PLACEMENT_3D('',#922,#923,#924);
#926=CIRCLE('',#925,0.5);
#927=EDGE_CURVE('',#559,#921,#926,.T.);
#928=ORIENTED_EDGE('',*,*,#927,.T.);
#929=CARTESIAN_POINT('',(-31.4719719,180.4520301,-200.3));
#930=DIRECTION('',(-0.,-0.,-1.));
#931=DIRECTION('',(1.,0.,-0.));
#932=AXIS2_PLACEMENT_3D('',#929,#930,#931);
#933=CIRCLE('',#932,3.131537339);
#934=EDGE_CURVE('',#191,#921,#933,.T.);
#935=ORIENTED_EDGE('',*,*,#934,.F.);
#936=ORIENTED_EDGE('',*,*,#908,.T.);
#937=ORIENTED_EDGE('',*,*,#574,.F.);
#938=EDGE_LOOP('',(#928,#935,#936,#937));
#939=FACE_BOUND('',#938,.T.);
#940=ADVANCED_FACE('',(#939),#919,.T.);
#941=CARTESIAN_POINT('',(-31.4719719,180.4520301,-206.5));
#942=DIRECTION('',(0.,0.,1.));
#943=DIRECTION('',(1.,0.,-0.));
#944=AXIS2_PLACEMENT_3D('',#941,#942,#943);
#945=TOROIDAL_SURFACE('',#944,2.47,0.5);
#946=CARTESIAN_POINT('',(-29.0019719,180.4520301,-206.5));
#947=DIRECTION('',(-0.,1.,-0.));
#948=DIRECTION('',(1.,0.,0.));
#949=AXIS2_PLACEMENT_3D('',#946,#947,#948);
#950=CIRCLE('',#949,0.5);
#951=EDGE_CURVE('',#600,#464,#950,.T.);
#952=ORIENTED_EDGE('',*,*,#951,.T.);
#953=ORIENTED_EDGE('',*,*,#470,.F.);
#954=ORIENTED_EDGE('',*,*,#477,.F.);
#955=ORIENTED_EDGE('',*,*,#951,.F.);
#956=ORIENTED_EDGE('',*,*,#606,.F.);
#957=EDGE_LOOP('',(#952,#953,#954,#955,#956));
#958=FACE_BOUND('',#957,.T.);
#959=ADVANCED_FACE('',(#958),#945,.T.);
#960=CARTESIAN_POINT('',(-29.718601921,187.374440615,-206.5));
#961=DIRECTION('',(0.,0.,1.));
#962=DIRECTION('',(1.,0.,-0.));
#963=AXIS2_PLACEMENT_3D('',#960,#961,#962);
#964=DEGENERATE_TOROIDAL_SURFACE('',#963,0.076591596,0.5,.T.);
#965=CARTESIAN_POINT('',(-30.16768217,187.012798804,-206.5));
#966=VERTEX_POINT('',#965);
#967=CARTESIAN_POINT('',(-30.16768217,187.012798804,-206.5));
#968=CARTESIAN_POINT('',(-30.16768217,187.012798804,-206.566258402));
#969=CARTESIAN_POINT('',(-30.158160227,187.021844656,-206.631287119));
#970=CARTESIAN_POINT('',(-30.139723639,187.039174115,-206.691943483));
#971=CARTESIAN_POINT('',(-30.121287051,187.056503573,-206.752599846));
#972=CARTESIAN_POINT('',(-30.093946877,187.082106865,-206.808131146));
#973=CARTESIAN_POINT('',(-30.05973542,187.113500222,-206.854206827));
#974=CARTESIAN_POINT('',(-30.025523962,187.144893579,-206.900282509));
#975=CARTESIAN_POINT('',(-29.98394523,187.182576069,-206.937413468));
#976=CARTESIAN_POINT('',(-29.938321933,187.222205857,-206.962199259));
#977=CARTESIAN_POINT('',(-29.892698636,187.261835645,-206.986985049));
#978=CARTESIAN_POINT('',(-29.842477774,187.304714304,-207.));
#979=CARTESIAN_POINT('',(-29.788563437,187.343269171,-207.));
#980=B_SPLINE_CURVE_WITH_KNOTS('',3,(#967,#968,#969,#970,#971,#972,#973,#974,#975,#976,#977,#978,#979),.UNSPECIFIED.,.F.,.F.,(4,3,3,3,4),(0.,0.000195951,0.000391903,0.000587854,0.000783805),.UNSPECIFIED.);
#981=EDGE_CURVE('',#966,#33,#980,.T.);
#982=ORIENTED_EDGE('',*,*,#981,.F.);
#983=CARTESIAN_POINT('',(-29.718601921,187.374440615,-206.5));
#984=DIRECTION('',(0.,0.,1.));
#985=DIRECTION('',(1.,0.,-0.));
#986=AXIS2_PLACEMENT_3D('',#983,#984,#985);
#987=CIRCLE('',#986,0.576591596);
#988=EDGE_CURVE('',#264,#966,#987,.T.);
#989=ORIENTED_EDGE('',*,*,#988,.F.);
#990=ORIENTED_EDGE('',*,*,#286,.F.);
#991=CARTESIAN_POINT('',(-29.653152495,187.414223088,-206.5));
#992=DIRECTION('',(0.51941042,-0.854524906,0.));
#993=DIRECTION('',(0.854524906,0.51941042,0.));
#994=AXIS2_PLACEMENT_3D('',#991,#992,#993);
#995=CIRCLE('',#994,0.5);
#996=EDGE_CURVE('',#35,#232,#995,.T.);
#997=ORIENTED_EDGE('',*,*,#996,.F.);
#998=ORIENTED_EDGE('',*,*,#41,.F.);
#999=EDGE_LOOP('',(#982,#989,#990,#997,#998));
#1000=FACE_BOUND('',#999,.T.);
#1001=ADVANCED_FACE('',(#1000),#964,.T.);
#1002=CARTESIAN_POINT('',(-33.225341879,187.374440615,-206.5));
#1003=DIRECTION('',(0.,0.,1.));
#1004=DIRECTION('',(1.,0.,-0.));
#1005=AXIS2_PLACEMENT_3D('',#1002,#1003,#1004);
#1006=DEGENERATE_TOROIDAL_SURFACE('',#1005,0.076591596,0.5,.T.);
#1007=CARTESIAN_POINT('',(-33.148750283,187.374440615,-206.5));
#1008=DIRECTION('',(-0.,1.,-0.));
#1009=DIRECTION('',(1.,0.,0.));
#1010=AXIS2_PLACEMENT_3D('',#1007,#1008,#1009);
#1011=CIRCLE('',#1010,0.5);
#1012=EDGE_CURVE('',#340,#70,#1011,.T.);
#1013=ORIENTED_EDGE('',*,*,#1012,.T.);
#1014=ORIENTED_EDGE('',*,*,#76,.F.);
#1015=CARTESIAN_POINT('',(-33.290791306,187.414223088,-206.5));
#1016=DIRECTION('',(-0.51941042,-0.854524906,0.));
#1017=DIRECTION('',(0.854524906,-0.51941042,0.));
#1018=AXIS2_PLACEMENT_3D('',#1015,#1016,#1017);
#1019=CIRCLE('',#1018,0.5);
#1020=EDGE_CURVE('',#349,#68,#1019,.T.);
#1021=ORIENTED_EDGE('',*,*,#1020,.F.);
#1022=ORIENTED_EDGE('',*,*,#355,.F.);
#1023=EDGE_LOOP('',(#1013,#1014,#1021,#1022));
#1024=FACE_BOUND('',#1023,.T.);
#1025=ADVANCED_FACE('',(#1024),#1006,.T.);
#1026=CARTESIAN_POINT('',(-30.811290362,185.907094838,-206.5));
#1027=DIRECTION('',(0.,0.,1.));
#1028=DIRECTION('',(1.,0.,-0.));
#1029=AXIS2_PLACEMENT_3D('',#1026,#1027,#1028);
#1030=TOROIDAL_SURFACE('',#1029,2.901613429,0.5);
#1031=ORIENTED_EDGE('',*,*,#1020,.T.);
#1032=ORIENTED_EDGE('',*,*,#101,.F.);
#1033=CARTESIAN_POINT('',(-33.780880093,186.11772393,-206.994276538));
#1034=VERTEX_POINT('',#1033);
#1035=CARTESIAN_POINT('',(-33.780880094,186.11772393,-206.994276544));
#1036=CARTESIAN_POINT('',(-33.74121938,186.374521422,-206.997537873));
#1037=CARTESIAN_POINT('',(-33.664928304,186.620220305,-207.));
#1038=CARTESIAN_POINT('',(-33.55365972,186.855130069,-207.));
#1039=B_SPLINE_CURVE_WITH_KNOTS('',3,(#1035,#1036,#1037,#1038),.UNSPECIFIED.,.F.,.F.,(4,4),(0.000005544,0.000777185),.UNSPECIFIED.);
#1040=EDGE_CURVE('',#1034,#88,#1039,.T.);
#1041=ORIENTED_EDGE('',*,*,#1040,.F.);
#1042=CARTESIAN_POINT('',(-33.705632384,186.112386709,-206.5));
#1043=DIRECTION('',(-0.070750938,-0.997494012,0.));
#1044=DIRECTION('',(0.997494012,-0.070750938,0.));
#1045=AXIS2_PLACEMENT_3D('',#1042,#1043,#1044);
#1046=CIRCLE('',#1045,0.5);
#1047=EDGE_CURVE('',#391,#1034,#1046,.T.);
#1048=ORIENTED_EDGE('',*,*,#1047,.F.);
#1049=ORIENTED_EDGE('',*,*,#397,.F.);
#1050=EDGE_LOOP('',(#1031,#1032,#1041,#1048,#1049));
#1051=FACE_BOUND('',#1050,.T.);
#1052=ADVANCED_FACE('',(#1051),#1030,.T.);
#1053=CARTESIAN_POINT('',(-32.132653438,185.907094838,-206.5));
#1054=DIRECTION('',(0.,0.,1.));
#1055=DIRECTION('',(1.,0.,-0.));
#1056=AXIS2_PLACEMENT_3D('',#1053,#1054,#1055);
#1057=TOROIDAL_SURFACE('',#1056,2.901613429,0.5);
#1058=CARTESIAN_POINT('',(-29.163063708,186.11772393,-206.994276538));
#1059=VERTEX_POINT('',#1058);
#1060=CARTESIAN_POINT('',(-29.390284081,186.855130069,-207.));
#1061=CARTESIAN_POINT('',(-29.279015381,186.620220359,-207.));
#1062=CARTESIAN_POINT('',(-29.202724421,186.374521422,-206.997537873));
#1063=CARTESIAN_POINT('',(-29.163063706,186.11772393,-206.994276544));
#1064=B_SPLINE_CURVE_WITH_KNOTS('',3,(#1060,#1061,#1062,#1063),.UNSPECIFIED.,.F.,.F.,(4,4),(0.000005544,0.000777185),.UNSPECIFIED.);
#1065=EDGE_CURVE('',#44,#1059,#1064,.T.);
#1066=ORIENTED_EDGE('',*,*,#1065,.F.);
#1067=ORIENTED_EDGE('',*,*,#50,.F.);
#1068=ORIENTED_EDGE('',*,*,#996,.T.);
#1069=ORIENTED_EDGE('',*,*,#238,.F.);
#1070=CARTESIAN_POINT('',(-29.238311416,186.112386709,-206.5));
#1071=DIRECTION('',(0.070750938,-0.997494012,0.));
#1072=DIRECTION('',(0.997494012,0.070750938,0.));
#1073=AXIS2_PLACEMENT_3D('',#1070,#1071,#1072);
#1074=CIRCLE('',#1073,0.5);
#1075=EDGE_CURVE('',#1059,#201,#1074,.T.);
#1076=ORIENTED_EDGE('',*,*,#1075,.F.);
#1077=EDGE_LOOP('',(#1066,#1067,#1068,#1069,#1076));
#1078=FACE_BOUND('',#1077,.T.);
#1079=ADVANCED_FACE('',(#1078),#1057,.T.);
#1080=CARTESIAN_POINT('',(-31.4719719,185.563202896,-206.5));
#1081=DIRECTION('',(0.,0.,1.));
#1082=DIRECTION('',(1.,0.,-0.));
#1083=AXIS2_PLACEMENT_3D('',#1080,#1081,#1082);
#1084=TOROIDAL_SURFACE('',#1083,2.45,0.5);
#1085=CARTESIAN_POINT('',(-29.110563464,185.563202866,-206.992133914));
#1086=VERTEX_POINT('',#1085);
#1087=CARTESIAN_POINT('',(-29.5219719,185.563202896,-206.5));
#1088=VERTEX_POINT('',#1087);
#1089=CARTESIAN_POINT('',(-29.0219719,185.563202896,-206.5));
#1090=DIRECTION('',(-0.,1.,-0.));
#1091=DIRECTION('',(1.,0.,0.));
#1092=AXIS2_PLACEMENT_3D('',#1089,#1090,#1091);
#1093=CIRCLE('',#1092,0.5);
#1094=EDGE_CURVE('',#1086,#1088,#1093,.T.);
#1095=ORIENTED_EDGE('',*,*,#1094,.T.);
#1096=CARTESIAN_POINT('',(-31.4719719,185.563202896,-206.5));
#1097=DIRECTION('',(-0.,-0.,-1.));
#1098=DIRECTION('',(1.,0.,-0.));
#1099=AXIS2_PLACEMENT_3D('',#1096,#1097,#1098);
#1100=CIRCLE('',#1099,1.95);
#1101=EDGE_CURVE('',#966,#1088,#1100,.T.);
#1102=ORIENTED_EDGE('',*,*,#1101,.F.);
#1103=ORIENTED_EDGE('',*,*,#981,.T.);
#1104=ORIENTED_EDGE('',*,*,#57,.F.);
#1105=ORIENTED_EDGE('',*,*,#1065,.T.);
#1106=CARTESIAN_POINT('',(-29.144986332,184.796627286,-207.));
#1107=CARTESIAN_POINT('',(-29.131323184,184.907163691,-207.));
#1108=CARTESIAN_POINT('',(-29.121353352,185.016531741,-206.998663041));
#1109=CARTESIAN_POINT('',(-29.115164483,185.126600167,-206.997173143));
#1110=CARTESIAN_POINT('',(-29.108975615,185.236668592,-206.995683245));
#1111=CARTESIAN_POINT('',(-29.106556161,185.346804709,-206.994036202));
#1112=CARTESIAN_POINT('',(-29.107986155,185.457015983,-206.992956319));
#1113=CARTESIAN_POINT('',(-29.110846144,185.67743853,-206.990796554));
#1114=CARTESIAN_POINT('',(-29.129245271,185.898787885,-206.991492172));
#1115=CARTESIAN_POINT('',(-29.163063708,186.11772393,-206.994276538));
#1116=B_SPLINE_CURVE_WITH_KNOTS('',3,(#1106,#1107,#1108,#1109,#1110,#1111,#1112,#1113,#1114,#1115),.UNSPECIFIED.,.F.,.F.,(4,3,3,4),(-0.000007261,0.000323254,0.000653769,0.0013148),.UNSPECIFIED.);
#1117=EDGE_CURVE('',#1086,#1059,#1116,.T.);
#1118=ORIENTED_EDGE('',*,*,#1117,.F.);
#1119=EDGE_LOOP('',(#1095,#1102,#1103,#1104,#1105,#1118));
#1120=FACE_BOUND('',#1119,.T.);
#1121=ADVANCED_FACE('',(#1120),#1084,.T.);
#1122=CARTESIAN_POINT('',(-42.243791464,65.735712664,-206.5));
#1123=DIRECTION('',(-0.070750938,-0.997494012,0.));
#1124=DIRECTION('',(0.997494012,-0.070750938,0.));
#1125=AXIS2_PLACEMENT_3D('',#1122,#1123,#1124);
#1126=CYLINDRICAL_SURFACE('',#1125,0.5);
#1127=CARTESIAN_POINT('',(-33.780880093,186.11772393,-206.994276538));
#1128=CARTESIAN_POINT('',(-33.81469853,185.898787885,-206.991492172));
#1129=CARTESIAN_POINT('',(-33.833097657,185.67743853,-206.990796554));
#1130=CARTESIAN_POINT('',(-33.835957645,185.457015983,-206.992956319));
#1131=CARTESIAN_POINT('',(-33.838817634,185.236593436,-206.995116084));
#1132=CARTESIAN_POINT('',(-33.826283763,185.017700095,-207.));
#1133=CARTESIAN_POINT('',(-33.798957469,184.796627286,-207.));
#1134=B_SPLINE_CURVE_WITH_KNOTS('',3,(#1127,#1128,#1129,#1130,#1131,#1132,#1133),.UNSPECIFIED.,.F.,.F.,(4,3,4),(-0.000007261,0.000653769,0.0013148),.UNSPECIFIED.);
#1135=EDGE_CURVE('',#1034,#639,#1134,.T.);
#1136=ORIENTED_EDGE('',*,*,#1135,.T.);
#1137=ORIENTED_EDGE('',*,*,#644,.F.);
#1138=CARTESIAN_POINT('',(-34.602364225,180.536705949,-206.5));
#1139=CARTESIAN_POINT('',(-34.602364225,180.536705949,-206.566018753));
#1140=CARTESIAN_POINT('',(-34.589389998,180.536069838,-206.630798584));
#1141=CARTESIAN_POINT('',(-34.564351767,180.534847194,-206.691313889));
#1142=CARTESIAN_POINT('',(-34.539313535,180.533624549,-206.751829193));
#1143=CARTESIAN_POINT('',(-34.502256414,180.531818003,-206.807264069));
#1144=CARTESIAN_POINT('',(-34.456229016,180.529588686,-206.853379244));
#1145=CARTESIAN_POINT('',(-34.364174221,180.525130053,-206.945609594));
#1146=CARTESIAN_POINT('',(-34.234700249,180.518919931,-207.));
#1147=CARTESIAN_POINT('',(-34.102809286,180.512721255,-207.));
#1148=B_SPLINE_CURVE_WITH_KNOTS('',3,(#1138,#1139,#1140,#1141,#1142,#1143,#1144,#1145,#1146,#1147),.UNSPECIFIED.,.F.,.F.,(4,3,3,4),(0.,0.000195245,0.00039049,0.00078098),.UNSPECIFIED.);
#1149=EDGE_CURVE('',#424,#630,#1148,.T.);
#1150=ORIENTED_EDGE('',*,*,#1149,.F.);
#1151=ORIENTED_EDGE('',*,*,#429,.F.);
#1152=ORIENTED_EDGE('',*,*,#1047,.T.);
#1153=EDGE_LOOP('',(#1136,#1137,#1150,#1151,#1152));
#1154=FACE_BOUND('',#1153,.T.);
#1155=ADVANCED_FACE('',(#1154),#1126,.T.);
#1156=CARTESIAN_POINT('',(-28.850020489,180.638001663,-206.5));
#1157=DIRECTION('',(-0.070750938,0.997494012,0.));
#1158=DIRECTION('',(-0.997494012,-0.070750938,0.));
#1159=AXIS2_PLACEMENT_3D('',#1156,#1157,#1158);
#1160=CYLINDRICAL_SURFACE('',#1159,0.5);
#1161=ORIENTED_EDGE('',*,*,#1075,.T.);
#1162=ORIENTED_EDGE('',*,*,#206,.F.);
#1163=CARTESIAN_POINT('',(-28.841134515,180.512721255,-207.));
#1164=CARTESIAN_POINT('',(-28.709243799,180.518925186,-207.));
#1165=CARTESIAN_POINT('',(-28.57976958,180.525130053,-206.945609594));
#1166=CARTESIAN_POINT('',(-28.487714784,180.529588686,-206.853379244));
#1167=CARTESIAN_POINT('',(-28.441687387,180.531818003,-206.807264069));
#1168=CARTESIAN_POINT('',(-28.404630266,180.533624549,-206.751829193));
#1169=CARTESIAN_POINT('',(-28.379592034,180.534847194,-206.691313889));
#1170=CARTESIAN_POINT('',(-28.354553802,180.536069838,-206.630798584));
#1171=CARTESIAN_POINT('',(-28.341579576,180.536705949,-206.566018753));
#1172=CARTESIAN_POINT('',(-28.341579576,180.536705949,-206.5));
#1173=B_SPLINE_CURVE_WITH_KNOTS('',3,(#1163,#1164,#1165,#1166,#1167,#1168,#1169,#1170,#1171,#1172),.UNSPECIFIED.,.F.,.F.,(4,3,3,4),(0.,0.00039049,0.000585735,0.00078098),.UNSPECIFIED.);
#1174=EDGE_CURVE('',#613,#193,#1173,.T.);
#1175=ORIENTED_EDGE('',*,*,#1174,.F.);
#1176=ORIENTED_EDGE('',*,*,#618,.F.);
#1177=CARTESIAN_POINT('',(-29.144986332,184.796627286,-207.));
#1178=CARTESIAN_POINT('',(-29.131323184,184.907163691,-207.));
#1179=CARTESIAN_POINT('',(-29.121353352,185.016531741,-206.998663041));
#1180=CARTESIAN_POINT('',(-29.115164483,185.126600167,-206.997173143));
#1181=CARTESIAN_POINT('',(-29.108975615,185.236668592,-206.995683245));
#1182=CARTESIAN_POINT('',(-29.106556161,185.346804709,-206.994036202));
#1183=CARTESIAN_POINT('',(-29.107986155,185.457015983,-206.992956319));
#1184=CARTESIAN_POINT('',(-29.110846144,185.67743853,-206.990796554));
#1185=CARTESIAN_POINT('',(-29.129245271,185.898787885,-206.991492172));
#1186=CARTESIAN_POINT('',(-29.163063708,186.11772393,-206.994276538));
#1187=B_SPLINE_CURVE_WITH_KNOTS('',3,(#1177,#1178,#1179,#1180,#1181,#1182,#1183,#1184,#1185,#1186),.UNSPECIFIED.,.F.,.F.,(4,3,3,4),(-0.000007261,0.000323254,0.000653769,0.0013148),.UNSPECIFIED.);
#1188=EDGE_CURVE('',#611,#1086,#1187,.T.);
#1189=ORIENTED_EDGE('',*,*,#1188,.T.);
#1190=ORIENTED_EDGE('',*,*,#1117,.T.);
#1191=EDGE_LOOP('',(#1161,#1162,#1175,#1176,#1189,#1190));
#1192=FACE_BOUND('',#1191,.T.);
#1193=ADVANCED_FACE('',(#1192),#1160,.T.);
#1194=CARTESIAN_POINT('',(-31.4719719,180.4520301,-206.5));
#1195=DIRECTION('',(0.,0.,1.));
#1196=DIRECTION('',(1.,0.,-0.));
#1197=AXIS2_PLACEMENT_3D('',#1194,#1195,#1196);
#1198=TOROIDAL_SURFACE('',#1197,2.631537339,0.5);
#1199=CARTESIAN_POINT('',(-28.340434561,180.4520301,-206.5));
#1200=VERTEX_POINT('',#1199);
#1201=CARTESIAN_POINT('',(-28.840434561,180.4520301,-206.5));
#1202=DIRECTION('',(-0.,1.,-0.));
#1203=DIRECTION('',(1.,0.,0.));
#1204=AXIS2_PLACEMENT_3D('',#1201,#1202,#1203);
#1205=CIRCLE('',#1204,0.5);
#1206=EDGE_CURVE('',#1200,#621,#1205,.T.);
#1207=ORIENTED_EDGE('',*,*,#1206,.T.);
#1208=ORIENTED_EDGE('',*,*,#627,.F.);
#1209=ORIENTED_EDGE('',*,*,#1174,.T.);
#1210=CARTESIAN_POINT('',(-31.4719719,180.4520301,-206.5));
#1211=DIRECTION('',(0.,0.,1.));
#1212=DIRECTION('',(1.,0.,-0.));
#1213=AXIS2_PLACEMENT_3D('',#1210,#1211,#1212);
#1214=CIRCLE('',#1213,3.131537339);
#1215=EDGE_CURVE('',#1200,#193,#1214,.T.);
#1216=ORIENTED_EDGE('',*,*,#1215,.F.);
#1217=EDGE_LOOP('',(#1207,#1208,#1209,#1216));
#1218=FACE_BOUND('',#1217,.T.);
#1219=ADVANCED_FACE('',(#1218),#1198,.T.);
#1220=CARTESIAN_POINT('',(-29.718601921,187.374440615,-199.8));
#1221=DIRECTION('',(0.,0.,-1.));
#1222=DIRECTION('',(-1.,0.,0.));
#1223=AXIS2_PLACEMENT_3D('',#1220,#1221,#1222);
#1224=CYLINDRICAL_SURFACE('',#1223,0.576591596);
#1225=ORIENTED_EDGE('',*,*,#271,.F.);
#1226=ORIENTED_EDGE('',*,*,#988,.T.);
#1227=CARTESIAN_POINT('',(-30.16768217,187.012798804,-200.3));
#1228=DIRECTION('',(0.,0.,-1.));
#1229=VECTOR('',#1228,6.2);
#1230=LINE('',#1227,#1229);
#1231=EDGE_CURVE('',#713,#966,#1230,.T.);
#1232=ORIENTED_EDGE('',*,*,#1231,.F.);
#1233=ORIENTED_EDGE('',*,*,#719,.T.);
#1234=EDGE_LOOP('',(#1225,#1226,#1232,#1233));
#1235=FACE_BOUND('',#1234,.T.);
#1236=ADVANCED_FACE('',(#1235),#1224,.T.);
#1237=CARTESIAN_POINT('',(-31.4719719,185.563202896,-199.8));
#1238=DIRECTION('',(0.,0.,-1.));
#1239=DIRECTION('',(-1.,0.,0.));
#1240=AXIS2_PLACEMENT_3D('',#1237,#1238,#1239);
#1241=CYLINDRICAL_SURFACE('',#1240,1.95);
#1242=ORIENTED_EDGE('',*,*,#304,.T.);
#1243=CARTESIAN_POINT('',(-31.4719719,185.563202896,-200.3));
#1244=DIRECTION('',(0.,0.,1.));
#1245=DIRECTION('',(1.,0.,-0.));
#1246=AXIS2_PLACEMENT_3D('',#1243,#1244,#1245);
#1247=CIRCLE('',#1246,1.95);
#1248=EDGE_CURVE('',#299,#780,#1247,.T.);
#1249=ORIENTED_EDGE('',*,*,#1248,.T.);
#1250=ORIENTED_EDGE('',*,*,#822,.T.);
#1251=ORIENTED_EDGE('',*,*,#1231,.T.);
#1252=ORIENTED_EDGE('',*,*,#1101,.T.);
#1253=CARTESIAN_POINT('',(-31.4719719,185.563202896,-206.5));
#1254=DIRECTION('',(-0.,-0.,-1.));
#1255=DIRECTION('',(1.,0.,-0.));
#1256=AXIS2_PLACEMENT_3D('',#1253,#1254,#1255);
#1257=CIRCLE('',#1256,1.95);
#1258=EDGE_CURVE('',#1088,#297,#1257,.T.);
#1259=ORIENTED_EDGE('',*,*,#1258,.T.);
#1260=EDGE_LOOP('',(#1242,#1249,#1250,#1251,#1252,#1259));
#1261=FACE_BOUND('',#1260,.T.);
#1262=ADVANCED_FACE('',(#1261),#1241,.F.);
#1263=CARTESIAN_POINT('',(-31.4719719,180.4520301,-199.8));
#1264=DIRECTION('',(0.,0.,-1.));
#1265=DIRECTION('',(-1.,0.,0.));
#1266=AXIS2_PLACEMENT_3D('',#1263,#1264,#1265);
#1267=CYLINDRICAL_SURFACE('',#1266,3.131537339);
#1268=ORIENTED_EDGE('',*,*,#512,.F.);
#1269=CARTESIAN_POINT('',(-31.4719719,180.4520301,-206.5));
#1270=DIRECTION('',(0.,0.,1.));
#1271=DIRECTION('',(1.,0.,-0.));
#1272=AXIS2_PLACEMENT_3D('',#1269,#1270,#1271);
#1273=CIRCLE('',#1272,3.131537339);
#1274=EDGE_CURVE('',#505,#1200,#1273,.T.);
#1275=ORIENTED_EDGE('',*,*,#1274,.T.);
#1276=ORIENTED_EDGE('',*,*,#1215,.T.);
#1277=ORIENTED_EDGE('',*,*,#198,.F.);
#1278=ORIENTED_EDGE('',*,*,#934,.T.);
#1279=CARTESIAN_POINT('',(-31.4719719,180.4520301,-200.3));
#1280=DIRECTION('',(-0.,-0.,-1.));
#1281=DIRECTION('',(1.,0.,-0.));
#1282=AXIS2_PLACEMENT_3D('',#1279,#1280,#1281);
#1283=CIRCLE('',#1282,3.131537339);
#1284=EDGE_CURVE('',#921,#507,#1283,.T.);
#1285=ORIENTED_EDGE('',*,*,#1284,.T.);
#1286=EDGE_LOOP('',(#1268,#1275,#1276,#1277,#1278,#1285));
#1287=FACE_BOUND('',#1286,.T.);
#1288=ADVANCED_FACE('',(#1287),#1267,.T.);
#1289=CARTESIAN_POINT('',(-33.225341879,187.374440615,-200.3));
#1290=DIRECTION('',(0.,0.,1.));
#1291=DIRECTION('',(1.,0.,-0.));
#1292=AXIS2_PLACEMENT_3D('',#1289,#1290,#1291);
#1293=DEGENERATE_TOROIDAL_SURFACE('',#1292,0.076591596,0.5,.T.);
#1294=ORIENTED_EDGE('',*,*,#685,.F.);
#1295=ORIENTED_EDGE('',*,*,#173,.F.);
#1296=CARTESIAN_POINT('',(-32.776261631,187.012798804,-200.3));
#1297=CARTESIAN_POINT('',(-32.776261631,187.012798804,-200.233741598));
#1298=CARTESIAN_POINT('',(-32.785783573,187.021844656,-200.168712881));
#1299=CARTESIAN_POINT('',(-32.804220162,187.039174115,-200.108056517));
#1300=CARTESIAN_POINT('',(-32.82265675,187.056503573,-200.047400154));
#1301=CARTESIAN_POINT('',(-32.849996923,187.082106865,-199.991868854));
#1302=CARTESIAN_POINT('',(-32.884208381,187.113500222,-199.945793173));
#1303=CARTESIAN_POINT('',(-32.918419838,187.144893579,-199.899717491));
#1304=CARTESIAN_POINT('',(-32.959998571,187.182576069,-199.862586532));
#1305=CARTESIAN_POINT('',(-33.005621867,187.222205857,-199.837800741));
#1306=CARTESIAN_POINT('',(-33.051245164,187.261835645,-199.813014951));
#1307=CARTESIAN_POINT('',(-33.101466027,187.304714304,-199.8));
#1308=CARTESIAN_POINT('',(-33.155380363,187.343269171,-199.8));
#1309=B_SPLINE_CURVE_WITH_KNOTS('',3,(#1296,#1297,#1298,#1299,#1300,#1301,#1302,#1303,#1304,#1305,#1306,#1307,#1308),.UNSPECIFIED.,.F.,.F.,(4,3,3,3,4),(0.,0.000195951,0.000391903,0.000587854,0.000783805),.UNSPECIFIED.);
#1310=EDGE_CURVE('',#316,#158,#1309,.T.);
#1311=ORIENTED_EDGE('',*,*,#1310,.F.);
#1312=ORIENTED_EDGE('',*,*,#379,.F.);
#1313=EDGE_LOOP('',(#1294,#1295,#1311,#1312));
#1314=FACE_BOUND('',#1313,.T.);
#1315=ADVANCED_FACE('',(#1314),#1293,.T.);
#1316=CARTESIAN_POINT('',(-31.4719719,185.563202896,-200.3));
#1317=DIRECTION('',(0.,0.,1.));
#1318=DIRECTION('',(1.,0.,-0.));
#1319=AXIS2_PLACEMENT_3D('',#1316,#1317,#1318);
#1320=TOROIDAL_SURFACE('',#1319,2.45,0.5);
#1321=ORIENTED_EDGE('',*,*,#788,.F.);
#1322=ORIENTED_EDGE('',*,*,#1248,.F.);
#1323=ORIENTED_EDGE('',*,*,#328,.F.);
#1324=ORIENTED_EDGE('',*,*,#1310,.T.);
#1325=ORIENTED_EDGE('',*,*,#164,.F.);
#1326=ORIENTED_EDGE('',*,*,#759,.T.);
#1327=ORIENTED_EDGE('',*,*,#875,.F.);
#1328=ORIENTED_EDGE('',*,*,#589,.F.);
#1329=ORIENTED_EDGE('',*,*,#894,.F.);
#1330=EDGE_LOOP('',(#1321,#1322,#1323,#1324,#1325,#1326,#1327,#1328,#1329));
#1331=FACE_BOUND('',#1330,.T.);
#1332=ADVANCED_FACE('',(#1331),#1320,.T.);
#1333=CARTESIAN_POINT('',(-31.4719719,180.4520301,-200.3));
#1334=DIRECTION('',(0.,0.,1.));
#1335=DIRECTION('',(1.,0.,-0.));
#1336=AXIS2_PLACEMENT_3D('',#1333,#1334,#1335);
#1337=TOROIDAL_SURFACE('',#1336,2.631537339,0.5);
#1338=ORIENTED_EDGE('',*,*,#927,.F.);
#1339=ORIENTED_EDGE('',*,*,#565,.F.);
#1340=ORIENTED_EDGE('',*,*,#864,.T.);
#1341=ORIENTED_EDGE('',*,*,#519,.F.);
#1342=ORIENTED_EDGE('',*,*,#1284,.F.);
#1343=EDGE_LOOP('',(#1338,#1339,#1340,#1341,#1342));
#1344=FACE_BOUND('',#1343,.T.);
#1345=ADVANCED_FACE('',(#1344),#1337,.T.);
#1346=CARTESIAN_POINT('',(-33.225341879,187.374440615,-206.5));
#1347=DIRECTION('',(0.,0.,1.));
#1348=DIRECTION('',(1.,0.,-0.));
#1349=AXIS2_PLACEMENT_3D('',#1346,#1347,#1348);
#1350=DEGENERATE_TOROIDAL_SURFACE('',#1349,0.076591596,0.5,.T.);
#1351=ORIENTED_EDGE('',*,*,#1012,.F.);
#1352=ORIENTED_EDGE('',*,*,#346,.F.);
#1353=CARTESIAN_POINT('',(-33.155380363,187.343269171,-207.));
#1354=CARTESIAN_POINT('',(-33.101464602,187.304716296,-207.));
#1355=CARTESIAN_POINT('',(-33.051245164,187.261835645,-206.986985049));
#1356=CARTESIAN_POINT('',(-33.005621867,187.222205857,-206.962199259));
#1357=CARTESIAN_POINT('',(-32.959998571,187.182576069,-206.937413468));
#1358=CARTESIAN_POINT('',(-32.918419838,187.144893579,-206.900282509));
#1359=CARTESIAN_POINT('',(-32.884208381,187.113500222,-206.854206827));
#1360=CARTESIAN_POINT('',(-32.849996923,187.082106865,-206.808131146));
#1361=CARTESIAN_POINT('',(-32.82265675,187.056503573,-206.752599846));
#1362=CARTESIAN_POINT('',(-32.804220162,187.039174115,-206.691943483));
#1363=CARTESIAN_POINT('',(-32.785783573,187.021844656,-206.631287119));
#1364=CARTESIAN_POINT('',(-32.776261631,187.012798804,-206.566258402));
#1365=CARTESIAN_POINT('',(-32.776261631,187.012798804,-206.5));
#1366=B_SPLINE_CURVE_WITH_KNOTS('',3,(#1353,#1354,#1355,#1356,#1357,#1358,#1359,#1360,#1361,#1362,#1363,#1364,#1365),.UNSPECIFIED.,.F.,.F.,(4,3,3,3,4),(0.,0.000195951,0.000391903,0.000587854,0.000783805),.UNSPECIFIED.);
#1367=EDGE_CURVE('',#79,#307,#1366,.T.);
#1368=ORIENTED_EDGE('',*,*,#1367,.F.);
#1369=ORIENTED_EDGE('',*,*,#85,.F.);
#1370=EDGE_LOOP('',(#1351,#1352,#1368,#1369));
#1371=FACE_BOUND('',#1370,.T.);
#1372=ADVANCED_FACE('',(#1371),#1350,.T.);
#1373=CARTESIAN_POINT('',(-31.4719719,185.563202896,-206.5));
#1374=DIRECTION('',(0.,0.,1.));
#1375=DIRECTION('',(1.,0.,-0.));
#1376=AXIS2_PLACEMENT_3D('',#1373,#1374,#1375);
#1377=TOROIDAL_SURFACE('',#1376,2.45,0.5);
#1378=ORIENTED_EDGE('',*,*,#1094,.F.);
#1379=ORIENTED_EDGE('',*,*,#1188,.F.);
#1380=ORIENTED_EDGE('',*,*,#651,.F.);
#1381=ORIENTED_EDGE('',*,*,#1135,.F.);
#1382=ORIENTED_EDGE('',*,*,#1040,.T.);
#1383=ORIENTED_EDGE('',*,*,#94,.F.);
#1384=ORIENTED_EDGE('',*,*,#1367,.T.);
#1385=ORIENTED_EDGE('',*,*,#313,.F.);
#1386=ORIENTED_EDGE('',*,*,#1258,.F.);
#1387=EDGE_LOOP('',(#1378,#1379,#1380,#1381,#1382,#1383,#1384,#1385,#1386));
#1388=FACE_BOUND('',#1387,.T.);
#1389=ADVANCED_FACE('',(#1388),#1377,.T.);
#1390=CARTESIAN_POINT('',(-31.4719719,180.4520301,-206.5));
#1391=DIRECTION('',(0.,0.,1.));
#1392=DIRECTION('',(1.,0.,-0.));
#1393=AXIS2_PLACEMENT_3D('',#1390,#1391,#1392);
#1394=TOROIDAL_SURFACE('',#1393,2.631537339,0.5);
#1395=ORIENTED_EDGE('',*,*,#1206,.F.);
#1396=ORIENTED_EDGE('',*,*,#1274,.F.);
#1397=ORIENTED_EDGE('',*,*,#527,.F.);
#1398=ORIENTED_EDGE('',*,*,#1149,.T.);
#1399=ORIENTED_EDGE('',*,*,#636,.F.);
#1400=EDGE_LOOP('',(#1395,#1396,#1397,#1398,#1399));
#1401=FACE_BOUND('',#1400,.T.);
#1402=ADVANCED_FACE('',(#1401),#1394,.T.);
#1403=CLOSED_SHELL('',(#61,#105,#140,#184,#224,#257,#290,#332,#383,#416,#447,#498,#531,#593,#655,#674,#698,#740,#773,#826,#845,#879,#914,#940,#959,#1001,
#1025,#1052,#1079,#1121,#1155,#1193,#1219,#1236,#1262,#1288,#1315,#1332,#1345,#1372,#1389,#1402));
#1404=MANIFOLD_SOLID_BREP('Body 10',#1403);
#1405=COLOUR_RGB('',0.078431375,0.078431375,0.086274512);
#1406=FILL_AREA_STYLE_COLOUR('',#1405);
#1407=FILL_AREA_STYLE('',(#1406));
#1408=SURFACE_STYLE_FILL_AREA(#1407);
#1409=SURFACE_SIDE_STYLE('',(#1408));
#1410=SURFACE_STYLE_USAGE(.BOTH.,#1409);
#1411=PRESENTATION_STYLE_ASSIGNMENT((#1410));
#26=STYLED_ITEM('',(#1411),#1404);
#1413=CARTESIAN_POINT('',(3.573158104,71.403213562,-133.955604664));
#1414=DIRECTION('',(0.57242438,0.819914474,0.008401394));
#1415=DIRECTION('',(0.004818846,0.006882026,-0.999964708));
#1416=AXIS2_PLACEMENT_3D('',#1413,#1414,#1415);
#1417=PLANE('',#1416);
#1418=CARTESIAN_POINT('',(2.872073635,71.903531892,-135.015));
#1419=VERTEX_POINT('',#1418);
#1420=CARTESIAN_POINT('',(3.860883044,71.213193288,-135.015));
#1421=VERTEX_POINT('',#1420);
#1422=CARTESIAN_POINT('',(2.872073635,71.903531892,-135.015));
#1423=DIRECTION('',(0.819943412,-0.572444583,0.));
#1424=VECTOR('',#1423,1.205948355);
#1425=LINE('',#1422,#1424);
#1426=EDGE_CURVE('',#1419,#1421,#1425,.T.);
#1427=ORIENTED_EDGE('',*,*,#1426,.F.);
#1428=CARTESIAN_POINT('',(2.874370984,71.903535119,-135.171843507));
#1429=VERTEX_POINT('',#1428);
#1430=CARTESIAN_POINT('',(2.872073635,71.903531892,-135.015));
#1431=DIRECTION('',(0.014645826,0.000020569,-0.999892744));
#1432=VECTOR('',#1431,0.156860332);
#1433=LINE('',#1430,#1432);
#1434=EDGE_CURVE('',#1419,#1429,#1433,.T.);
#1435=ORIENTED_EDGE('',*,*,#1434,.T.);
#1436=CARTESIAN_POINT('',(3.865208252,71.213199363,-135.310288475));
#1437=VERTEX_POINT('',#1436);
#1438=CARTESIAN_POINT('',(3.865208252,71.213199363,-135.310288475));
#1439=DIRECTION('',(-0.815155028,0.567934494,0.113897726));
#1440=VECTOR('',#1439,1.215520035);
#1441=LINE('',#1438,#1440);
#1442=EDGE_CURVE('',#1437,#1429,#1441,.T.);
#1443=ORIENTED_EDGE('',*,*,#1442,.F.);
#1444=CARTESIAN_POINT('',(3.860883044,71.213193288,-135.015));
#1445=DIRECTION('',(0.014645826,0.000020569,-0.999892744));
#1446=VECTOR('',#1445,0.29532015);
#1447=LINE('',#1444,#1446);
#1448=EDGE_CURVE('',#1421,#1437,#1447,.T.);
#1449=ORIENTED_EDGE('',*,*,#1448,.F.);
#1450=EDGE_LOOP('',(#1427,#1435,#1443,#1449));
#1451=FACE_BOUND('',#1450,.T.);
#1452=ADVANCED_FACE('',(#1451),#1417,.F.);
#1453=CARTESIAN_POINT('',(0.056119636,13.434085995,-139.015));
#1454=DIRECTION('',(0.,0.,1.));
#1455=DIRECTION('',(1.,0.,-0.));
#1456=AXIS2_PLACEMENT_3D('',#1453,#1454,#1455);
#1457=TOROIDAL_SURFACE('',#1456,57.965069673,4.);
#1458=CARTESIAN_POINT('',(17.840601905,71.232827202,-135.898857359));
#1459=VERTEX_POINT('',#1458);
#1460=CARTESIAN_POINT('',(4.681153066,71.214345322,-135.015));
#1461=VERTEX_POINT('',#1460);
#1462=CARTESIAN_POINT('',(17.840601905,71.232827202,-135.898857359));
#1463=CARTESIAN_POINT('',(17.301408433,71.232069928,-135.770652841));
#1464=CARTESIAN_POINT('',(16.759690939,71.231309109,-135.666786674));
#1465=CARTESIAN_POINT('',(16.216292948,71.23054593,-135.579125008));
#1466=CARTESIAN_POINT('',(15.672894958,71.229782751,-135.491463342));
#1467=CARTESIAN_POINT('',(15.127795919,71.229017182,-135.420204341));
#1468=CARTESIAN_POINT('',(14.581487566,71.228249916,-135.360606383));
#1469=CARTESIAN_POINT('',(13.48887086,71.226715383,-135.241410466));
#1470=CARTESIAN_POINT('',(12.391476955,71.22517414,-135.168279577));
#1471=CARTESIAN_POINT('',(11.291600949,71.223629412,-135.119082816));
#1472=CARTESIAN_POINT('',(10.191724942,71.222084683,-135.069886055));
#1473=CARTESIAN_POINT('',(9.089145841,71.220536158,-135.045114317));
#1474=CARTESIAN_POINT('',(7.98718462,71.218988501,-135.031375013));
#1475=CARTESIAN_POINT('',(6.885223398,71.217440844,-135.017635708));
#1476=CARTESIAN_POINT('',(5.783196077,71.215893094,-135.015));
#1477=CARTESIAN_POINT('',(4.681153066,71.214345322,-135.015));
#1478=B_SPLINE_CURVE_WITH_KNOTS('',3,(#1462,#1463,#1464,#1465,#1466,#1467,#1468,#1469,#1470,#1471,#1472,#1473,#1474,#1475,#1476,#1477),.UNSPECIFIED.,.F.,.F.,(4,3,3,3,3,4),(0.000000204,0.001648831,0.003297458,0.006594712,0.009891965,0.013189219),.UNSPECIFIED.);
#1479=EDGE_CURVE('',#1459,#1461,#1478,.T.);
#1480=ORIENTED_EDGE('',*,*,#1479,.F.);
#1481=CARTESIAN_POINT('',(17.840473368,71.324348476,-135.971301132));
#1482=VERTEX_POINT('',#1481);
#1483=CARTESIAN_POINT('',(17.840601905,71.232827202,-135.898857359));
#1484=CARTESIAN_POINT('',(17.840558488,71.263740917,-135.922626661));
#1485=CARTESIAN_POINT('',(17.840515644,71.29424678,-135.94677573));
#1486=CARTESIAN_POINT('',(17.840473368,71.324348476,-135.971301132));
#1487=B_SPLINE_CURVE_WITH_KNOTS('',3,(#1483,#1484,#1485,#1486),.UNSPECIFIED.,.F.,.F.,(4,4),(0.000000249,0.000115635),.UNSPECIFIED.);
#1488=EDGE_CURVE('',#1459,#1482,#1487,.T.);
#1489=ORIENTED_EDGE('',*,*,#1488,.T.);
#1490=CARTESIAN_POINT('',(22.143274514,71.329055111,-139.014997388));
#1491=VERTEX_POINT('',#1490);
#1492=CARTESIAN_POINT('',(22.143274514,71.329055111,-139.014997388));
#1493=CARTESIAN_POINT('',(22.143274301,71.329055111,-138.898375057));
#1494=CARTESIAN_POINT('',(22.128389454,71.329038829,-138.779242235));
#1495=CARTESIAN_POINT('',(22.10047197,71.329008291,-138.66561887));
#1496=CARTESIAN_POINT('',(22.072554487,71.328977754,-138.551995504));
#1497=CARTESIAN_POINT('',(22.032094042,71.328933496,-138.442969482));
#1498=CARTESIAN_POINT('',(21.981209531,71.328877836,-138.337764168));
#1499=CARTESIAN_POINT('',(21.930325021,71.328822175,-138.232558855));
#1500=CARTESIAN_POINT('',(21.868508343,71.328754557,-138.130750698));
#1501=CARTESIAN_POINT('',(21.800185125,71.328679821,-138.035374206));
#1502=CARTESIAN_POINT('',(21.731861906,71.328605086,-137.939997715));
#1503=CARTESIAN_POINT('',(21.656662026,71.328522828,-137.850092406));
#1504=CARTESIAN_POINT('',(21.576044456,71.328434644,-137.764497498));
#1505=CARTESIAN_POINT('',(21.495426887,71.32834646,-137.67890259));
#1506=CARTESIAN_POINT('',(21.409454853,71.32825242,-137.597814082));
#1507=CARTESIAN_POINT('',(21.320825855,71.328155473,-137.52165577));
#1508=CARTESIAN_POINT('',(21.232196857,71.328058525,-137.445497457));
#1509=CARTESIAN_POINT('',(21.140455324,71.327958174,-137.373797073));
#1510=CARTESIAN_POINT('',(21.04623443,71.32785511,-137.305647754));
#1511=CARTESIAN_POINT('',(20.857792641,71.327648982,-137.169349117));
#1512=CARTESIAN_POINT('',(20.6595286,71.32743211,-137.047118403));
#1513=CARTESIAN_POINT('',(20.454352707,71.327207678,-136.934787188));
#1514=CARTESIAN_POINT('',(20.249176815,71.326983245,-136.822455973));
#1515=CARTESIAN_POINT('',(20.037840651,71.326752074,-136.720636191));
#1516=CARTESIAN_POINT('',(19.824425931,71.32651863,-136.627628142));
#1517=CARTESIAN_POINT('',(19.61101121,71.326285186,-136.534620094));
#1518=CARTESIAN_POINT('',(19.394655449,71.326048524,-136.450020444));
#1519=CARTESIAN_POINT('',(19.176038739,71.325809389,-136.371884822));
#1520=CARTESIAN_POINT('',(18.738805318,71.32533112,-136.215613576));
#1521=CARTESIAN_POINT('',(18.292624024,71.324843063,-136.084924187));
#1522=CARTESIAN_POINT('',(17.840473368,71.324348476,-135.971301132));
#1523=B_SPLINE_CURVE_WITH_KNOTS('',3,(#1492,#1493,#1494,#1495,#1496,#1497,#1498,#1499,#1500,#1501,#1502,#1503,#1504,#1505,#1506,#1507,#1508,#1509,#1510,#1511,#1512,#1513,#1514,#1515,#1516,#1517,
#1518,#1519,#1520,#1521,#1522),.UNSPECIFIED.,.F.,.F.,(4,3,3,3,3,3,3,3,3,3,4),(0.032292268,0.032635766,0.032979263,0.033322761,0.033666259,0.034009756,0.034353254,0.035040249,0.035727244,0.03641424,0.03778823),.UNSPECIFIED.);
#1524=EDGE_CURVE('',#1491,#1482,#1523,.T.);
#1525=ORIENTED_EDGE('',*,*,#1524,.F.);
#1526=CARTESIAN_POINT('',(60.494014487,27.106347166,-139.015));
#1527=VERTEX_POINT('',#1526);
#1528=CARTESIAN_POINT('',(0.056119636,13.434085995,-139.015));
#1529=DIRECTION('',(0.,0.,1.));
#1530=DIRECTION('',(1.,0.,-0.));
#1531=AXIS2_PLACEMENT_3D('',#1528,#1529,#1530);
#1532=CIRCLE('',#1531,61.965069673);
#1533=EDGE_CURVE('',#1527,#1491,#1532,.T.);
#1534=ORIENTED_EDGE('',*,*,#1533,.F.);
#1535=CARTESIAN_POINT('',(60.494014487,26.518644343,-138.015));
#1536=VERTEX_POINT('',#1535);
#1537=CARTESIAN_POINT('',(60.494014487,26.518644343,-138.015));
#1538=CARTESIAN_POINT('',(60.494014487,26.596193183,-138.078551264));
#1539=CARTESIAN_POINT('',(60.494014487,26.669948606,-138.145883518));
#1540=CARTESIAN_POINT('',(60.494014487,26.738500259,-138.218402495));
#1541=CARTESIAN_POINT('',(60.494014487,26.807051912,-138.290921472));
#1542=CARTESIAN_POINT('',(60.494014487,26.870899697,-138.369415438));
#1543=CARTESIAN_POINT('',(60.494014487,26.925137843,-138.452624131));
#1544=CARTESIAN_POINT('',(60.494014487,26.979375989,-138.535832823));
#1545=CARTESIAN_POINT('',(60.494014487,27.024447846,-138.623900977));
#1546=CARTESIAN_POINT('',(60.494014487,27.056511029,-138.718865614));
#1547=CARTESIAN_POINT('',(60.494014487,27.088574212,-138.813830251));
#1548=CARTESIAN_POINT('',(60.494014487,27.106347166,-138.9137916));
#1549=CARTESIAN_POINT('',(60.494014487,27.106347166,-139.015));
#1550=B_SPLINE_CURVE_WITH_KNOTS('',3,(#1537,#1538,#1539,#1540,#1541,#1542,#1543,#1544,#1545,#1546,#1547,#1548,#1549),.UNSPECIFIED.,.F.,.F.,(4,3,3,3,4),(0.,0.000299269,0.000598539,0.000897808,0.001197078),.UNSPECIFIED.);
#1551=EDGE_CURVE('',#1536,#1527,#1550,.T.);
#1552=ORIENTED_EDGE('',*,*,#1551,.F.);
#1553=CARTESIAN_POINT('',(58.235485686,29.22776634,-135.756471199));
#1554=VERTEX_POINT('',#1553);
#1555=CARTESIAN_POINT('',(58.235485686,29.22776634,-135.756471199));
#1556=CARTESIAN_POINT('',(58.282886217,29.307288304,-135.80387173));
#1557=CARTESIAN_POINT('',(58.335318675,29.37889371,-135.856304188));
#1558=CARTESIAN_POINT('',(58.39556635,29.438203704,-135.916551863));
#1559=CARTESIAN_POINT('',(58.455814025,29.497513698,-135.976799539));
#1560=CARTESIAN_POINT('',(58.522525555,29.542329382,-136.043511068));
#1561=CARTESIAN_POINT('',(58.594421242,29.566213689,-136.115406755));
#1562=CARTESIAN_POINT('',(58.630369085,29.578155842,-136.151354598));
#1563=CARTESIAN_POINT('',(58.666557698,29.584606893,-136.187543211));
#1564=CARTESIAN_POINT('',(58.702969203,29.585974531,-136.223954717));
#1565=CARTESIAN_POINT('',(58.739380709,29.587342168,-136.260366222));
#1566=CARTESIAN_POINT('',(58.776385094,29.583513922,-136.297370607));
#1567=CARTESIAN_POINT('',(58.812551591,29.575205116,-136.333537104));
#1568=CARTESIAN_POINT('',(58.884884583,29.558587505,-136.405870097));
#1569=CARTESIAN_POINT('',(58.954072768,29.52471081,-136.475058281));
#1570=CARTESIAN_POINT('',(59.020249256,29.479870232,-136.541234769));
#1571=CARTESIAN_POINT('',(59.086425744,29.435029654,-136.607411257));
#1572=CARTESIAN_POINT('',(59.147944137,29.380484382,-136.668929651));
#1573=CARTESIAN_POINT('',(59.206519501,29.31980759,-136.727505014));
#1574=CARTESIAN_POINT('',(59.265094864,29.259130798,-136.786080377));
#1575=CARTESIAN_POINT('',(59.320964244,29.191808629,-136.841949757));
#1576=CARTESIAN_POINT('',(59.373881537,29.121079557,-136.89486705));
#1577=CARTESIAN_POINT('',(59.479716122,28.979621412,-137.000701635));
#1578=CARTESIAN_POINT('',(59.573988459,28.825475419,-137.094973972));
#1579=CARTESIAN_POINT('',(59.66191401,28.664364769,-137.182899523));
#1580=CARTESIAN_POINT('',(59.74983956,28.50325412,-137.270825073));
#1581=CARTESIAN_POINT('',(59.831159907,28.334895242,-137.352145421));
#1582=CARTESIAN_POINT('',(59.907968296,28.16158516,-137.428953809));
#1583=CARTESIAN_POINT('',(59.984776685,27.988275077,-137.505762198));
#1584=CARTESIAN_POINT('',(60.056974994,27.809994747,-137.577960508));
#1585=CARTESIAN_POINT('',(60.125136195,27.629502122,-137.646121708));
#1586=CARTESIAN_POINT('',(60.261458597,27.268516871,-137.78244411));
#1587=CARTESIAN_POINT('',(60.382685656,26.897025209,-137.90367117));
#1588=CARTESIAN_POINT('',(60.494014487,26.518644343,-138.015));
#1589=B_SPLINE_CURVE_WITH_KNOTS('',3,(#1555,#1556,#1557,#1558,#1559,#1560,#1561,#1562,#1563,#1564,#1565,#1566,#1567,#1568,#1569,#1570,#1571,#1572,#1573,#1574,#1575,#1576,#1577,#1578,#1579,#1580,
#1581,#1582,#1583,#1584,#1585,#1586,#1587,#1588),.UNSPECIFIED.,.F.,.F.,(4,3,3,3,3,3,3,3,3,3,3,4),(0.,0.000309045,0.00061809,0.000772613,0.000927135,0.001236181,0.001545226,0.001854271,0.002472361,0.003090452,0.003708542,0.004944723),.UNSPECIFIED.);
#1590=EDGE_CURVE('',#1554,#1536,#1589,.T.);
#1591=ORIENTED_EDGE('',*,*,#1590,.F.);
#1592=CARTESIAN_POINT('',(57.72222393,19.313687826,-135.015));
#1593=VERTEX_POINT('',#1592);
#1594=CARTESIAN_POINT('',(57.72222393,19.313687826,-135.015));
#1595=CARTESIAN_POINT('',(57.721203124,20.149464379,-135.015));
#1596=CARTESIAN_POINT('',(57.721292778,20.985194358,-135.017422185));
#1597=CARTESIAN_POINT('',(57.724886825,21.820784306,-135.027057066));
#1598=CARTESIAN_POINT('',(57.728480873,22.656374254,-135.036691947));
#1599=CARTESIAN_POINT('',(57.735326457,23.49182973,-135.053301114));
#1600=CARTESIAN_POINT('',(57.750949407,24.326970165,-135.085761111));
#1601=CARTESIAN_POINT('',(57.758760882,24.744540383,-135.101991109));
#1602=CARTESIAN_POINT('',(57.768820362,25.162041073,-135.122257306));
#1603=CARTESIAN_POINT('',(57.782771397,25.578800372,-135.148629955));
#1604=CARTESIAN_POINT('',(57.796722432,25.99555967,-135.175002605));
#1605=CARTESIAN_POINT('',(57.814402596,26.411709221,-135.207343653));
#1606=CARTESIAN_POINT('',(57.839679936,26.82677295,-135.249777726));
#1607=CARTESIAN_POINT('',(57.864957276,27.241836679,-135.292211799));
#1608=CARTESIAN_POINT('',(57.896831576,27.656097268,-135.34393667));
#1609=CARTESIAN_POINT('',(57.948491359,28.064184416,-135.416811496));
#1610=CARTESIAN_POINT('',(57.974321251,28.26822799,-135.453248909));
#1611=CARTESIAN_POINT('',(58.005164829,28.471820806,-135.495136831));
#1612=CARTESIAN_POINT('',(58.047548514,28.669415032,-135.547590055));
#1613=CARTESIAN_POINT('',(58.068740356,28.768212145,-135.573816666));
#1614=CARTESIAN_POINT('',(58.092810616,28.865480697,-135.602676197));
#1615=CARTESIAN_POINT('',(58.122535547,28.959862249,-135.636324186));
#1616=CARTESIAN_POINT('',(58.152260478,29.054243802,-135.669972176));
#1617=CARTESIAN_POINT('',(58.187325642,29.146970171,-135.708311155));
#1618=CARTESIAN_POINT('',(58.235485686,29.22776634,-135.756471199));
#1619=B_SPLINE_CURVE_WITH_KNOTS('',3,(#1594,#1595,#1596,#1597,#1598,#1599,#1600,#1601,#1602,#1603,#1604,#1605,#1606,#1607,#1608,#1609,#1610,#1611,#1612,#1613,#1614,#1615,#1616,#1617,#1618),.UNSPECIFIED.,.F.,.F.,(4,3,3,3,3,3,3,3,4),(0.,0.002506926,0.005013851,0.006267314,0.007520777,0.00877424,0.009400971,0.009714337,0.010027702),.UNSPECIFIED.);
#1620=EDGE_CURVE('',#1593,#1554,#1619,.T.);
#1621=ORIENTED_EDGE('',*,*,#1620,.F.);
#1622=CARTESIAN_POINT('',(0.056119636,13.434085995,-135.015));
#1623=DIRECTION('',(-0.,-0.,-1.));
#1624=DIRECTION('',(1.,0.,-0.));
#1625=AXIS2_PLACEMENT_3D('',#1622,#1623,#1624);
#1626=CIRCLE('',#1625,57.965069673);
#1627=EDGE_CURVE('',#1461,#1593,#1626,.T.);
#1628=ORIENTED_EDGE('',*,*,#1627,.F.);
#1629=EDGE_LOOP('',(#1480,#1489,#1525,#1534,#1552,#1591,#1621,#1628));
#1630=FACE_BOUND('',#1629,.T.);
#1631=ADVANCED_FACE('',(#1630),#1457,.F.);
#1632=CARTESIAN_POINT('',(-0.315612811,-0.420295706,-135.015));
#1633=DIRECTION('',(0.,0.,1.));
#1634=DIRECTION('',(0.,-1.,0.));
#1635=AXIS2_PLACEMENT_3D('',#1632,#1633,#1634);
#1636=PLANE('',#1635);
#1637=CARTESIAN_POINT('',(17.730479832,52.240026492,-135.015));
#1638=VERTEX_POINT('',#1637);
#1639=CARTESIAN_POINT('',(3.912102708,70.819864317,-135.015));
#1640=VERTEX_POINT('',#1639);
#1641=CARTESIAN_POINT('',(-1.706401566,52.212728229,-135.015));
#1642=DIRECTION('',(0.,-0.,1.));
#1643=DIRECTION('',(0.999999014,0.001404456,0.));
#1644=AXIS2_PLACEMENT_3D('',#1641,#1642,#1643);
#1645=CIRCLE('',#1644,19.436900567);
#1646=EDGE_CURVE('',#1638,#1640,#1645,.T.);
#1647=ORIENTED_EDGE('',*,*,#1646,.T.);
#1648=CARTESIAN_POINT('',(3.779707233,70.915617052,-135.015));
#1649=VERTEX_POINT('',#1648);
#1650=CARTESIAN_POINT('',(3.984368657,71.059191776,-135.015));
#1651=DIRECTION('',(-0.,-0.,-1.));
#1652=DIRECTION('',(1.,0.,-0.));
#1653=AXIS2_PLACEMENT_3D('',#1650,#1651,#1652);
#1654=CIRCLE('',#1653,0.25);
#1655=EDGE_CURVE('',#1640,#1649,#1654,.T.);
#1656=ORIENTED_EDGE('',*,*,#1655,.T.);
#1657=CARTESIAN_POINT('',(2.73301432,71.997049043,-135.015));
#1658=VERTEX_POINT('',#1657);
#1659=CARTESIAN_POINT('',(3.779707233,70.915617052,-135.015));
#1660=CARTESIAN_POINT('',(3.487185606,71.332597778,-135.015));
#1661=CARTESIAN_POINT('',(3.137978324,71.692764765,-135.015));
#1662=CARTESIAN_POINT('',(2.73301432,71.997049043,-135.015));
#1663=B_SPLINE_CURVE_WITH_KNOTS('',3,(#1659,#1660,#1661,#1662),.UNSPECIFIED.,.F.,.F.,(4,4),(0.,0.001504783),.UNSPECIFIED.);
#1664=EDGE_CURVE('',#1649,#1658,#1663,.T.);
#1665=ORIENTED_EDGE('',*,*,#1664,.T.);
#1666=CARTESIAN_POINT('',(0.123845928,67.967941585,-135.015));
#1667=DIRECTION('',(-0.,-0.,-1.));
#1668=DIRECTION('',(-0.999999014,-0.001404456,0.));
#1669=AXIS2_PLACEMENT_3D('',#1666,#1667,#1668);
#1670=ELLIPSE('',#1669,4.800514884,4.8);
#1671=EDGE_CURVE('',#1658,#1419,#1670,.T.);
#1672=ORIENTED_EDGE('',*,*,#1671,.T.);
#1673=ORIENTED_EDGE('',*,*,#1426,.T.);
#1674=CARTESIAN_POINT('',(4.681153066,71.214345322,-135.015));
#1675=DIRECTION('',(-0.999999014,-0.001404456,0.));
#1676=VECTOR('',#1675,0.820270831);
#1677=LINE('',#1674,#1676);
#1678=EDGE_CURVE('',#1461,#1421,#1677,.T.);
#1679=ORIENTED_EDGE('',*,*,#1678,.F.);
#1680=ORIENTED_EDGE('',*,*,#1627,.T.);
#1681=CARTESIAN_POINT('',(57.729436681,13.445296462,-135.015));
#1682=VERTEX_POINT('',#1681);
#1683=CARTESIAN_POINT('',(61.312391105,-479.164109929,-135.015));
#1684=DIRECTION('',(0.,0.,1.));
#1685=DIRECTION('',(-0.002296878,0.999997362,0.));
#1686=AXIS2_PLACEMENT_3D('',#1683,#1684,#1685);
#1687=ELLIPSE('',#1686,1175.51185642,2.7);
#1688=EDGE_CURVE('',#1593,#1682,#1687,.T.);
#1689=ORIENTED_EDGE('',*,*,#1688,.T.);
#1690=CARTESIAN_POINT('',(51.194387189,20.789704294,-135.015));
#1691=VERTEX_POINT('',#1690);
#1692=CARTESIAN_POINT('',(49.667858389,12.851754533,-135.015));
#1693=DIRECTION('',(0.,-0.,1.));
#1694=DIRECTION('',(0.998586801,0.053145101,0.));
#1695=AXIS2_PLACEMENT_3D('',#1692,#1693,#1694);
#1696=CIRCLE('',#1695,8.083398826);
#1697=EDGE_CURVE('',#1682,#1691,#1696,.T.);
#1698=ORIENTED_EDGE('',*,*,#1697,.T.);
#1699=CARTESIAN_POINT('',(24.934387189,25.839704294,-135.015));
#1700=VERTEX_POINT('',#1699);
#1701=CARTESIAN_POINT('',(24.934387189,25.839704294,-135.015));
#1702=DIRECTION('',(0.982006447,-0.188847394,0.));
#1703=VECTOR('',#1702,26.741168636);
#1704=LINE('',#1701,#1703);
#1705=EDGE_CURVE('',#1700,#1691,#1704,.T.);
#1706=ORIENTED_EDGE('',*,*,#1705,.F.);
#1707=CARTESIAN_POINT('',(17.755878275,34.155853206,-135.015));
#1708=VERTEX_POINT('',#1707);
#1709=CARTESIAN_POINT('',(28.815872799,36.446529817,-135.015));
#1710=DIRECTION('',(0.,0.,1.));
#1711=DIRECTION('',(-0.979218207,-0.202809526,0.));
#1712=AXIS2_PLACEMENT_3D('',#1709,#1710,#1711);
#1713=CIRCLE('',#1712,11.294719042);
#1714=EDGE_CURVE('',#1708,#1700,#1713,.T.);
#1715=ORIENTED_EDGE('',*,*,#1714,.F.);
#1716=CARTESIAN_POINT('',(17.730479832,52.240026492,-135.015));
#1717=DIRECTION('',(0.001404456,-0.999999014,0.));
#1718=VECTOR('',#1717,18.084191122);
#1719=LINE('',#1716,#1718);
#1720=EDGE_CURVE('',#1638,#1708,#1719,.T.);
#1721=ORIENTED_EDGE('',*,*,#1720,.F.);
#1722=EDGE_LOOP('',(#1647,#1656,#1665,#1672,#1673,#1679,#1680,#1689,#1698,#1706,#1715,#1721));
#1723=FACE_BOUND('',#1722,.T.);
#1724=ADVANCED_FACE('',(#1723),#1636,.F.);
#1725=CARTESIAN_POINT('',(-0.910959521,71.303837153,-135.015));
#1726=DIRECTION('',(0.001093853,-0.999999402,0.));
#1727=DIRECTION('',(0.999999402,0.001093853,0.));
#1728=AXIS2_PLACEMENT_3D('',#1725,#1726,#1727);
#1729=PLANE('',#1728);
#1730=ORIENTED_EDGE('',*,*,#1524,.T.);
#1731=CARTESIAN_POINT('',(17.840473368,71.324348476,-132.));
#1732=VERTEX_POINT('',#1731);
#1733=CARTESIAN_POINT('',(17.840473368,71.324348476,-135.971301132));
#1734=DIRECTION('',(0.,0.,1.));
#1735=VECTOR('',#1734,3.971301132);
#1736=LINE('',#1733,#1735);
#1737=EDGE_CURVE('',#1482,#1732,#1736,.T.);
#1738=ORIENTED_EDGE('',*,*,#1737,.T.);
#1739=CARTESIAN_POINT('',(22.143274514,71.329055111,-132.));
#1740=VERTEX_POINT('',#1739);
#1741=CARTESIAN_POINT('',(22.143274514,71.329055111,-132.));
#1742=DIRECTION('',(-0.999999402,-0.001093853,0.));
#1743=VECTOR('',#1742,4.30280372);
#1744=LINE('',#1741,#1743);
#1745=EDGE_CURVE('',#1740,#1732,#1744,.T.);
#1746=ORIENTED_EDGE('',*,*,#1745,.F.);
#1747=CARTESIAN_POINT('',(22.143274514,71.329055111,-139.014997388));
#1748=DIRECTION('',(-0.,-0.,1.));
#1749=VECTOR('',#1748,7.014997388);
#1750=LINE('',#1747,#1749);
#1751=EDGE_CURVE('',#1491,#1740,#1750,.T.);
#1752=ORIENTED_EDGE('',*,*,#1751,.F.);
#1753=EDGE_LOOP('',(#1730,#1738,#1746,#1752));
#1754=FACE_BOUND('',#1753,.T.);
#1755=ADVANCED_FACE('',(#1754),#1729,.F.);
#1756=CARTESIAN_POINT('',(3.984368657,71.059191776,-135.015));
#1757=DIRECTION('',(0.,0.,1.));
#1758=DIRECTION('',(1.,0.,-0.));
#1759=AXIS2_PLACEMENT_3D('',#1756,#1757,#1758);
#1760=CYLINDRICAL_SURFACE('',#1759,0.25);
#1761=CARTESIAN_POINT('',(3.781876926,70.912572885,-132.));
#1762=VERTEX_POINT('',#1761);
#1763=CARTESIAN_POINT('',(3.887335825,70.828790757,-132.));
#1764=VERTEX_POINT('',#1763);
#1765=CARTESIAN_POINT('',(3.984368657,71.059191776,-132.));
#1766=DIRECTION('',(0.,0.,1.));
#1767=DIRECTION('',(1.,0.,-0.));
#1768=AXIS2_PLACEMENT_3D('',#1765,#1766,#1767);
#1769=CIRCLE('',#1768,0.25);
#1770=EDGE_CURVE('',#1762,#1764,#1769,.T.);
#1771=ORIENTED_EDGE('',*,*,#1770,.F.);
#1772=CARTESIAN_POINT('',(3.984368657,71.059191776,-699.732951836));
#1773=DIRECTION('',(-0.572444534,-0.819943341,-0.000415925));
#1774=DIRECTION('',(-0.000238094,-0.000341035,0.999999914));
#1775=AXIS2_PLACEMENT_3D('',#1772,#1773,#1774);
#1776=ELLIPSE('',#1775,601.069549934,0.25);
#1777=EDGE_CURVE('',#1762,#1649,#1776,.T.);
#1778=ORIENTED_EDGE('',*,*,#1777,.T.);
#1779=ORIENTED_EDGE('',*,*,#1655,.F.);
#1780=CARTESIAN_POINT('',(3.912102708,70.819864317,-131.999949895));
#1781=VERTEX_POINT('',#1780);
#1782=CARTESIAN_POINT('',(3.912102708,70.819864317,-131.999949895));
#1783=DIRECTION('',(-0.,-0.,-1.));
#1784=VECTOR('',#1783,3.015050105);
#1785=LINE('',#1782,#1784);
#1786=EDGE_CURVE('',#1781,#1640,#1785,.T.);
#1787=ORIENTED_EDGE('',*,*,#1786,.F.);
#1788=CARTESIAN_POINT('',(3.887335825,70.828790757,-132.));
#1789=CARTESIAN_POINT('',(3.895434597,70.825379979,-132.));
#1790=CARTESIAN_POINT('',(3.903690217,70.822404505,-131.999978429));
#1791=CARTESIAN_POINT('',(3.912102708,70.819864317,-131.999949895));
#1792=B_SPLINE_CURVE_WITH_KNOTS('',3,(#1788,#1789,#1790,#1791),.UNSPECIFIED.,.F.,.F.,(4,4),(0.,0.000026326),.UNSPECIFIED.);
#1793=EDGE_CURVE('',#1764,#1781,#1792,.T.);
#1794=ORIENTED_EDGE('',*,*,#1793,.F.);
#1795=EDGE_LOOP('',(#1771,#1778,#1779,#1787,#1794));
#1796=FACE_BOUND('',#1795,.T.);
#1797=ADVANCED_FACE('',(#1796),#1760,.T.);
#1798=CARTESIAN_POINT('',(0.,0.,-132.));
#1799=DIRECTION('',(0.,0.,1.));
#1800=DIRECTION('',(-1.,0.,0.));
#1801=AXIS2_PLACEMENT_3D('',#1798,#1799,#1800);
#1802=PLANE('',#1801);
#1803=CARTESIAN_POINT('',(0.072942639,72.767874828,-132.));
#1804=VERTEX_POINT('',#1803);
#1805=CARTESIAN_POINT('',(2.733726195,71.967576737,-132.));
#1806=VERTEX_POINT('',#1805);
#1807=CARTESIAN_POINT('',(0.079684026,67.967879562,-132.));
#1808=DIRECTION('',(-0.,-0.,-1.));
#1809=DIRECTION('',(-0.999999014,-0.001404456,0.));
#1810=AXIS2_PLACEMENT_3D('',#1807,#1808,#1809);
#1811=ELLIPSE('',#1810,4.800514884,4.8);
#1812=EDGE_CURVE('',#1804,#1806,#1811,.T.);
#1813=ORIENTED_EDGE('',*,*,#1812,.T.);
#1814=CARTESIAN_POINT('',(2.733726195,71.967576737,-132.));
#1815=CARTESIAN_POINT('',(2.935130467,71.819736548,-132.));
#1816=CARTESIAN_POINT('',(3.124806641,71.656181208,-132.));
#1817=CARTESIAN_POINT('',(3.299641933,71.480123322,-132.));
#1818=CARTESIAN_POINT('',(3.474477224,71.304065437,-132.));
#1819=CARTESIAN_POINT('',(3.635322594,71.114975457,-132.));
#1820=CARTESIAN_POINT('',(3.781876926,70.912572885,-132.));
#1821=B_SPLINE_CURVE_WITH_KNOTS('',3,(#1814,#1815,#1816,#1817,#1818,#1819,#1820),.UNSPECIFIED.,.F.,.F.,(4,3,4),(0.000113961,0.000863602,0.001613243),.UNSPECIFIED.);
#1822=EDGE_CURVE('',#1806,#1762,#1821,.T.);
#1823=ORIENTED_EDGE('',*,*,#1822,.T.);
#1824=ORIENTED_EDGE('',*,*,#1770,.T.);
#1825=CARTESIAN_POINT('',(-23.373343937,70.798971563,-132.));
#1826=VERTEX_POINT('',#1825);
#1827=CARTESIAN_POINT('',(3.887335825,70.828790757,-132.));
#1828=DIRECTION('',(-0.999999402,-0.001093853,-0.));
#1829=VECTOR('',#1828,27.260696071);
#1830=LINE('',#1827,#1829);
#1831=EDGE_CURVE('',#1764,#1826,#1830,.T.);
#1832=ORIENTED_EDGE('',*,*,#1831,.T.);
#1833=CARTESIAN_POINT('',(-17.892834793,72.742642667,-132.));
#1834=VERTEX_POINT('',#1833);
#1835=CARTESIAN_POINT('',(0.056119636,13.434085995,-132.));
#1836=DIRECTION('',(0.,0.,1.));
#1837=DIRECTION('',(-0.,-1.,0.));
#1838=AXIS2_PLACEMENT_3D('',#1835,#1836,#1837);
#1839=CIRCLE('',#1838,61.965069673);
#1840=EDGE_CURVE('',#1834,#1826,#1839,.T.);
#1841=ORIENTED_EDGE('',*,*,#1840,.F.);
#1842=CARTESIAN_POINT('',(0.072942639,72.767874828,-132.));
#1843=DIRECTION('',(-0.999999014,-0.001404456,0.));
#1844=VECTOR('',#1843,17.96579515);
#1845=LINE('',#1842,#1844);
#1846=EDGE_CURVE('',#1804,#1834,#1845,.T.);
#1847=ORIENTED_EDGE('',*,*,#1846,.F.);
#1848=EDGE_LOOP('',(#1813,#1823,#1824,#1832,#1841,#1847));
#1849=FACE_BOUND('',#1848,.T.);
#1850=ADVANCED_FACE('',(#1849),#1802,.F.);
#1851=CARTESIAN_POINT('',(-0.22706129,72.767453485,-198.));
#1852=DIRECTION('',(-0.001404456,0.999999014,0.));
#1853=DIRECTION('',(-0.999999014,-0.001404456,0.));
#1854=AXIS2_PLACEMENT_3D('',#1851,#1852,#1853);
#1855=PLANE('',#1854);
#1856=CARTESIAN_POINT('',(0.113741635,72.767932128,-134.785409314));
#1857=VERTEX_POINT('',#1856);
#1858=CARTESIAN_POINT('',(17.838410955,72.792825663,-137.270226128));
#1859=VERTEX_POINT('',#1858);
#1860=CARTESIAN_POINT('',(0.113741635,72.767932128,-134.785409314));
#1861=DIRECTION('',(0.990314971,0.001390855,-0.138832));
#1862=VECTOR('',#1861,17.89801209);
#1863=LINE('',#1860,#1862);
#1864=EDGE_CURVE('',#1857,#1859,#1863,.T.);
#1865=ORIENTED_EDGE('',*,*,#1864,.F.);
#1866=CARTESIAN_POINT('',(0.113741635,72.767932128,-134.785409314));
#1867=DIRECTION('',(-0.014645826,-0.000020569,0.999892744));
#1868=VECTOR('',#1867,2.785708098);
#1869=LINE('',#1866,#1868);
#1870=EDGE_CURVE('',#1857,#1804,#1869,.T.);
#1871=ORIENTED_EDGE('',*,*,#1870,.T.);
#1872=ORIENTED_EDGE('',*,*,#1846,.T.);
#1873=CARTESIAN_POINT('',(-17.892834793,72.742642667,-146.));
#1874=VERTEX_POINT('',#1873);
#1875=CARTESIAN_POINT('',(-17.892834793,72.742642667,-132.));
#1876=DIRECTION('',(0.,0.,-1.));
#1877=VECTOR('',#1876,14.);
#1878=LINE('',#1875,#1877);
#1879=EDGE_CURVE('',#1834,#1874,#1878,.T.);
#1880=ORIENTED_EDGE('',*,*,#1879,.T.);
#1881=CARTESIAN_POINT('',(-56.428744501,72.68852064,-146.));
#1882=VERTEX_POINT('',#1881);
#1883=CARTESIAN_POINT('',(-56.428744501,72.68852064,-146.));
#1884=DIRECTION('',(0.999999014,0.001404456,0.));
#1885=VECTOR('',#1884,38.535947714);
#1886=LINE('',#1883,#1885);
#1887=EDGE_CURVE('',#1882,#1874,#1886,.T.);
#1888=ORIENTED_EDGE('',*,*,#1887,.F.);
#1889=CARTESIAN_POINT('',(-56.428744501,72.68852064,-171.));
#1890=VERTEX_POINT('',#1889);
#1891=CARTESIAN_POINT('',(-56.428744501,72.68852064,-146.));
#1892=DIRECTION('',(0.,0.,-1.));
#1893=VECTOR('',#1892,25.);
#1894=LINE('',#1891,#1893);
#1895=EDGE_CURVE('',#1882,#1890,#1894,.T.);
#1896=ORIENTED_EDGE('',*,*,#1895,.T.);
#1897=CARTESIAN_POINT('',(25.,72.802883807,-171.));
#1898=VERTEX_POINT('',#1897);
#1899=CARTESIAN_POINT('',(-56.428744501,72.68852064,-171.));
#1900=DIRECTION('',(0.999999014,0.001404456,-0.));
#1901=VECTOR('',#1900,81.42882481);
#1902=LINE('',#1899,#1901);
#1903=EDGE_CURVE('',#1890,#1898,#1902,.T.);
#1904=ORIENTED_EDGE('',*,*,#1903,.T.);
#1905=CARTESIAN_POINT('',(25.,72.802883807,-146.));
#1906=VERTEX_POINT('',#1905);
#1907=CARTESIAN_POINT('',(25.,72.802883807,-146.));
#1908=DIRECTION('',(0.,0.,-1.));
#1909=VECTOR('',#1908,25.);
#1910=LINE('',#1907,#1909);
#1911=EDGE_CURVE('',#1906,#1898,#1910,.T.);
#1912=ORIENTED_EDGE('',*,*,#1911,.F.);
#1913=CARTESIAN_POINT('',(17.838410955,72.792825663,-146.));
#1914=VERTEX_POINT('',#1913);
#1915=CARTESIAN_POINT('',(17.838410955,72.792825663,-146.));
#1916=DIRECTION('',(0.999999014,0.001404456,0.));
#1917=VECTOR('',#1916,7.161596108);
#1918=LINE('',#1915,#1917);
#1919=EDGE_CURVE('',#1914,#1906,#1918,.T.);
#1920=ORIENTED_EDGE('',*,*,#1919,.F.);
#1921=CARTESIAN_POINT('',(17.838410955,72.792825663,-137.270226128));
#1922=DIRECTION('',(0.,0.,-1.));
#1923=VECTOR('',#1922,8.729773872);
#1924=LINE('',#1921,#1923);
#1925=EDGE_CURVE('',#1859,#1914,#1924,.T.);
#1926=ORIENTED_EDGE('',*,*,#1925,.F.);
#1927=EDGE_LOOP('',(#1865,#1871,#1872,#1880,#1888,#1896,#1904,#1912,#1920,#1926));
#1928=FACE_BOUND('',#1927,.T.);
#1929=ADVANCED_FACE('',(#1928),#1855,.F.);
#1930=CARTESIAN_POINT('',(0.,0.,-132.));
#1931=DIRECTION('',(0.,0.,1.));
#1932=DIRECTION('',(-1.,0.,0.));
#1933=AXIS2_PLACEMENT_3D('',#1930,#1931,#1932);
#1934=PLANE('',#1933);
#1935=ORIENTED_EDGE('',*,*,#1745,.T.);
#1936=CARTESIAN_POINT('',(17.838410955,72.792825663,-132.));
#1937=VERTEX_POINT('',#1936);
#1938=CARTESIAN_POINT('',(17.840473368,71.324348476,-132.));
#1939=DIRECTION('',(-0.001404456,0.999999014,0.));
#1940=VECTOR('',#1939,1.468478635);
#1941=LINE('',#1938,#1940);
#1942=EDGE_CURVE('',#1732,#1937,#1941,.T.);
#1943=ORIENTED_EDGE('',*,*,#1942,.T.);
#1944=CARTESIAN_POINT('',(0.056119636,13.434085995,-132.));
#1945=DIRECTION('',(0.,0.,1.));
#1946=DIRECTION('',(-0.,-1.,0.));
#1947=AXIS2_PLACEMENT_3D('',#1944,#1945,#1946);
#1948=CIRCLE('',#1947,61.965069673);
#1949=EDGE_CURVE('',#1740,#1937,#1948,.T.);
#1950=ORIENTED_EDGE('',*,*,#1949,.F.);
#1951=EDGE_LOOP('',(#1935,#1943,#1950));
#1952=FACE_BOUND('',#1951,.T.);
#1953=ADVANCED_FACE('',(#1952),#1934,.F.);
#1954=CARTESIAN_POINT('',(2.5,108.69675658,-49.025392158));
#1955=DIRECTION('',(-1.,0.,0.));
#1956=DIRECTION('',(0.,0.,1.));
#1957=AXIS2_PLACEMENT_3D('',#1954,#1955,#1956);
#1958=CYLINDRICAL_SURFACE('',#1957,27.171444363);
#1959=CARTESIAN_POINT('',(1.7,89.563641984,-29.732613337));
#1960=VERTEX_POINT('',#1959);
#1961=CARTESIAN_POINT('',(1.7,83.101046177,-39.906894596));
#1962=VERTEX_POINT('',#1961);
#1963=CARTESIAN_POINT('',(1.7,108.69675658,-49.025392158));
#1964=DIRECTION('',(1.,0.,0.));
#1965=DIRECTION('',(0.,0.,-1.));
#1966=AXIS2_PLACEMENT_3D('',#1963,#1964,#1965);
#1967=CIRCLE('',#1966,27.171444363);
#1968=EDGE_CURVE('',#1960,#1962,#1967,.T.);
#1969=ORIENTED_EDGE('',*,*,#1968,.T.);
#1970=CARTESIAN_POINT('',(-1.7,83.097232444,-39.917606872));
#1971=VERTEX_POINT('',#1970);
#1972=CARTESIAN_POINT('',(19981.299480966,108.69675658,-49.025392158));
#1973=DIRECTION('',(0.001259693,-0.999024135,-0.044149651));
#1974=DIRECTION('',(-0.999999207,-0.001258464,-0.000055615));
#1975=AXIS2_PLACEMENT_3D('',#1972,#1973,#1974);
#1976=ELLIPSE('',#1975,21569.900473369,27.171444363);
#1977=EDGE_CURVE('',#1962,#1971,#1976,.T.);
#1978=ORIENTED_EDGE('',*,*,#1977,.T.);
#1979=CARTESIAN_POINT('',(-1.7,89.563641984,-29.732613337));
#1980=VERTEX_POINT('',#1979);
#1981=CARTESIAN_POINT('',(-1.7,108.69675658,-49.025392158));
#1982=DIRECTION('',(-1.,0.,0.));
#1983=DIRECTION('',(0.,0.,1.));
#1984=AXIS2_PLACEMENT_3D('',#1981,#1982,#1983);
#1985=CIRCLE('',#1984,27.171444363);
#1986=EDGE_CURVE('',#1971,#1980,#1985,.T.);
#1987=ORIENTED_EDGE('',*,*,#1986,.T.);
#1988=CARTESIAN_POINT('',(1.7,89.563641984,-29.732613337));
#1989=DIRECTION('',(-1.,0.,0.));
#1990=VECTOR('',#1989,3.4);
#1991=LINE('',#1988,#1990);
#1992=EDGE_CURVE('',#1960,#1980,#1991,.T.);
#1993=ORIENTED_EDGE('',*,*,#1992,.F.);
#1994=EDGE_LOOP('',(#1969,#1978,#1987,#1993));
#1995=FACE_BOUND('',#1994,.T.);
#1996=ADVANCED_FACE('',(#1995),#1958,.F.);
#1997=CARTESIAN_POINT('',(2.5,77.373074233,-17.281852999));
#1998=DIRECTION('',(-1.,0.,0.));
#1999=DIRECTION('',(0.,0.,1.));
#2000=AXIS2_PLACEMENT_3D('',#1997,#1998,#1999);
#2001=CYLINDRICAL_SURFACE('',#2000,17.425021523);
#2002=CARTESIAN_POINT('',(1.7,94.474367021,-20.625078995));
#2003=VERTEX_POINT('',#2002);
#2004=CARTESIAN_POINT('',(-1.7,94.474367021,-20.625078995));
#2005=VERTEX_POINT('',#2004);
#2006=CARTESIAN_POINT('',(1.7,94.474367021,-20.625078995));
#2007=DIRECTION('',(-1.,0.,0.));
#2008=VECTOR('',#2007,3.4);
#2009=LINE('',#2006,#2008);
#2010=EDGE_CURVE('',#2003,#2005,#2009,.T.);
#2011=ORIENTED_EDGE('',*,*,#2010,.F.);
#2012=CARTESIAN_POINT('',(1.7,77.373074233,-17.281852999));
#2013=DIRECTION('',(-1.,-0.,-0.));
#2014=DIRECTION('',(0.,0.,-1.));
#2015=AXIS2_PLACEMENT_3D('',#2012,#2013,#2014);
#2016=CIRCLE('',#2015,17.425021523);
#2017=EDGE_CURVE('',#2003,#1960,#2016,.T.);
#2018=ORIENTED_EDGE('',*,*,#2017,.T.);
#2019=ORIENTED_EDGE('',*,*,#1992,.T.);
#2020=CARTESIAN_POINT('',(-1.7,77.373074233,-17.281852999));
#2021=DIRECTION('',(1.,-0.,-0.));
#2022=DIRECTION('',(0.,0.,1.));
#2023=AXIS2_PLACEMENT_3D('',#2020,#2021,#2022);
#2024=CIRCLE('',#2023,17.425021523);
#2025=EDGE_CURVE('',#1980,#2005,#2024,.T.);
#2026=ORIENTED_EDGE('',*,*,#2025,.T.);
#2027=EDGE_LOOP('',(#2011,#2018,#2019,#2026));
#2028=FACE_BOUND('',#2027,.T.);
#2029=ADVANCED_FACE('',(#2028),#2001,.T.);
#2030=CARTESIAN_POINT('',(2.5,93.38718351,-20.412539497));
#2031=DIRECTION('',(-1.,0.,0.));
#2032=DIRECTION('',(0.,0.,1.));
#2033=AXIS2_PLACEMENT_3D('',#2030,#2031,#2032);
#2034=CYLINDRICAL_SURFACE('',#2033,1.107763975);
#2035=CARTESIAN_POINT('',(-1.7,93.38718351,-19.304775523));
#2036=VERTEX_POINT('',#2035);
#2037=CARTESIAN_POINT('',(1.7,93.38718351,-19.304775523));
#2038=VERTEX_POINT('',#2037);
#2039=CARTESIAN_POINT('',(-1.7,93.38718351,-19.304775523));
#2040=DIRECTION('',(1.,-0.,-0.));
#2041=VECTOR('',#2040,3.4);
#2042=LINE('',#2039,#2041);
#2043=EDGE_CURVE('',#2036,#2038,#2042,.T.);
#2044=ORIENTED_EDGE('',*,*,#2043,.T.);
#2045=CARTESIAN_POINT('',(1.7,93.38718351,-20.412539497));
#2046=DIRECTION('',(-1.,-0.,-0.));
#2047=DIRECTION('',(0.,0.,-1.));
#2048=AXIS2_PLACEMENT_3D('',#2045,#2046,#2047);
#2049=CIRCLE('',#2048,1.107763975);
#2050=EDGE_CURVE('',#2038,#2003,#2049,.T.);
#2051=ORIENTED_EDGE('',*,*,#2050,.T.);
#2052=ORIENTED_EDGE('',*,*,#2010,.T.);
#2053=CARTESIAN_POINT('',(-1.7,93.38718351,-20.412539497));
#2054=DIRECTION('',(1.,-0.,-0.));
#2055=DIRECTION('',(0.,0.,1.));
#2056=AXIS2_PLACEMENT_3D('',#2053,#2054,#2055);
#2057=CIRCLE('',#2056,1.107763975);
#2058=EDGE_CURVE('',#2005,#2036,#2057,.T.);
#2059=ORIENTED_EDGE('',*,*,#2058,.T.);
#2060=EDGE_LOOP('',(#2044,#2051,#2052,#2059));
#2061=FACE_BOUND('',#2060,.T.);
#2062=ADVANCED_FACE('',(#2061),#2034,.T.);
#2063=CARTESIAN_POINT('',(2.5,81.918898104,-18.170541166));
#2064=DIRECTION('',(-1.,0.,0.));
#2065=DIRECTION('',(0.,0.,1.));
#2066=AXIS2_PLACEMENT_3D('',#2063,#2064,#2065);
#2067=CYLINDRICAL_SURFACE('',#2066,10.577616922);
#2068=CARTESIAN_POINT('',(-1.7,92.3,-20.2));
#2069=VERTEX_POINT('',#2068);
#2070=CARTESIAN_POINT('',(-1.7,84.12282097,-28.516008953));
#2071=VERTEX_POINT('',#2070);
#2072=CARTESIAN_POINT('',(-1.7,81.918898104,-18.170541166));
#2073=DIRECTION('',(-1.,0.,0.));
#2074=DIRECTION('',(0.,0.,1.));
#2075=AXIS2_PLACEMENT_3D('',#2072,#2073,#2074);
#2076=CIRCLE('',#2075,10.577616922);
#2077=EDGE_CURVE('',#2069,#2071,#2076,.T.);
#2078=ORIENTED_EDGE('',*,*,#2077,.T.);
#2079=CARTESIAN_POINT('',(1.7,84.127463743,-28.515018802));
#2080=VERTEX_POINT('',#2079);
#2081=CARTESIAN_POINT('',(-1268.922026134,81.918898104,-18.170541166));
#2082=DIRECTION('',(0.001377046,-0.99902398,-0.044149645));
#2083=DIRECTION('',(-0.999999052,-0.001375703,-0.000060796));
#2084=AXIS2_PLACEMENT_3D('',#2081,#2082,#2083);
#2085=ELLIPSE('',#2084,7681.382208042,10.577616922);
#2086=EDGE_CURVE('',#2071,#2080,#2085,.T.);
#2087=ORIENTED_EDGE('',*,*,#2086,.T.);
#2088=CARTESIAN_POINT('',(1.7,92.3,-20.2));
#2089=VERTEX_POINT('',#2088);
#2090=CARTESIAN_POINT('',(1.7,81.918898104,-18.170541166));
#2091=DIRECTION('',(1.,0.,0.));
#2092=DIRECTION('',(0.,0.,-1.));
#2093=AXIS2_PLACEMENT_3D('',#2090,#2091,#2092);
#2094=CIRCLE('',#2093,10.577616922);
#2095=EDGE_CURVE('',#2080,#2089,#2094,.T.);
#2096=ORIENTED_EDGE('',*,*,#2095,.T.);
#2097=CARTESIAN_POINT('',(1.7,92.3,-20.2));
#2098=DIRECTION('',(-1.,0.,0.));
#2099=VECTOR('',#2098,3.4);
#2100=LINE('',#2097,#2099);
#2101=EDGE_CURVE('',#2089,#2069,#2100,.T.);
#2102=ORIENTED_EDGE('',*,*,#2101,.T.);
#2103=EDGE_LOOP('',(#2078,#2087,#2096,#2102));
#2104=FACE_BOUND('',#2103,.T.);
#2105=ADVANCED_FACE('',(#2104),#2067,.F.);
#2106=CARTESIAN_POINT('',(2.5,-0.7,11.8));
#2107=DIRECTION('',(1.,0.,0.));
#2108=DIRECTION('',(0.,1.,0.));
#2109=AXIS2_PLACEMENT_3D('',#2106,#2107,#2108);
#2110=PLANE('',#2109);
#2111=CARTESIAN_POINT('',(2.5,93.085137293,-20.353490817));
#2112=VERTEX_POINT('',#2111);
#2113=CARTESIAN_POINT('',(2.5,83.935979048,-29.367931544));
#2114=VERTEX_POINT('',#2113);
#2115=CARTESIAN_POINT('',(2.5,81.918898104,-18.170541166));
#2116=DIRECTION('',(-1.,-0.,-0.));
#2117=DIRECTION('',(0.,0.,-1.));
#2118=AXIS2_PLACEMENT_3D('',#2115,#2116,#2117);
#2119=CIRCLE('',#2118,11.377616922);
#2120=EDGE_CURVE('',#2112,#2114,#2119,.T.);
#2121=ORIENTED_EDGE('',*,*,#2120,.T.);
#2122=CARTESIAN_POINT('',(2.5,84.207402034,-35.509726666));
#2123=VERTEX_POINT('',#2122);
#2124=CARTESIAN_POINT('',(2.5,83.935979048,-29.367931544));
#2125=DIRECTION('',(-0.,0.044149686,-0.999024927));
#2126=VECTOR('',#2125,6.147789665);
#2127=LINE('',#2124,#2126);
#2128=EDGE_CURVE('',#2114,#2123,#2127,.T.);
#2129=ORIENTED_EDGE('',*,*,#2128,.T.);
#2130=CARTESIAN_POINT('',(2.5,89.002165316,-29.162744431));
#2131=VERTEX_POINT('',#2130);
#2132=CARTESIAN_POINT('',(2.5,108.69675658,-49.025392158));
#2133=DIRECTION('',(-1.,-0.,-0.));
#2134=DIRECTION('',(0.,0.,-1.));
#2135=AXIS2_PLACEMENT_3D('',#2132,#2133,#2134);
#2136=CIRCLE('',#2135,27.971444363);
#2137=EDGE_CURVE('',#2123,#2131,#2136,.T.);
#2138=ORIENTED_EDGE('',*,*,#2137,.T.);
#2139=CARTESIAN_POINT('',(2.5,93.689229728,-20.471588177));
#2140=VERTEX_POINT('',#2139);
#2141=CARTESIAN_POINT('',(2.5,77.373074233,-17.281852999));
#2142=DIRECTION('',(1.,0.,0.));
#2143=DIRECTION('',(0.,0.,-1.));
#2144=AXIS2_PLACEMENT_3D('',#2141,#2142,#2143);
#2145=CIRCLE('',#2144,16.625021523);
#2146=EDGE_CURVE('',#2131,#2140,#2145,.T.);
#2147=ORIENTED_EDGE('',*,*,#2146,.T.);
#2148=CARTESIAN_POINT('',(2.5,93.38718351,-20.412539497));
#2149=DIRECTION('',(1.,0.,0.));
#2150=DIRECTION('',(0.,0.,-1.));
#2151=AXIS2_PLACEMENT_3D('',#2148,#2149,#2150);
#2152=CIRCLE('',#2151,0.307763975);
#2153=EDGE_CURVE('',#2140,#2112,#2152,.T.);
#2154=ORIENTED_EDGE('',*,*,#2153,.T.);
#2155=EDGE_LOOP('',(#2121,#2129,#2138,#2147,#2154));
#2156=FACE_BOUND('',#2155,.T.);
#2157=ADVANCED_FACE('',(#2156),#2110,.T.);
#2158=CARTESIAN_POINT('',(-2.5,-0.7,11.8));
#2159=DIRECTION('',(-1.,0.,0.));
#2160=DIRECTION('',(0.,1.,0.));
#2161=AXIS2_PLACEMENT_3D('',#2158,#2159,#2160);
#2162=PLANE('',#2161);
#2163=CARTESIAN_POINT('',(-2.5,89.002165316,-29.162744431));
#2164=VERTEX_POINT('',#2163);
#2165=CARTESIAN_POINT('',(-2.5,84.19876566,-35.525386948));
#2166=VERTEX_POINT('',#2165);
#2167=CARTESIAN_POINT('',(-2.5,108.69675658,-49.025392158));
#2168=DIRECTION('',(1.,-0.,-0.));
#2169=DIRECTION('',(0.,0.,1.));
#2170=AXIS2_PLACEMENT_3D('',#2167,#2168,#2169);
#2171=CIRCLE('',#2170,27.971444363);
#2172=EDGE_CURVE('',#2164,#2166,#2171,.T.);
#2173=ORIENTED_EDGE('',*,*,#2172,.T.);
#2174=CARTESIAN_POINT('',(-2.5,83.926724106,-29.369594767));
#2175=VERTEX_POINT('',#2174);
#2176=CARTESIAN_POINT('',(-2.5,84.19876566,-35.525386948));
#2177=DIRECTION('',(-0.,-0.044149686,0.999024927));
#2178=VECTOR('',#2177,6.161800385);
#2179=LINE('',#2176,#2178);
#2180=EDGE_CURVE('',#2166,#2175,#2179,.T.);
#2181=ORIENTED_EDGE('',*,*,#2180,.T.);
#2182=CARTESIAN_POINT('',(-2.5,93.085137293,-20.353490817));
#2183=VERTEX_POINT('',#2182);
#2184=CARTESIAN_POINT('',(-2.5,81.918898104,-18.170541166));
#2185=DIRECTION('',(1.,-0.,-0.));
#2186=DIRECTION('',(0.,0.,1.));
#2187=AXIS2_PLACEMENT_3D('',#2184,#2185,#2186);
#2188=CIRCLE('',#2187,11.377616922);
#2189=EDGE_CURVE('',#2175,#2183,#2188,.T.);
#2190=ORIENTED_EDGE('',*,*,#2189,.T.);
#2191=CARTESIAN_POINT('',(-2.5,93.38718351,-20.104775523));
#2192=VERTEX_POINT('',#2191);
#2193=CARTESIAN_POINT('',(-2.5,93.38718351,-20.412539497));
#2194=DIRECTION('',(-1.,0.,0.));
#2195=DIRECTION('',(0.,0.,1.));
#2196=AXIS2_PLACEMENT_3D('',#2193,#2194,#2195);
#2197=CIRCLE('',#2196,0.307763975);
#2198=EDGE_CURVE('',#2183,#2192,#2197,.T.);
#2199=ORIENTED_EDGE('',*,*,#2198,.T.);
#2200=CARTESIAN_POINT('',(-2.5,93.689229728,-20.471588177));
#2201=VERTEX_POINT('',#2200);
#2202=CARTESIAN_POINT('',(-2.5,93.38718351,-20.412539497));
#2203=DIRECTION('',(-1.,0.,0.));
#2204=DIRECTION('',(0.,0.,1.));
#2205=AXIS2_PLACEMENT_3D('',#2202,#2203,#2204);
#2206=CIRCLE('',#2205,0.307763975);
#2207=EDGE_CURVE('',#2192,#2201,#2206,.T.);
#2208=ORIENTED_EDGE('',*,*,#2207,.T.);
#2209=CARTESIAN_POINT('',(-2.5,77.373074233,-17.281852999));
#2210=DIRECTION('',(-1.,0.,0.));
#2211=DIRECTION('',(0.,0.,1.));
#2212=AXIS2_PLACEMENT_3D('',#2209,#2210,#2211);
#2213=CIRCLE('',#2212,16.625021523);
#2214=EDGE_CURVE('',#2201,#2164,#2213,.T.);
#2215=ORIENTED_EDGE('',*,*,#2214,.T.);
#2216=EDGE_LOOP('',(#2173,#2181,#2190,#2199,#2208,#2215));
#2217=FACE_BOUND('',#2216,.T.);
#2218=ADVANCED_FACE('',(#2217),#2162,.T.);
#2219=CARTESIAN_POINT('',(25.389825457,81.361,-122.748683997));
#2220=CARTESIAN_POINT('',(25.,81.,-122.8));
#2221=CARTESIAN_POINT('',(25.389762834,81.361,-121.561501577));
#2222=CARTESIAN_POINT('',(25.,81.,-121.802368091));
#2223=CARTESIAN_POINT('',(25.390282658,80.873649636,-120.388259606));
#2224=CARTESIAN_POINT('',(25.,80.590462224,-120.816450686));
#2225=CARTESIAN_POINT('',(25.39219274,79.199422952,-118.714033519));
#2226=CARTESIAN_POINT('',(25.,79.18354931,-119.409537774));
#2227=CARTESIAN_POINT('',(25.393567441,78.026181465,-118.226683997));
#2228=CARTESIAN_POINT('',(25.,78.197631904,-119.));
#2229=CARTESIAN_POINT('',(25.394984488,76.839,-118.226683997));
#2230=CARTESIAN_POINT('',(25.,77.2,-119.));
#2231=CARTESIAN_POINT('',(25.395834717,76.126691121,-118.226683997));
#2232=CARTESIAN_POINT('',(25.,76.601420858,-119.));
#2233=CARTESIAN_POINT('',(25.396684945,75.414382242,-118.226683997));
#2234=CARTESIAN_POINT('',(25.,76.002841716,-119.));
#2235=CARTESIAN_POINT('',(25.397535174,74.702073363,-118.226683997));
#2236=CARTESIAN_POINT('',(25.,75.404262573,-119.));
#2237=CARTESIAN_POINT('',(25.39760759,74.641403664,-118.226683997));
#2238=CARTESIAN_POINT('',(25.,75.353279612,-119.));
#2239=CARTESIAN_POINT('',(25.397680007,74.580733966,-118.226683997));
#2240=CARTESIAN_POINT('',(25.,75.302296651,-119.));
#2241=CARTESIAN_POINT('',(25.397752424,74.520064268,-118.226683997));
#2242=CARTESIAN_POINT('',(25.,75.25131369,-119.));
#2243=CARTESIAN_POINT('',(25.397752426,74.520062599,-118.226683997));
#2244=CARTESIAN_POINT('',(25.,75.251312288,-119.));
#2245=CARTESIAN_POINT('',(25.397752428,74.520060931,-118.226683997));
#2246=CARTESIAN_POINT('',(25.,75.251310885,-119.));
#2247=CARTESIAN_POINT('',(25.39775243,74.520059262,-118.226683997));
#2248=CARTESIAN_POINT('',(25.,75.251309483,-119.));
#2249=B_SPLINE_SURFACE_WITH_KNOTS('',3,1,((#2219,#2220),(#2221,#2222),(#2223,#2224),(#2225,#2226),(#2227,#2228),(#2229,#2230),(#2231,#2232),(#2233,#2234),(#2235,#2236),(#2237,#2238),(#2239,#2240),(#2241,#2242),(#2243,#2244),(#2245,#2246),(#2247,#2248)),.UNSPECIFIED.,.F.,.F.,.U.,(4,2,3,3,3,4),(2,2),(0.,0.5,1.,1.3,1.32555199,1.325552693),(0.,1.),.UNSPECIFIED.);
#2250=CARTESIAN_POINT('',(25.43095612,77.486650779,-118.265992503));
#2251=VERTEX_POINT('',#2250);
#2252=CARTESIAN_POINT('',(25.389825457,81.361,-122.748683997));
#2253=VERTEX_POINT('',#2252);
#2254=CARTESIAN_POINT('',(25.394225203,77.477178364,-118.273300772));
#2255=CARTESIAN_POINT('',(25.392960772,78.543379187,-118.428971829));
#2256=CARTESIAN_POINT('',(25.391787029,79.550667942,-118.970787881));
#2257=CARTESIAN_POINT('',(25.390990396,80.254067643,-119.785227835));
#2258=CARTESIAN_POINT('',(25.390193763,80.957467345,-120.59966779));
#2259=CARTESIAN_POINT('',(25.389768473,81.361,-121.668404453));
#2260=CARTESIAN_POINT('',(25.389825457,81.361,-122.748683997));
#2261=B_SPLINE_CURVE_WITH_KNOTS('',3,(#2254,#2255,#2256,#2257,#2258,#2259,#2260),.UNSPECIFIED.,.F.,.F.,(4,3,4),(0.,0.454976221,0.909952443),.UNSPECIFIED.);
#2262=EDGE_CURVE('',#2251,#2253,#2261,.T.);
#2263=ORIENTED_EDGE('',*,*,#2262,.F.);
#2264=CARTESIAN_POINT('',(25.207444728,77.035145573,-118.593900162));
#2265=VERTEX_POINT('',#2264);
#2266=CARTESIAN_POINT('',(25.388720515,77.477578068,-118.283533171));
#2267=CARTESIAN_POINT('',(25.346950487,77.408983256,-118.35093618));
#2268=CARTESIAN_POINT('',(25.312066244,77.342608822,-118.409032696));
#2269=CARTESIAN_POINT('',(25.284087041,77.276034586,-118.456759141));
#2270=CARTESIAN_POINT('',(25.256107839,77.20946035,-118.504485586));
#2271=CARTESIAN_POINT('',(25.229298128,77.125675321,-118.551693308));
#2272=CARTESIAN_POINT('',(25.208666427,77.035803154,-118.591517027));
#2273=B_SPLINE_CURVE_WITH_KNOTS('',3,(#2266,#2267,#2268,#2269,#2270,#2271,#2272),.UNSPECIFIED.,.F.,.F.,(4,3,4),(0.,0.5,1.),.UNSPECIFIED.);
#2274=EDGE_CURVE('',#2251,#2265,#2273,.T.);
#2275=ORIENTED_EDGE('',*,*,#2274,.T.);
#2276=CARTESIAN_POINT('',(25.118569558,75.991298147,-118.768726154));
#2277=VERTEX_POINT('',#2276);
#2278=CARTESIAN_POINT('',(25.118569558,75.991298147,-118.768726154));
#2279=CARTESIAN_POINT('',(25.132372549,76.16932339,-118.741648045));
#2280=CARTESIAN_POINT('',(25.143702704,76.348352688,-118.719342174));
#2281=CARTESIAN_POINT('',(25.150987452,76.528230079,-118.704919256));
#2282=CARTESIAN_POINT('',(25.154629827,76.618168774,-118.697707798));
#2283=CARTESIAN_POINT('',(25.157718624,76.708256665,-118.691573713));
#2284=CARTESIAN_POINT('',(25.162608617,76.797854935,-118.681907641));
#2285=CARTESIAN_POINT('',(25.165053614,76.842654071,-118.677074605));
#2286=CARTESIAN_POINT('',(25.167760296,76.887629796,-118.671727684));
#2287=CARTESIAN_POINT('',(25.172837886,76.931336763,-118.661735649));
#2288=CARTESIAN_POINT('',(25.175376681,76.953190246,-118.656739631));
#2289=CARTESIAN_POINT('',(25.178507233,76.975073592,-118.650583888));
#2290=CARTESIAN_POINT('',(25.183797766,76.994447905,-118.640198266));
#2291=CARTESIAN_POINT('',(25.189088299,77.013822218,-118.629812644));
#2292=CARTESIAN_POINT('',(25.197380233,77.029373373,-118.613534066));
#2293=CARTESIAN_POINT('',(25.207444672,77.035145541,-118.593900271));
#2294=B_SPLINE_CURVE_WITH_KNOTS('',3,(#2278,#2279,#2280,#2281,#2282,#2283,#2284,#2285,#2286,#2287,#2288,#2289,#2290,#2291,#2292,#2293),.UNSPECIFIED.,.F.,.F.,(4,3,3,3,3,4),(0.00973271,0.010274489,0.010545378,0.010680823,0.010748545,0.010816268),.UNSPECIFIED.);
#2295=EDGE_CURVE('',#2277,#2265,#2294,.T.);
#2296=ORIENTED_EDGE('',*,*,#2295,.F.);
#2297=CARTESIAN_POINT('',(25.19015695,74.90171626,-118.630296665));
#2298=VERTEX_POINT('',#2297);
#2299=CARTESIAN_POINT('',(25.118541999,75.9913085,-118.76877993));
#2300=CARTESIAN_POINT('',(25.124681534,75.631425156,-118.757080036));
#2301=CARTESIAN_POINT('',(25.148503612,75.274882492,-118.710917759));
#2302=CARTESIAN_POINT('',(25.190157472,74.901717978,-118.630293098));
#2303=B_SPLINE_CURVE_WITH_KNOTS('',3,(#2299,#2300,#2301,#2302),.UNSPECIFIED.,.F.,.F.,(4,4),(0.,1.),.UNSPECIFIED.);
#2304=EDGE_CURVE('',#2277,#2298,#2303,.T.);
#2305=ORIENTED_EDGE('',*,*,#2304,.T.);
#2306=CARTESIAN_POINT('',(25.,76.602887554,-119.));
#2307=VERTEX_POINT('',#2306);
#2308=CARTESIAN_POINT('',(25.,76.602887554,-119.));
#2309=CARTESIAN_POINT('',(25.,76.307074696,-119.));
#2310=CARTESIAN_POINT('',(25.016202851,76.016789293,-118.968358587));
#2311=CARTESIAN_POINT('',(25.048055609,75.731811171,-118.906383637));
#2312=CARTESIAN_POINT('',(25.079908368,75.44683305,-118.844408687));
#2313=CARTESIAN_POINT('',(25.127996335,75.166189657,-118.750965693));
#2314=CARTESIAN_POINT('',(25.190154493,74.901721141,-118.630298893));
#2315=B_SPLINE_CURVE_WITH_KNOTS('',3,(#2308,#2309,#2310,#2311,#2312,#2313,#2314),.UNSPECIFIED.,.F.,.F.,(4,3,4),(0.002029287,0.002917953,0.003806618),.UNSPECIFIED.);
#2316=EDGE_CURVE('',#2307,#2298,#2315,.T.);
#2317=ORIENTED_EDGE('',*,*,#2316,.F.);
#2318=CARTESIAN_POINT('',(25.,81.,-122.8));
#2319=VERTEX_POINT('',#2318);
#2320=CARTESIAN_POINT('',(25.,81.,-122.8));
#2321=CARTESIAN_POINT('',(25.,81.,-122.523741558));
#2322=CARTESIAN_POINT('',(25.,80.969054108,-122.25277138));
#2323=CARTESIAN_POINT('',(25.,80.909801788,-121.986638414));
#2324=CARTESIAN_POINT('',(25.,80.850549469,-121.720505449));
#2325=CARTESIAN_POINT('',(25.,80.761399249,-121.456744175));
#2326=CARTESIAN_POINT('',(25.,80.647212992,-121.208785203));
#2327=CARTESIAN_POINT('',(25.,80.533026735,-120.960826231));
#2328=CARTESIAN_POINT('',(25.,80.393905097,-120.726475951));
#2329=CARTESIAN_POINT('',(25.,80.228458995,-120.506492467));
#2330=CARTESIAN_POINT('',(25.,80.145735944,-120.396500724));
#2331=CARTESIAN_POINT('',(25.,80.056811104,-120.290895752));
#2332=CARTESIAN_POINT('',(25.,79.963240279,-120.191548632));
#2333=CARTESIAN_POINT('',(25.,79.869669454,-120.092201512));
#2334=CARTESIAN_POINT('',(25.,79.770983057,-119.998578726));
#2335=CARTESIAN_POINT('',(25.,79.667326656,-119.910517383));
#2336=CARTESIAN_POINT('',(25.,79.563670254,-119.822456041));
#2337=CARTESIAN_POINT('',(25.,79.455059797,-119.739938295));
#2338=CARTESIAN_POINT('',(25.,79.341486015,-119.662974518));
#2339=CARTESIAN_POINT('',(25.,79.227912233,-119.586010741));
#2340=CARTESIAN_POINT('',(25.,79.10917945,-119.514616253));
#2341=CARTESIAN_POINT('',(25.,78.988336456,-119.450426377));
#2342=CARTESIAN_POINT('',(25.,78.746650467,-119.322046626));
#2343=CARTESIAN_POINT('',(25.,78.493944573,-119.220196179));
#2344=CARTESIAN_POINT('',(25.,78.23011493,-119.145125027));
#2345=CARTESIAN_POINT('',(25.,78.098200108,-119.10758945));
#2346=CARTESIAN_POINT('',(25.,77.963054524,-119.076836054));
#2347=CARTESIAN_POINT('',(25.,77.828104291,-119.053734669));
#2348=CARTESIAN_POINT('',(25.,77.693154058,-119.030633284));
#2349=CARTESIAN_POINT('',(25.,77.557691844,-119.014935263));
#2350=CARTESIAN_POINT('',(25.,77.421712596,-119.006713673));
#2351=CARTESIAN_POINT('',(25.,77.285733348,-118.998492084));
#2352=CARTESIAN_POINT('',(25.,77.149081255,-119.));
#2353=CARTESIAN_POINT('',(25.,77.012533442,-119.));
#2354=CARTESIAN_POINT('',(25.,76.875985629,-119.));
#2355=CARTESIAN_POINT('',(25.,76.739437816,-119.));
#2356=CARTESIAN_POINT('',(25.,76.602890003,-119.));
#2357=B_SPLINE_CURVE_WITH_KNOTS('',3,(#2320,#2321,#2322,#2323,#2324,#2325,#2326,#2327,#2328,#2329,#2330,#2331,#2332,#2333,#2334,#2335,#2336,#2337,#2338,#2339,#2340,#2341,#2342,#2343,#2344,#2345,
#2346,#2347,#2348,#2349,#2350,#2351,#2352,#2353,#2354,#2355,#2356),.UNSPECIFIED.,.F.,.F.,(4,3,3,3,3,3,3,3,3,3,3,3,4),(-0.,0.000816933,0.001633866,0.002450799,0.002859265,0.003267732,0.003676198,0.004084665,0.004901597,0.005310064,0.00571853,0.006126997,0.006535463),.UNSPECIFIED.);
#2358=EDGE_CURVE('',#2319,#2307,#2357,.T.);
#2359=ORIENTED_EDGE('',*,*,#2358,.F.);
#2360=CARTESIAN_POINT('',(25.389825457,81.361,-122.748683997));
#2361=CARTESIAN_POINT('',(25.259883638,81.240666667,-122.765789332));
#2362=CARTESIAN_POINT('',(25.129941819,81.120333333,-122.782894666));
#2363=CARTESIAN_POINT('',(25.,81.,-122.8));
#2364=B_SPLINE_CURVE_WITH_KNOTS('',3,(#2360,#2361,#2362,#2363),.UNSPECIFIED.,.F.,.F.,(4,4),(0.,1.),.UNSPECIFIED.);
#2365=EDGE_CURVE('',#2253,#2319,#2364,.T.);
#2366=ORIENTED_EDGE('',*,*,#2365,.F.);
#2367=EDGE_LOOP('',(#2263,#2275,#2296,#2305,#2317,#2359,#2366));
#2368=FACE_BOUND('',#2367,.T.);
#2369=ADVANCED_FACE('',(#2368),#2249,.T.);
#2370=CARTESIAN_POINT('',(25.05,73.001441903,-132.));
#2371=DIRECTION('',(-0.969726848,0.24419222,0.));
#2372=DIRECTION('',(-0.24419222,-0.969726848,0.));
#2373=AXIS2_PLACEMENT_3D('',#2370,#2371,#2372);
#2374=PLANE('',#2373);
#2375=CARTESIAN_POINT('',(25.070189906,73.081619288,-117.));
#2376=VERTEX_POINT('',#2375);
#2377=CARTESIAN_POINT('',(25.,72.802883807,-117.));
#2378=VERTEX_POINT('',#2377);
#2379=CARTESIAN_POINT('',(25.070189906,73.081619288,-117.));
#2380=DIRECTION('',(-0.24419222,-0.969726848,0.));
#2381=VECTOR('',#2380,0.287437108);
#2382=LINE('',#2379,#2381);
#2383=EDGE_CURVE('',#2376,#2378,#2382,.T.);
#2384=ORIENTED_EDGE('',*,*,#2383,.T.);
#2385=CARTESIAN_POINT('',(25.,72.802883807,-132.));
#2386=VERTEX_POINT('',#2385);
#2387=CARTESIAN_POINT('',(25.,72.802883807,-132.));
#2388=DIRECTION('',(0.,0.,1.));
#2389=VECTOR('',#2388,15.);
#2390=LINE('',#2387,#2389);
#2391=EDGE_CURVE('',#2386,#2378,#2390,.T.);
#2392=ORIENTED_EDGE('',*,*,#2391,.F.);
#2393=CARTESIAN_POINT('',(25.1,73.2,-132.));
#2394=VERTEX_POINT('',#2393);
#2395=CARTESIAN_POINT('',(25.1,73.2,-132.));
#2396=DIRECTION('',(-0.24419222,-0.969726848,0.));
#2397=VECTOR('',#2396,0.409513456);
#2398=LINE('',#2395,#2397);
#2399=EDGE_CURVE('',#2394,#2386,#2398,.T.);
#2400=ORIENTED_EDGE('',*,*,#2399,.F.);
#2401=CARTESIAN_POINT('',(25.1,73.2,-117.186793229));
#2402=VERTEX_POINT('',#2401);
#2403=CARTESIAN_POINT('',(25.1,73.2,-132.));
#2404=DIRECTION('',(0.,0.,1.));
#2405=VECTOR('',#2404,14.813206771);
#2406=LINE('',#2403,#2405);
#2407=EDGE_CURVE('',#2394,#2402,#2406,.T.);
#2408=ORIENTED_EDGE('',*,*,#2407,.T.);
#2409=CARTESIAN_POINT('',(25.957238262,76.604231954,-114.9));
#2410=DIRECTION('',(0.969726848,-0.24419222,0.));
#2411=DIRECTION('',(0.24419222,0.969726848,-0.));
#2412=AXIS2_PLACEMENT_3D('',#2409,#2410,#2411);
#2413=ELLIPSE('',#2412,4.229494717,4.1);
#2414=EDGE_CURVE('',#2376,#2402,#2413,.T.);
#2415=ORIENTED_EDGE('',*,*,#2414,.F.);
#2416=EDGE_LOOP('',(#2384,#2392,#2400,#2408,#2415));
#2417=FACE_BOUND('',#2416,.T.);
#2418=ADVANCED_FACE('',(#2417),#2374,.F.);
#2419=CARTESIAN_POINT('',(-0.,73.2,-117.));
#2420=DIRECTION('',(0.,-1.,0.));
#2421=DIRECTION('',(1.,0.,0.));
#2422=AXIS2_PLACEMENT_3D('',#2419,#2420,#2421);
#2423=PLANE('',#2422);
#2424=CARTESIAN_POINT('',(25.,73.2,-117.187002215));
#2425=VERTEX_POINT('',#2424);
#2426=CARTESIAN_POINT('',(-2397.92051182,73.2,-114.9));
#2427=DIRECTION('',(0.,-1.,0.));
#2428=DIRECTION('',(1.,0.,-0.));
#2429=AXIS2_PLACEMENT_3D('',#2426,#2427,#2428);
#2430=ELLIPSE('',#2429,2919.280680585,4.1);
#2431=EDGE_CURVE('',#2425,#2402,#2430,.T.);
#2432=ORIENTED_EDGE('',*,*,#2431,.T.);
#2433=ORIENTED_EDGE('',*,*,#2407,.F.);
#2434=CARTESIAN_POINT('',(25.,73.2,-132.));
#2435=VERTEX_POINT('',#2434);
#2436=CARTESIAN_POINT('',(25.1,73.2,-132.));
#2437=DIRECTION('',(-1.,-0.,0.));
#2438=VECTOR('',#2437,0.1);
#2439=LINE('',#2436,#2438);
#2440=EDGE_CURVE('',#2394,#2435,#2439,.T.);
#2441=ORIENTED_EDGE('',*,*,#2440,.T.);
#2442=CARTESIAN_POINT('',(25.,73.2,-132.));
#2443=DIRECTION('',(0.,0.,1.));
#2444=VECTOR('',#2443,14.812997785);
#2445=LINE('',#2442,#2444);
#2446=EDGE_CURVE('',#2435,#2425,#2445,.T.);
#2447=ORIENTED_EDGE('',*,*,#2446,.T.);
#2448=EDGE_LOOP('',(#2432,#2433,#2441,#2447));
#2449=FACE_BOUND('',#2448,.T.);
#2450=ADVANCED_FACE('',(#2449),#2423,.F.);
#2451=CARTESIAN_POINT('',(0.,0.,-117.));
#2452=DIRECTION('',(0.,0.,1.));
#2453=DIRECTION('',(-1.,0.,0.));
#2454=AXIS2_PLACEMENT_3D('',#2451,#2452,#2453);
#2455=PLANE('',#2454);
#2456=ORIENTED_EDGE('',*,*,#2383,.F.);
#2457=CARTESIAN_POINT('',(25.,73.081520709,-117.));
#2458=VERTEX_POINT('',#2457);
#2459=CARTESIAN_POINT('',(25.070189906,73.081619288,-117.));
#2460=DIRECTION('',(-0.999999014,-0.001404456,0.));
#2461=VECTOR('',#2460,0.070189975);
#2462=LINE('',#2459,#2461);
#2463=EDGE_CURVE('',#2376,#2458,#2462,.T.);
#2464=ORIENTED_EDGE('',*,*,#2463,.T.);
#2465=CARTESIAN_POINT('',(25.,72.802883807,-117.));
#2466=DIRECTION('',(0.,1.,0.));
#2467=VECTOR('',#2466,0.278636902);
#2468=LINE('',#2465,#2467);
#2469=EDGE_CURVE('',#2378,#2458,#2468,.T.);
#2470=ORIENTED_EDGE('',*,*,#2469,.F.);
#2471=EDGE_LOOP('',(#2456,#2464,#2470));
#2472=FACE_BOUND('',#2471,.T.);
#2473=ADVANCED_FACE('',(#2472),#2455,.T.);
#2474=CARTESIAN_POINT('',(25.,76.5,-117.));
#2475=DIRECTION('',(1.,0.,0.));
#2476=DIRECTION('',(0.,0.,-1.));
#2477=AXIS2_PLACEMENT_3D('',#2474,#2475,#2476);
#2478=PLANE('',#2477);
#2479=ORIENTED_EDGE('',*,*,#2469,.T.);
#2480=CARTESIAN_POINT('',(25.,72.802883807,-116.439480432));
#2481=VERTEX_POINT('',#2480);
#2482=CARTESIAN_POINT('',(25.,76.602887554,-114.9));
#2483=DIRECTION('',(-1.,-0.,-0.));
#2484=DIRECTION('',(0.,1.,-0.));
#2485=AXIS2_PLACEMENT_3D('',#2482,#2483,#2484);
#2486=ELLIPSE('',#2485,4.100004044,4.1);
#2487=EDGE_CURVE('',#2458,#2481,#2486,.T.);
#2488=ORIENTED_EDGE('',*,*,#2487,.T.);
#2489=CARTESIAN_POINT('',(25.,72.802883807,-117.));
#2490=DIRECTION('',(-0.,-0.,1.));
#2491=VECTOR('',#2490,0.560519568);
#2492=LINE('',#2489,#2491);
#2493=EDGE_CURVE('',#2378,#2481,#2492,.T.);
#2494=ORIENTED_EDGE('',*,*,#2493,.F.);
#2495=EDGE_LOOP('',(#2479,#2488,#2494));
#2496=FACE_BOUND('',#2495,.T.);
#2497=ADVANCED_FACE('',(#2496),#2478,.T.);
#2498=CARTESIAN_POINT('',(-50.496999654,-35.791987968,3.859268001));
#2499=DIRECTION('',(0.044968385,0.044167025,0.998011582));
#2500=DIRECTION('',(0.998986432,0.,-0.04501231));
#2501=AXIS2_PLACEMENT_3D('',#2498,#2499,#2500);
#2502=CYLINDRICAL_SURFACE('',#2501,18.4);
#2503=CARTESIAN_POINT('',(-76.433501327,-48.820845818,-178.));
#2504=VERTEX_POINT('',#2503);
#2505=CARTESIAN_POINT('',(-77.109866215,-43.898853247,-178.));
#2506=VERTEX_POINT('',#2505);
#2507=CARTESIAN_POINT('',(-58.691210818,-43.840173934,-178.));
#2508=DIRECTION('',(-0.,-0.,-1.));
#2509=DIRECTION('',(0.713435103,0.70072131,-0.));
#2510=AXIS2_PLACEMENT_3D('',#2507,#2508,#2509);
#2511=ELLIPSE('',#2510,18.436659782,18.4);
#2512=EDGE_CURVE('',#2504,#2506,#2511,.T.);
#2513=ORIENTED_EDGE('',*,*,#2512,.F.);
#2514=CARTESIAN_POINT('',(-77.50744456,-50.689251471,-206.));
#2515=VERTEX_POINT('',#2514);
#2516=CARTESIAN_POINT('',(-76.433501327,-48.820845818,-178.));
#2517=CARTESIAN_POINT('',(-76.628669127,-49.082053263,-182.669263947));
#2518=CARTESIAN_POINT('',(-76.817713023,-49.36430018,-187.337458521));
#2519=CARTESIAN_POINT('',(-76.997951258,-49.673312383,-192.004333112));
#2520=CARTESIAN_POINT('',(-77.178189493,-49.982324585,-196.671207702));
#2521=CARTESIAN_POINT('',(-77.349738313,-50.317964634,-201.336743563));
#2522=CARTESIAN_POINT('',(-77.50744456,-50.689251471,-206.));
#2523=B_SPLINE_CURVE_WITH_KNOTS('',3,(#2516,#2517,#2518,#2519,#2520,#2521,#2522),.UNSPECIFIED.,.F.,.F.,(4,3,4),(0.,0.014041586,0.028083172),.UNSPECIFIED.);
#2524=EDGE_CURVE('',#2504,#2515,#2523,.T.);
#2525=ORIENTED_EDGE('',*,*,#2524,.T.);
#2526=CARTESIAN_POINT('',(-60.223738358,-63.49583436,-206.));
#2527=VERTEX_POINT('',#2526);
#2528=CARTESIAN_POINT('',(-59.952834244,-45.07931456,-206.));
#2529=DIRECTION('',(-0.,0.,-1.));
#2530=DIRECTION('',(0.713435103,0.70072131,0.));
#2531=AXIS2_PLACEMENT_3D('',#2528,#2529,#2530);
#2532=ELLIPSE('',#2531,18.436659782,18.4);
#2533=EDGE_CURVE('',#2527,#2515,#2532,.T.);
#2534=ORIENTED_EDGE('',*,*,#2533,.F.);
#2535=CARTESIAN_POINT('',(-60.223738358,-62.197331286,-178.000000629));
#2536=VERTEX_POINT('',#2535);
#2537=CARTESIAN_POINT('',(-60.223738358,-45.345391018,-212.012344924));
#2538=DIRECTION('',(1.,-0.,-0.));
#2539=DIRECTION('',(0.,0.044211749,0.999022183));
#2540=AXIS2_PLACEMENT_3D('',#2537,#2538,#2539);
#2541=ELLIPSE('',#2540,409.176354517,18.4);
#2542=EDGE_CURVE('',#2536,#2527,#2541,.T.);
#2543=ORIENTED_EDGE('',*,*,#2542,.F.);
#2544=CARTESIAN_POINT('',(-58.691271262,-62.258147062,-178.000000629));
#2545=VERTEX_POINT('',#2544);
#2546=CARTESIAN_POINT('',(-58.691210847,-43.840173962,-178.000000629));
#2547=DIRECTION('',(-0.,-0.,-1.));
#2548=DIRECTION('',(0.713435103,0.70072131,-0.));
#2549=AXIS2_PLACEMENT_3D('',#2546,#2547,#2548);
#2550=ELLIPSE('',#2549,18.436659782,18.4);
#2551=EDGE_CURVE('',#2545,#2536,#2550,.T.);
#2552=ORIENTED_EDGE('',*,*,#2551,.F.);
#2553=CARTESIAN_POINT('',(-51.252187188,-54.951636258,-12.899851343));
#2554=VERTEX_POINT('',#2553);
#2555=CARTESIAN_POINT('',(-51.252192115,-54.951636258,-12.899851121));
#2556=DIRECTION('',(-0.044968385,-0.044167025,-0.998011582));
#2557=VECTOR('',#2556,165.429091656);
#2558=LINE('',#2555,#2557);
#2559=EDGE_CURVE('',#2554,#2545,#2558,.T.);
#2560=ORIENTED_EDGE('',*,*,#2559,.F.);
#2561=CARTESIAN_POINT('',(-69.670772029,-36.592322812,-12.899516596));
#2562=VERTEX_POINT('',#2561);
#2563=CARTESIAN_POINT('',(-69.670772029,-36.592322812,-12.899516596));
#2564=CARTESIAN_POINT('',(-69.669320381,-37.80671356,-12.899525214));
#2565=CARTESIAN_POINT('',(-69.548956089,-39.00072248,-12.899536428));
#2566=CARTESIAN_POINT('',(-69.314406565,-40.175159858,-12.899550039));
#2567=CARTESIAN_POINT('',(-69.197131802,-40.762378547,-12.899556845));
#2568=CARTESIAN_POINT('',(-69.051099705,-41.34466818,-12.899564249));
#2569=CARTESIAN_POINT('',(-68.875640878,-41.921914022,-12.899572223));
#2570=CARTESIAN_POINT('',(-68.700182051,-42.499159864,-12.899580196));
#2571=CARTESIAN_POINT('',(-68.494299598,-43.072951596,-12.89958877));
#2572=CARTESIAN_POINT('',(-68.263141366,-43.629284596,-12.89959767));
#2573=CARTESIAN_POINT('',(-67.800824903,-44.741950597,-12.899615469));
#2574=CARTESIAN_POINT('',(-67.235264587,-45.797237583,-12.899634727));
#2575=CARTESIAN_POINT('',(-66.56733815,-46.795633365,-12.899654729));
#2576=CARTESIAN_POINT('',(-66.400356541,-47.045232311,-12.899659729));
#2577=CARTESIAN_POINT('',(-66.22691958,-47.291243617,-12.899664775));
#2578=CARTESIAN_POINT('',(-66.046923592,-47.533609664,-12.899669855));
#2579=CARTESIAN_POINT('',(-65.866927603,-47.775975712,-12.899674935));
#2580=CARTESIAN_POINT('',(-65.67986219,-48.015305697,-12.899680062));
#2581=CARTESIAN_POINT('',(-65.487395739,-48.249330991,-12.899685175));
#2582=CARTESIAN_POINT('',(-65.102462837,-48.71738158,-12.899695401));
#2583=CARTESIAN_POINT('',(-64.697422863,-49.162776898,-12.899705535));
#2584=CARTESIAN_POINT('',(-64.272905651,-49.586226601,-12.899715469));
#2585=CARTESIAN_POINT('',(-63.423871229,-50.433126006,-12.899735338));
#2586=CARTESIAN_POINT('',(-62.497479598,-51.192864612,-12.899754416));
#2587=CARTESIAN_POINT('',(-61.491913514,-51.863394871,-12.899771796));
#2588=CARTESIAN_POINT('',(-61.240521993,-52.031027436,-12.899776142));
#2589=CARTESIAN_POINT('',(-60.983405094,-52.193451202,-12.899780391));
#2590=CARTESIAN_POINT('',(-60.723559941,-52.3487261,-12.899784482));
#2591=CARTESIAN_POINT('',(-60.463714789,-52.504000998,-12.899788573));
#2592=CARTESIAN_POINT('',(-60.201004732,-52.652277644,-12.899792509));
#2593=CARTESIAN_POINT('',(-59.935483118,-52.793686351,-12.89979628));
#2594=CARTESIAN_POINT('',(-59.404439889,-53.076503766,-12.899803824));
#2595=CARTESIAN_POINT('',(-58.862170317,-53.331898002,-12.899810711));
#2596=CARTESIAN_POINT('',(-58.308848539,-53.560294436,-12.899816872));
#2597=CARTESIAN_POINT('',(-57.755526762,-53.788690871,-12.899823033));
#2598=CARTESIAN_POINT('',(-57.191152643,-53.990089171,-12.899828469));
#2599=CARTESIAN_POINT('',(-56.61558085,-54.164134327,-12.899833106));
#2600=CARTESIAN_POINT('',(-56.327794954,-54.251156904,-12.899835425));
#2601=CARTESIAN_POINT('',(-56.037204692,-54.331329111,-12.899837544));
#2602=CARTESIAN_POINT('',(-55.743760657,-54.404530257,-12.899839455));
#2603=CARTESIAN_POINT('',(-55.450316623,-54.477731403,-12.899841365));
#2604=CARTESIAN_POINT('',(-55.153504578,-54.544035987,-12.899843069));
#2605=CARTESIAN_POINT('',(-54.856395532,-54.602728669,-12.899844542));
#2606=CARTESIAN_POINT('',(-53.667959345,-54.837499398,-12.899850436));
#2607=CARTESIAN_POINT('',(-52.466583641,-54.954049312,-12.899852718));
#2608=CARTESIAN_POINT('',(-51.252187188,-54.951636258,-12.899851343));
#2609=B_SPLINE_CURVE_WITH_KNOTS('',3,(#2563,#2564,#2565,#2566,#2567,#2568,#2569,#2570,#2571,#2572,#2573,#2574,#2575,#2576,#2577,#2578,#2579,#2580,#2581,#2582,#2583,#2584,#2585,#2586,#2587,#2588,
#2589,#2590,#2591,#2592,#2593,#2594,#2595,#2596,#2597,#2598,#2599,#2600,#2601,#2602,#2603,#2604,#2605,#2606,#2607,#2608),.UNSPECIFIED.,.F.,.F.,(4,3,3,3,3,3,3,3,3,3,3,3,3,3,3,4),(0.,0.003591543,0.005387315,0.007183087,0.01077463,0.011672516,0.012570402,0.014366174,0.017957717,0.018855603,0.019753489,0.021549261,0.023345032,0.024242918,0.025140804,0.028732347),.UNSPECIFIED.);
#2610=EDGE_CURVE('',#2562,#2554,#2609,.T.);
#2611=ORIENTED_EDGE('',*,*,#2610,.F.);
#2612=CARTESIAN_POINT('',(-77.109866215,-43.898853247,-178.));
#2613=DIRECTION('',(0.044968385,0.044167025,0.998011582));
#2614=VECTOR('',#2613,165.429426432);
#2615=LINE('',#2612,#2614);
#2616=EDGE_CURVE('',#2506,#2562,#2615,.T.);
#2617=ORIENTED_EDGE('',*,*,#2616,.F.);
#2618=EDGE_LOOP('',(#2513,#2525,#2534,#2543,#2552,#2560,#2611,#2617));
#2619=FACE_BOUND('',#2618,.T.);
#2620=ADVANCED_FACE('',(#2619),#2502,.T.);
#2621=CARTESIAN_POINT('',(0.056119636,13.434085995,-132.));
#2622=DIRECTION('',(0.,0.,-1.));
#2623=DIRECTION('',(-1.,0.,0.));
#2624=AXIS2_PLACEMENT_3D('',#2621,#2622,#2623);
#2625=CYLINDRICAL_SURFACE('',#2624,61.965069673);
#2626=CARTESIAN_POINT('',(60.494014487,27.106347166,-146.));
#2627=VERTEX_POINT('',#2626);
#2628=CARTESIAN_POINT('',(60.494014487,27.106347166,-139.015));
#2629=DIRECTION('',(0.,0.,-1.));
#2630=VECTOR('',#2629,6.985);
#2631=LINE('',#2628,#2630);
#2632=EDGE_CURVE('',#1527,#2627,#2631,.T.);
#2633=ORIENTED_EDGE('',*,*,#2632,.F.);
#2634=ORIENTED_EDGE('',*,*,#1533,.T.);
#2635=ORIENTED_EDGE('',*,*,#1751,.T.);
#2636=ORIENTED_EDGE('',*,*,#1949,.T.);
#2637=CARTESIAN_POINT('',(17.838410955,72.792825663,-137.270226128));
#2638=DIRECTION('',(-0.,-0.,1.));
#2639=VECTOR('',#2638,5.270226128);
#2640=LINE('',#2637,#2639);
#2641=EDGE_CURVE('',#1859,#1937,#2640,.T.);
#2642=ORIENTED_EDGE('',*,*,#2641,.F.);
#2643=ORIENTED_EDGE('',*,*,#1925,.T.);
#2644=CARTESIAN_POINT('',(0.056119636,13.434085995,-146.));
#2645=DIRECTION('',(0.,0.,1.));
#2646=DIRECTION('',(-0.,-1.,0.));
#2647=AXIS2_PLACEMENT_3D('',#2644,#2645,#2646);
#2648=CIRCLE('',#2647,61.965069673);
#2649=EDGE_CURVE('',#2627,#1914,#2648,.T.);
#2650=ORIENTED_EDGE('',*,*,#2649,.F.);
#2651=EDGE_LOOP('',(#2633,#2634,#2635,#2636,#2642,#2643,#2650));
#2652=FACE_BOUND('',#2651,.T.);
#2653=ADVANCED_FACE('',(#2652),#2625,.F.);
#2654=CARTESIAN_POINT('',(-0.022882596,70.024513072,-117.));
#2655=DIRECTION('',(-0.001093853,0.999999402,0.));
#2656=DIRECTION('',(-0.999999402,-0.001093853,0.));
#2657=AXIS2_PLACEMENT_3D('',#2654,#2655,#2656);
#2658=PLANE('',#2657);
#2659=CARTESIAN_POINT('',(24.071601247,70.050868911,-131.2));
#2660=VERTEX_POINT('',#2659);
#2661=CARTESIAN_POINT('',(24.071601247,70.050868911,-117.));
#2662=VERTEX_POINT('',#2661);
#2663=CARTESIAN_POINT('',(24.071601247,70.050868911,-131.2));
#2664=DIRECTION('',(0.,0.,1.));
#2665=VECTOR('',#2664,14.2);
#2666=LINE('',#2663,#2665);
#2667=EDGE_CURVE('',#2660,#2662,#2666,.T.);
#2668=ORIENTED_EDGE('',*,*,#2667,.T.);
#2669=CARTESIAN_POINT('',(-52.807159722,69.966774797,-117.));
#2670=VERTEX_POINT('',#2669);
#2671=CARTESIAN_POINT('',(-52.807159722,69.966774797,-117.));
#2672=DIRECTION('',(0.999999402,0.001093853,0.));
#2673=VECTOR('',#2672,76.878806962);
#2674=LINE('',#2671,#2673);
#2675=EDGE_CURVE('',#2670,#2662,#2674,.T.);
#2676=ORIENTED_EDGE('',*,*,#2675,.F.);
#2677=CARTESIAN_POINT('',(-52.807159722,69.966774797,-132.));
#2678=VERTEX_POINT('',#2677);
#2679=CARTESIAN_POINT('',(-52.807159722,69.966774797,-117.));
#2680=DIRECTION('',(0.,0.,-1.));
#2681=VECTOR('',#2680,15.);
#2682=LINE('',#2679,#2681);
#2683=EDGE_CURVE('',#2670,#2678,#2682,.T.);
#2684=ORIENTED_EDGE('',*,*,#2683,.T.);
#2685=CARTESIAN_POINT('',(-25.248339577,69.996920114,-132.));
#2686=VERTEX_POINT('',#2685);
#2687=CARTESIAN_POINT('',(-52.807159722,69.966774797,-132.));
#2688=DIRECTION('',(0.999999402,0.001093853,0.));
#2689=VECTOR('',#2688,27.558836632);
#2690=LINE('',#2687,#2689);
#2691=EDGE_CURVE('',#2678,#2686,#2690,.T.);
#2692=ORIENTED_EDGE('',*,*,#2691,.T.);
#2693=CARTESIAN_POINT('',(-25.248339577,69.996920114,-131.2));
#2694=VERTEX_POINT('',#2693);
#2695=CARTESIAN_POINT('',(-25.248339577,69.996920114,-132.));
#2696=DIRECTION('',(-0.,-0.,1.));
#2697=VECTOR('',#2696,0.8);
#2698=LINE('',#2695,#2697);
#2699=EDGE_CURVE('',#2686,#2694,#2698,.T.);
#2700=ORIENTED_EDGE('',*,*,#2699,.T.);
#2701=CARTESIAN_POINT('',(-25.248339577,69.996920114,-131.2));
#2702=DIRECTION('',(0.999999402,0.001093853,0.));
#2703=VECTOR('',#2702,49.319970329);
#2704=LINE('',#2701,#2703);
#2705=EDGE_CURVE('',#2694,#2660,#2704,.T.);
#2706=ORIENTED_EDGE('',*,*,#2705,.T.);
#2707=EDGE_LOOP('',(#2668,#2676,#2684,#2692,#2700,#2706));
#2708=FACE_BOUND('',#2707,.T.);
#2709=ADVANCED_FACE('',(#2708),#2658,.F.);
#2710=CARTESIAN_POINT('',(-0.096960385,81.07364401,3.582869514));
#2711=DIRECTION('',(-0.001194787,0.999024214,0.044149655));
#2712=DIRECTION('',(-0.,-0.044149686,0.999024927));
#2713=AXIS2_PLACEMENT_3D('',#2710,#2711,#2712);
#2714=PLANE('',#2713);
#2715=CARTESIAN_POINT('',(33.703015633,88.023414365,-152.762748662));
#2716=VERTEX_POINT('',#2715);
#2717=CARTESIAN_POINT('',(33.703015633,88.177938267,-156.259335907));
#2718=DIRECTION('',(0.001194787,-0.999024214,-0.044149655));
#2719=DIRECTION('',(-0.,-0.044149686,0.999024927));
#2720=AXIS2_PLACEMENT_3D('',#2717,#2718,#2719);
#2721=CIRCLE('',#2720,3.5);
#2722=EDGE_CURVE('',#2716,#2716,#2721,.T.);
#2723=ORIENTED_EDGE('',*,*,#2722,.T.);
#2724=EDGE_LOOP('',(#2723));
#2725=FACE_BOUND('',#2724,.T.);
#2726=CARTESIAN_POINT('',(3.901672702,82.537345148,-29.429741061));
#2727=VERTEX_POINT('',#2726);
#2728=CARTESIAN_POINT('',(1.701672702,82.43651524,-27.207685458));
#2729=VERTEX_POINT('',#2728);
#2730=CARTESIAN_POINT('',(3.901672702,82.537345148,-29.429741061));
#2731=CARTESIAN_POINT('',(3.901672702,82.530898865,-29.283873702));
#2732=CARTESIAN_POINT('',(3.887533993,82.524507884,-29.139640383));
#2733=CARTESIAN_POINT('',(3.859417868,82.518171577,-28.997022465));
#2734=CARTESIAN_POINT('',(3.831301742,82.511835269,-28.854404546));
#2735=CARTESIAN_POINT('',(3.789269335,82.505619829,-28.714898236));
#2736=CARTESIAN_POINT('',(3.734745153,82.499671509,-28.581774407));
#2737=CARTESIAN_POINT('',(3.680220971,82.493723189,-28.448650578));
#2738=CARTESIAN_POINT('',(3.612596882,82.48796632,-28.320213456));
#2739=CARTESIAN_POINT('',(3.532487532,82.482502797,-28.198752075));
#2740=CARTESIAN_POINT('',(3.452378182,82.477039274,-28.077290695));
#2741=CARTESIAN_POINT('',(3.36164222,82.471983792,-27.965350096));
#2742=CARTESIAN_POINT('',(3.26053061,82.467326715,-27.862705429));
#2743=CARTESIAN_POINT('',(3.159419,82.462669637,-27.760060763));
#2744=CARTESIAN_POINT('',(3.046527055,82.458374039,-27.665914514));
#2745=CARTESIAN_POINT('',(2.926905758,82.454645304,-27.584777424));
#2746=CARTESIAN_POINT('',(2.807284462,82.450916569,-27.503640334));
#2747=CARTESIAN_POINT('',(2.68079869,82.447726863,-27.434886229));
#2748=CARTESIAN_POINT('',(2.547365818,82.445082674,-27.378664161));
#2749=CARTESIAN_POINT('',(2.413932945,82.442438485,-27.322442092));
#2750=CARTESIAN_POINT('',(2.2736439,82.440361299,-27.279235798));
#2751=CARTESIAN_POINT('',(2.132466907,82.4389322,-27.250718514));
#2752=CARTESIAN_POINT('',(1.991289915,82.437503101,-27.22220123));
#2753=CARTESIAN_POINT('',(1.84772744,82.436688282,-27.207648513));
#2754=CARTESIAN_POINT('',(1.701672702,82.43651524,-27.207685458));
#2755=B_SPLINE_CURVE_WITH_KNOTS('',3,(#2730,#2731,#2732,#2733,#2734,#2735,#2736,#2737,#2738,#2739,#2740,#2741,#2742,#2743,#2744,#2745,#2746,#2747,#2748,#2749,#2750,#2751,#2752,#2753,#2754),.UNSPECIFIED.,.F.,.F.,(4,3,3,3,3,3,3,3,4),(-0.,0.000431905,0.00086381,0.001295716,0.001727621,0.002159526,0.002591431,0.003023336,0.003455241),.UNSPECIFIED.);
#2756=EDGE_CURVE('',#2727,#2729,#2755,.T.);
#2757=ORIENTED_EDGE('',*,*,#2756,.T.);
#2758=CARTESIAN_POINT('',(-1.698327298,82.43248696,-27.208544558));
#2759=VERTEX_POINT('',#2758);
#2760=CARTESIAN_POINT('',(-1268.920353431,80.520264204,-18.232350683));
#2761=DIRECTION('',(-0.001194787,0.999024214,0.044149655));
#2762=DIRECTION('',(-0.999999286,-0.001193622,-0.000052749));
#2763=AXIS2_PLACEMENT_3D('',#2760,#2761,#2762);
#2764=ELLIPSE('',#2763,7681.380407759,9.177616922);
#2765=EDGE_CURVE('',#2729,#2759,#2764,.T.);
#2766=ORIENTED_EDGE('',*,*,#2765,.T.);
#2767=CARTESIAN_POINT('',(-3.898327298,82.528090206,-29.431404284));
#2768=VERTEX_POINT('',#2767);
#2769=CARTESIAN_POINT('',(-1.698327298,82.43248696,-27.208544558));
#2770=CARTESIAN_POINT('',(-1.990511555,82.432140781,-27.208618306));
#2771=CARTESIAN_POINT('',(-2.280598787,82.434442333,-27.268548549));
#2772=CARTESIAN_POINT('',(-2.545780574,82.439080411,-27.380675989));
#2773=CARTESIAN_POINT('',(-2.678371468,82.44139945,-27.436739709));
#2774=CARTESIAN_POINT('',(-2.806892121,82.444338386,-27.506720399));
#2775=CARTESIAN_POINT('',(-2.926785925,82.447804726,-27.588401783));
#2776=CARTESIAN_POINT('',(-3.046679728,82.451271065,-27.670083167));
#2777=CARTESIAN_POINT('',(-3.157075852,82.455221789,-27.762468222));
#2778=CARTESIAN_POINT('',(-3.25820323,82.45964522,-27.865298942));
#2779=CARTESIAN_POINT('',(-3.359330608,82.464068652,-27.968129663));
#2780=CARTESIAN_POINT('',(-3.451750936,82.46901882,-28.082643831));
#2781=CARTESIAN_POINT('',(-3.530995358,82.474252274,-28.203211646));
#2782=CARTESIAN_POINT('',(-3.61023978,82.479485728,-28.32377946));
#2783=CARTESIAN_POINT('',(-3.677314372,82.48503154,-28.451086004));
#2784=CARTESIAN_POINT('',(-3.732107205,82.490892582,-28.585193254));
#2785=CARTESIAN_POINT('',(-3.786900038,82.496753624,-28.719300504));
#2786=CARTESIAN_POINT('',(-3.828784244,82.502903885,-28.859602903));
#2787=CARTESIAN_POINT('',(-3.856482057,82.509110649,-29.000799932));
#2788=CARTESIAN_POINT('',(-3.88417987,82.515317412,-29.141996961));
#2789=CARTESIAN_POINT('',(-3.898327298,82.521642198,-29.285497907));
#2790=CARTESIAN_POINT('',(-3.898327298,82.528090206,-29.431404284));
#2791=B_SPLINE_CURVE_WITH_KNOTS('',3,(#2769,#2770,#2771,#2772,#2773,#2774,#2775,#2776,#2777,#2778,#2779,#2780,#2781,#2782,#2783,#2784,#2785,#2786,#2787,#2788,#2789,#2790),.UNSPECIFIED.,.F.,.F.,(4,3,3,3,3,3,3,4),(0.,0.000863863,0.001295795,0.001727727,0.002159658,0.00259159,0.003023522,0.003455453),.UNSPECIFIED.);
#2792=EDGE_CURVE('',#2759,#2768,#2791,.T.);
#2793=ORIENTED_EDGE('',*,*,#2792,.T.);
#2794=CARTESIAN_POINT('',(-3.898327298,82.80013176,-35.587196465));
#2795=VERTEX_POINT('',#2794);
#2796=CARTESIAN_POINT('',(-3.898327298,82.528090206,-29.431404284));
#2797=DIRECTION('',(0.,0.044149686,-0.999024927));
#2798=VECTOR('',#2797,6.161800385);
#2799=LINE('',#2796,#2798);
#2800=EDGE_CURVE('',#2768,#2795,#2799,.T.);
#2801=ORIENTED_EDGE('',*,*,#2800,.T.);
#2802=CARTESIAN_POINT('',(-1.698327298,83.017605856,-40.448692119));
#2803=VERTEX_POINT('',#2802);
#2804=CARTESIAN_POINT('',(-3.898327298,82.80013176,-35.587196465));
#2805=CARTESIAN_POINT('',(-3.898327298,82.82119453,-36.063807603));
#2806=CARTESIAN_POINT('',(-3.857324925,82.842016181,-36.533853048));
#2807=CARTESIAN_POINT('',(-3.780922852,82.86262966,-36.998229956));
#2808=CARTESIAN_POINT('',(-3.742721816,82.872936399,-37.23041841));
#2809=CARTESIAN_POINT('',(-3.695498892,82.883190085,-37.461162192));
#2810=CARTESIAN_POINT('',(-3.638742888,82.893387709,-37.690379447));
#2811=CARTESIAN_POINT('',(-3.581986883,82.903585334,-37.919596702));
#2812=CARTESIAN_POINT('',(-3.51556142,82.913752081,-38.147853579));
#2813=CARTESIAN_POINT('',(-3.43831905,82.923798179,-38.373087652));
#2814=CARTESIAN_POINT('',(-3.36107668,82.933844277,-38.598321724));
#2815=CARTESIAN_POINT('',(-3.273761517,82.943691925,-38.818792676));
#2816=CARTESIAN_POINT('',(-3.173432225,82.953283176,-39.033109635));
#2817=CARTESIAN_POINT('',(-3.073102932,82.962874427,-39.247426594));
#2818=CARTESIAN_POINT('',(-2.960224718,82.972218446,-39.455809544));
#2819=CARTESIAN_POINT('',(-2.826137086,82.981144607,-39.654163197));
#2820=CARTESIAN_POINT('',(-2.75909327,82.985607688,-39.753340023));
#2821=CARTESIAN_POINT('',(-2.687301703,82.989920228,-39.848981869));
#2822=CARTESIAN_POINT('',(-2.609385158,82.993983268,-39.938812281));
#2823=CARTESIAN_POINT('',(-2.531468614,82.998046308,-40.028642693));
#2824=CARTESIAN_POINT('',(-2.447410809,83.001873957,-40.112980494));
#2825=CARTESIAN_POINT('',(-2.353631166,83.005328979,-40.188623289));
#2826=CARTESIAN_POINT('',(-2.259851523,83.008784,-40.264266084));
#2827=CARTESIAN_POINT('',(-2.159252372,83.011756555,-40.328807018));
#2828=CARTESIAN_POINT('',(-2.048433665,83.013956023,-40.375577861));
#2829=CARTESIAN_POINT('',(-1.993024312,83.015055757,-40.398963283));
#2830=CARTESIAN_POINT('',(-1.935205572,83.015947223,-40.417570789));
#2831=CARTESIAN_POINT('',(-1.876836794,83.016565671,-40.429985521));
#2832=CARTESIAN_POINT('',(-1.818468016,83.017184118,-40.442400254));
#2833=CARTESIAN_POINT('',(-1.759008502,83.017541303,-40.448873562));
#2834=CARTESIAN_POINT('',(-1.698327298,83.017605856,-40.448692119));
#2835=B_SPLINE_CURVE_WITH_KNOTS('',3,(#2804,#2805,#2806,#2807,#2808,#2809,#2810,#2811,#2812,#2813,#2814,#2815,#2816,#2817,#2818,#2819,#2820,#2821,#2822,#2823,#2824,#2825,#2826,#2827,#2828,#2829,
#2830,#2831,#2832,#2833,#2834),.UNSPECIFIED.,.F.,.F.,(4,3,3,3,3,3,3,3,3,3,4),(-0.,0.001431685,0.002147527,0.00286337,0.003579212,0.004295054,0.004652976,0.005010897,0.005368818,0.005547779,0.005726739),.UNSPECIFIED.);
#2836=EDGE_CURVE('',#2795,#2803,#2835,.T.);
#2837=ORIENTED_EDGE('',*,*,#2836,.T.);
#2838=CARTESIAN_POINT('',(1.701672702,83.021223088,-40.43853179));
#2839=VERTEX_POINT('',#2838);
#2840=CARTESIAN_POINT('',(19981.301153669,107.29812268,-49.087201675));
#2841=DIRECTION('',(-0.001194787,0.999024214,0.044149655));
#2842=DIRECTION('',(-0.999999286,-0.001193622,-0.000052749));
#2843=AXIS2_PLACEMENT_3D('',#2840,#2841,#2842);
#2844=ELLIPSE('',#2843,21569.898755233,25.771444363);
#2845=EDGE_CURVE('',#2803,#2839,#2844,.T.);
#2846=ORIENTED_EDGE('',*,*,#2845,.T.);
#2847=CARTESIAN_POINT('',(3.901672702,82.808768134,-35.571536183));
#2848=VERTEX_POINT('',#2847);
#2849=CARTESIAN_POINT('',(1.701672702,83.021223088,-40.43853179));
#2850=CARTESIAN_POINT('',(1.822724042,83.021351883,-40.438170261));
#2851=CARTESIAN_POINT('',(1.94209321,83.02026277,-40.41029527));
#2852=CARTESIAN_POINT('',(2.051717879,83.018323356,-40.363443263));
#2853=CARTESIAN_POINT('',(2.161342548,83.016383942,-40.316591257));
#2854=CARTESIAN_POINT('',(2.263718915,83.013587412,-40.250540492));
#2855=CARTESIAN_POINT('',(2.356551827,83.010372188,-40.175273704));
#2856=CARTESIAN_POINT('',(2.449384738,83.007156963,-40.100006916));
#2857=CARTESIAN_POINT('',(2.534718009,83.003467291,-40.014207178));
#2858=CARTESIAN_POINT('',(2.612603886,82.999578868,-39.924111661));
#2859=CARTESIAN_POINT('',(2.690489764,82.995690445,-39.834016145));
#2860=CARTESIAN_POINT('',(2.761527947,82.991580818,-39.739100569));
#2861=CARTESIAN_POINT('',(2.827883381,82.987319927,-39.640888829));
#2862=CARTESIAN_POINT('',(2.960594249,82.978798144,-39.444465349));
#2863=CARTESIAN_POINT('',(3.07503397,82.969630414,-39.23391975));
#2864=CARTESIAN_POINT('',(3.176058439,82.960212367,-39.018072999));
#2865=CARTESIAN_POINT('',(3.277082907,82.95079432,-38.802226247));
#2866=CARTESIAN_POINT('',(3.364981101,82.941074403,-38.579903959));
#2867=CARTESIAN_POINT('',(3.442154572,82.931212536,-38.354659853));
#2868=CARTESIAN_POINT('',(3.596501515,82.911488803,-37.904171641));
#2869=CARTESIAN_POINT('',(3.707706647,82.891385769,-37.44626808));
#2870=CARTESIAN_POINT('',(3.784116807,82.870976819,-36.98238385));
#2871=CARTESIAN_POINT('',(3.860526966,82.85056787,-36.51849962));
#2872=CARTESIAN_POINT('',(3.901672702,82.829848877,-36.04855403));
#2873=CARTESIAN_POINT('',(3.901672702,82.808768134,-35.571536183));
#2874=B_SPLINE_CURVE_WITH_KNOTS('',3,(#2849,#2850,#2851,#2852,#2853,#2854,#2855,#2856,#2857,#2858,#2859,#2860,#2861,#2862,#2863,#2864,#2865,#2866,#2867,#2868,#2869,#2870,#2871,#2872,#2873),.UNSPECIFIED.,.F.,.F.,(4,3,3,3,3,3,3,3,4),(-0.,0.000352924,0.000705848,0.001058772,0.001411696,0.002117544,0.002823392,0.004235088,0.005646784),.UNSPECIFIED.);
#2875=EDGE_CURVE('',#2839,#2848,#2874,.T.);
#2876=ORIENTED_EDGE('',*,*,#2875,.T.);
#2877=CARTESIAN_POINT('',(3.901672702,82.808768134,-35.571536183));
#2878=DIRECTION('',(0.,-0.044149686,0.999024927));
#2879=VECTOR('',#2878,6.147789665);
#2880=LINE('',#2877,#2879);
#2881=EDGE_CURVE('',#2848,#2727,#2880,.T.);
#2882=ORIENTED_EDGE('',*,*,#2881,.T.);
#2883=EDGE_LOOP('',(#2757,#2766,#2793,#2801,#2837,#2846,#2876,#2882));
#2884=FACE_BOUND('',#2883,.T.);
#2885=CARTESIAN_POINT('',(-58.886761122,89.027985472,-178.000000629));
#2886=VERTEX_POINT('',#2885);
#2887=CARTESIAN_POINT('',(58.778693141,89.168707995,-178.000000629));
#2888=VERTEX_POINT('',#2887);
#2889=CARTESIAN_POINT('',(-58.886761122,89.027985472,-178.000000629));
#2890=DIRECTION('',(0.999999285,0.001195954,-0.));
#2891=VECTOR('',#2890,117.665538412);
#2892=LINE('',#2889,#2891);
#2893=EDGE_CURVE('',#2886,#2888,#2892,.T.);
#2894=ORIENTED_EDGE('',*,*,#2893,.F.);
#2895=CARTESIAN_POINT('',(-51.43024928,81.740694195,-12.900422567));
#2896=VERTEX_POINT('',#2895);
#2897=CARTESIAN_POINT('',(-58.886761122,89.027985472,-178.000000629));
#2898=DIRECTION('',(0.045073907,-0.044051014,0.998011949));
#2899=VECTOR('',#2898,165.428458431);
#2900=LINE('',#2897,#2899);
#2901=EDGE_CURVE('',#2886,#2896,#2900,.T.);
#2902=ORIENTED_EDGE('',*,*,#2901,.T.);
#2903=CARTESIAN_POINT('',(51.339626396,81.86360626,-12.900512505));
#2904=VERTEX_POINT('',#2903);
#2905=CARTESIAN_POINT('',(-51.43024928,81.740694195,-12.900422567));
#2906=CARTESIAN_POINT('',(-17.173624055,81.781664892,-12.900452742));
#2907=CARTESIAN_POINT('',(17.083001171,81.82263558,-12.900482721));
#2908=CARTESIAN_POINT('',(51.339626396,81.86360626,-12.900512505));
#2909=B_SPLINE_CURVE_WITH_KNOTS('',3,(#2905,#2906,#2907,#2908),.UNSPECIFIED.,.F.,.F.,(4,4),(0.,0.102769949),.UNSPECIFIED.);
#2910=EDGE_CURVE('',#2896,#2904,#2909,.T.);
#2911=ORIENTED_EDGE('',*,*,#2910,.T.);
#2912=CARTESIAN_POINT('',(51.339631346,81.863606256,-12.900512282));
#2913=DIRECTION('',(0.044968477,0.0441587,-0.998011946));
#2914=VECTOR('',#2913,165.428368801);
#2915=LINE('',#2912,#2914);
#2916=EDGE_CURVE('',#2904,#2888,#2915,.T.);
#2917=ORIENTED_EDGE('',*,*,#2916,.T.);
#2918=EDGE_LOOP('',(#2894,#2902,#2911,#2917));
#2919=FACE_BOUND('',#2918,.T.);
#2920=CARTESIAN_POINT('',(40.713435457,86.521523916,-118.588055967));
#2921=VERTEX_POINT('',#2920);
#2922=CARTESIAN_POINT('',(26.713445449,86.504813202,-118.58879446));
#2923=VERTEX_POINT('',#2922);
#2924=CARTESIAN_POINT('',(40.713435457,86.521523916,-118.588055967));
#2925=DIRECTION('',(-0.999999286,-0.001193622,-0.000052749));
#2926=VECTOR('',#2925,14.);
#2927=LINE('',#2924,#2926);
#2928=EDGE_CURVE('',#2921,#2923,#2927,.T.);
#2929=ORIENTED_EDGE('',*,*,#2928,.T.);
#2930=CARTESIAN_POINT('',(26.713445449,86.86682718,-126.780494505));
#2931=VERTEX_POINT('',#2930);
#2932=CARTESIAN_POINT('',(26.713445449,86.504813202,-118.58879446));
#2933=DIRECTION('',(0.,0.044149686,-0.999024927));
#2934=VECTOR('',#2933,8.199695345);
#2935=LINE('',#2932,#2934);
#2936=EDGE_CURVE('',#2923,#2931,#2935,.T.);
#2937=ORIENTED_EDGE('',*,*,#2936,.T.);
#2938=CARTESIAN_POINT('',(40.713435457,86.883476498,-126.778366731));
#2939=VERTEX_POINT('',#2938);
#2940=CARTESIAN_POINT('',(26.713445449,86.86682718,-126.780494505));
#2941=DIRECTION('',(0.999999281,0.001189237,0.000151984));
#2942=VECTOR('',#2941,14.000000069);
#2943=LINE('',#2940,#2942);
#2944=EDGE_CURVE('',#2931,#2939,#2943,.T.);
#2945=ORIENTED_EDGE('',*,*,#2944,.T.);
#2946=CARTESIAN_POINT('',(40.713435457,86.883476498,-126.778366731));
#2947=DIRECTION('',(-0.,-0.044149686,0.999024927));
#2948=VECTOR('',#2947,8.198304708);
#2949=LINE('',#2946,#2948);
#2950=EDGE_CURVE('',#2939,#2921,#2949,.T.);
#2951=ORIENTED_EDGE('',*,*,#2950,.T.);
#2952=EDGE_LOOP('',(#2929,#2937,#2945,#2951));
#2953=FACE_BOUND('',#2952,.T.);
#2954=CARTESIAN_POINT('',(40.564290314,87.473026157,-140.122810387));
#2955=VERTEX_POINT('',#2954);
#2956=CARTESIAN_POINT('',(26.864300093,87.456673529,-140.123533055));
#2957=VERTEX_POINT('',#2956);
#2958=CARTESIAN_POINT('',(40.564290314,87.473026157,-140.122810387));
#2959=DIRECTION('',(-0.999999286,-0.001193622,-0.000052749));
#2960=VECTOR('',#2959,13.7);
#2961=LINE('',#2958,#2960);
#2962=EDGE_CURVE('',#2955,#2957,#2961,.T.);
#2963=ORIENTED_EDGE('',*,*,#2962,.T.);
#2964=CARTESIAN_POINT('',(26.864300093,87.695081836,-145.518267662));
#2965=VERTEX_POINT('',#2964);
#2966=CARTESIAN_POINT('',(26.864300093,87.456673529,-140.123533055));
#2967=DIRECTION('',(-0.,0.044149686,-0.999024927));
#2968=VECTOR('',#2967,5.4);
#2969=LINE('',#2966,#2968);
#2970=EDGE_CURVE('',#2957,#2965,#2969,.T.);
#2971=ORIENTED_EDGE('',*,*,#2970,.T.);
#2972=CARTESIAN_POINT('',(40.564290314,87.711434463,-145.517544994));
#2973=VERTEX_POINT('',#2972);
#2974=CARTESIAN_POINT('',(26.864300093,87.695081836,-145.518267662));
#2975=DIRECTION('',(0.999999286,0.001193622,0.000052749));
#2976=VECTOR('',#2975,13.7);
#2977=LINE('',#2974,#2976);
#2978=EDGE_CURVE('',#2965,#2973,#2977,.T.);
#2979=ORIENTED_EDGE('',*,*,#2978,.T.);
#2980=CARTESIAN_POINT('',(40.564290314,87.711434463,-145.517544994));
#2981=DIRECTION('',(0.,-0.044149686,0.999024927));
#2982=VECTOR('',#2981,5.4);
#2983=LINE('',#2980,#2982);
#2984=EDGE_CURVE('',#2973,#2955,#2983,.T.);
#2985=ORIENTED_EDGE('',*,*,#2984,.T.);
#2986=EDGE_LOOP('',(#2963,#2971,#2979,#2985));
#2987=FACE_BOUND('',#2986,.T.);
#2988=ADVANCED_FACE('',(#2725,#2884,#2919,#2953,#2987),#2714,.T.);
#2989=CARTESIAN_POINT('',(24.895486996,81.000000145,-178.315664812));
#2990=CARTESIAN_POINT('',(24.933491504,81.000000333,-178.314994662));
#2991=CARTESIAN_POINT('',(25.009500432,81.000000718,-178.313654368));
#2992=CARTESIAN_POINT('',(25.123513551,81.000001324,-178.311643946));
#2993=CARTESIAN_POINT('',(25.237526386,81.000001957,-178.309633545));
#2994=CARTESIAN_POINT('',(25.351538924,81.000002615,-178.307623165));
#2995=CARTESIAN_POINT('',(25.46555115,81.000003294,-178.305612807));
#2996=CARTESIAN_POINT('',(25.579563052,81.00000399,-178.303602473));
#2997=CARTESIAN_POINT('',(25.69357462,81.000004698,-178.301592164));
#2998=CARTESIAN_POINT('',(25.807585846,81.000005412,-178.29958188));
#2999=CARTESIAN_POINT('',(25.921596722,81.000006128,-178.297571623));
#3000=CARTESIAN_POINT('',(26.073610752,81.000007078,-178.294891316));
#3001=CARTESIAN_POINT('',(26.339634063,81.000008717,-178.290200875));
#3002=CARTESIAN_POINT('',(26.87167574,81.000011811,-178.280820384));
#3003=CARTESIAN_POINT('',(27.631722105,81.000015517,-178.267420744));
#3004=CARTESIAN_POINT('',(28.847775901,81.000020399,-178.245982952));
#3005=CARTESIAN_POINT('',(30.367819772,81.000023564,-178.219187379));
#3006=CARTESIAN_POINT('',(32.799909403,81.00002495,-178.176313026));
#3007=CARTESIAN_POINT('',(35.840089331,81.000016652,-178.122713516));
#3008=CARTESIAN_POINT('',(39.376256442,81.000004028,-178.060361639));
#3009=CARTESIAN_POINT('',(41.696120545,80.99999773,-178.019462387));
#3010=CARTESIAN_POINT('',(42.8,81.000003026,-178.));
#3011=CARTESIAN_POINT('',(24.896386821,81.000004253,-176.018894768));
#3012=CARTESIAN_POINT('',(24.934397501,81.000002553,-176.018224248));
#3013=CARTESIAN_POINT('',(25.010418851,80.999999151,-176.01688321));
#3014=CARTESIAN_POINT('',(25.124450851,80.999994039,-176.014871654));
#3015=CARTESIAN_POINT('',(25.238482826,80.999988917,-176.012860102));
#3016=CARTESIAN_POINT('',(25.352514773,80.999983789,-176.010848551));
#3017=CARTESIAN_POINT('',(25.466546686,80.999978655,-176.008837004));
#3018=CARTESIAN_POINT('',(25.580578558,80.99997352,-176.006825461));
#3019=CARTESIAN_POINT('',(25.694610382,80.999968385,-176.004813922));
#3020=CARTESIAN_POINT('',(25.808642146,80.999963255,-176.002802387));
#3021=CARTESIAN_POINT('',(25.92267384,80.999958131,-176.000790859));
#3022=CARTESIAN_POINT('',(26.074715992,80.999951313,-175.998108829));
#3023=CARTESIAN_POINT('',(26.340789432,80.999939423,-175.993415302));
#3024=CARTESIAN_POINT('',(26.872934697,80.999915868,-175.98402837));
#3025=CARTESIAN_POINT('',(27.633135952,80.999883085,-175.970618932));
#3026=CARTESIAN_POINT('',(28.849440413,80.999833115,-175.949165103));
#3027=CARTESIAN_POINT('',(30.369787418,80.999777583,-175.922350202));
#3028=CARTESIAN_POINT('',(32.802270538,80.999711762,-175.879450693));
#3029=CARTESIAN_POINT('',(35.842753884,80.999683026,-175.825832444));
#3030=CARTESIAN_POINT('',(39.378785524,80.999817145,-175.763487911));
#3031=CARTESIAN_POINT('',(41.698383499,81.000002136,-175.722602342));
#3032=CARTESIAN_POINT('',(42.80219679,81.000029706,-175.703145427));
#3033=CARTESIAN_POINT('',(24.898066038,81.000016349,-171.400015445));
#3034=CARTESIAN_POINT('',(24.936093408,81.000010399,-171.39934389));
#3035=CARTESIAN_POINT('',(25.012148119,80.999998511,-171.398000782));
#3036=CARTESIAN_POINT('',(25.126230096,80.999980718,-171.395986126));
#3037=CARTESIAN_POINT('',(25.240311978,80.999962965,-171.393971475));
#3038=CARTESIAN_POINT('',(25.35439376,80.999945254,-171.391956832));
#3039=CARTESIAN_POINT('',(25.468475436,80.999927584,-171.389942195));
#3040=CARTESIAN_POINT('',(25.582557001,80.999909958,-171.387927565));
#3041=CARTESIAN_POINT('',(25.696638447,80.999892377,-171.385912942));
#3042=CARTESIAN_POINT('',(25.810719769,80.999874842,-171.383898327));
#3043=CARTESIAN_POINT('',(25.924800958,80.999857358,-171.38188372));
#3044=CARTESIAN_POINT('',(26.076909026,80.999834115,-171.379197588));
#3045=CARTESIAN_POINT('',(26.343097632,80.999793635,-171.37449689));
#3046=CARTESIAN_POINT('',(26.875472556,80.999713564,-171.365095636));
#3047=CARTESIAN_POINT('',(27.636000058,80.999602456,-171.35166578));
#3048=CARTESIAN_POINT('',(28.852818337,80.999435159,-171.330179654));
#3049=CARTESIAN_POINT('',(30.373774154,80.999251435,-171.303326302));
#3050=CARTESIAN_POINT('',(32.807091927,80.999032477,-171.260374572));
#3051=CARTESIAN_POINT('',(35.848222225,80.998932673,-171.206717568));
#3052=CARTESIAN_POINT('',(39.384479538,80.999072669,-171.144366133));
#3053=CARTESIAN_POINT('',(41.704174397,80.999185179,-171.103486057));
#3054=CARTESIAN_POINT('',(42.807858369,80.999258599,-171.084039962));
#3055=CARTESIAN_POINT('',(24.89902984,81.000036223,-165.62021207));
#3056=CARTESIAN_POINT('',(24.93708938,81.000022528,-165.619538446));
#3057=CARTESIAN_POINT('',(25.013208415,80.999995155,-165.618191202));
#3058=CARTESIAN_POINT('',(25.127386827,80.999954142,-165.616170347));
#3059=CARTESIAN_POINT('',(25.241565089,80.999913181,-165.614149502));
#3060=CARTESIAN_POINT('',(25.355743192,80.999872276,-165.61212867));
#3061=CARTESIAN_POINT('',(25.469921119,80.999831436,-165.610107851));
#3062=CARTESIAN_POINT('',(25.584098851,80.999790668,-165.608087046));
#3063=CARTESIAN_POINT('',(25.698276368,80.999749982,-165.606066258));
#3064=CARTESIAN_POINT('',(25.812453646,80.999709388,-165.604045488));
#3065=CARTESIAN_POINT('',(25.926630661,80.999668895,-165.602024738));
#3066=CARTESIAN_POINT('',(26.078866297,80.999615054,-165.599330434));
#3067=CARTESIAN_POINT('',(26.345277555,80.999521262,-165.594615485));
#3068=CARTESIAN_POINT('',(26.878094895,80.999335697,-165.585185977));
#3069=CARTESIAN_POINT('',(27.639243279,80.99907809,-165.571716681));
#3070=CARTESIAN_POINT('',(28.857021213,80.998689014,-165.550170163));
#3071=CARTESIAN_POINT('',(30.379100048,80.998258686,-165.523247427));
#3072=CARTESIAN_POINT('',(32.813994576,80.997733887,-165.480201672));
#3073=CARTESIAN_POINT('',(35.856602506,80.997438698,-165.42646444));
#3074=CARTESIAN_POINT('',(39.393571488,80.997637831,-165.364088729));
#3075=CARTESIAN_POINT('',(41.712871646,80.998004276,-165.323240906));
#3076=CARTESIAN_POINT('',(42.81623702,80.998189285,-165.303817721));
#3077=CARTESIAN_POINT('',(24.898593743,81.000060456,-160.976244258));
#3078=CARTESIAN_POINT('',(24.936689531,81.000037676,-160.975568114));
#3079=CARTESIAN_POINT('',(25.01288103,80.999992158,-160.974215832));
#3080=CARTESIAN_POINT('',(25.127168043,80.99992401,-160.97218743));
#3081=CARTESIAN_POINT('',(25.241454808,80.999855995,-160.97015905));
#3082=CARTESIAN_POINT('',(25.355741306,80.999788124,-160.968130694));
#3083=CARTESIAN_POINT('',(25.470027514,80.999720407,-160.966102363));
#3084=CARTESIAN_POINT('',(25.584313403,80.999652858,-160.964074059));
#3085=CARTESIAN_POINT('',(25.698598945,80.999585492,-160.962045785));
#3086=CARTESIAN_POINT('',(25.812884106,80.999518326,-160.960017544));
#3087=CARTESIAN_POINT('',(25.927168851,80.999451379,-160.957989338));
#3088=CARTESIAN_POINT('',(26.079547909,80.999362433,-160.955285114));
#3089=CARTESIAN_POINT('',(26.346209545,80.999207682,-160.950552868));
#3090=CARTESIAN_POINT('',(26.879524852,80.998902403,-160.94108905));
#3091=CARTESIAN_POINT('',(27.64137444,80.998481995,-160.927571791));
#3092=CARTESIAN_POINT('',(28.860241559,80.997858481,-160.905951906));
#3093=CARTESIAN_POINT('',(30.383597667,80.997198416,-160.8789459));
#3094=CARTESIAN_POINT('',(32.820270278,80.996482261,-160.835791969));
#3095=CARTESIAN_POINT('',(35.864458704,80.996317275,-160.78197617));
#3096=CARTESIAN_POINT('',(39.40200488,80.997109419,-160.719600523));
#3097=CARTESIAN_POINT('',(41.720937717,80.997880686,-160.678794773));
#3098=CARTESIAN_POINT('',(42.823962456,80.998230078,-160.659398188));
#3099=CARTESIAN_POINT('',(24.897329416,81.000085552,-157.493380451));
#3100=CARTESIAN_POINT('',(24.935459953,81.000053726,-157.492701651));
#3101=CARTESIAN_POINT('',(25.011720924,80.999990134,-157.491344063));
#3102=CARTESIAN_POINT('',(25.126112073,80.999894936,-157.48930771));
#3103=CARTESIAN_POINT('',(25.240502896,80.99979994,-157.487271389));
#3104=CARTESIAN_POINT('',(25.354893371,80.999705164,-157.485235102));
#3105=CARTESIAN_POINT('',(25.469283467,80.999610634,-157.483198853));
#3106=CARTESIAN_POINT('',(25.583673146,80.999516378,-157.481162645));
#3107=CARTESIAN_POINT('',(25.698062365,80.999422431,-157.479126484));
#3108=CARTESIAN_POINT('',(25.812451079,80.999328826,-157.477090374));
#3109=CARTESIAN_POINT('',(25.926839238,80.999235599,-157.47505432));
#3110=CARTESIAN_POINT('',(26.079355972,80.999111851,-157.472339663));
#3111=CARTESIAN_POINT('',(26.346257939,80.998896878,-157.467589243));
#3112=CARTESIAN_POINT('',(26.880051014,80.998474358,-157.458089475));
#3113=CARTESIAN_POINT('',(27.642572076,80.997898209,-157.444522317));
#3114=CARTESIAN_POINT('',(28.862478371,80.997060557,-157.422826953));
#3115=CARTESIAN_POINT('',(30.387046976,80.996214881,-157.395737044));
#3116=CARTESIAN_POINT('',(32.825389936,80.995432292,-157.352479463));
#3117=CARTESIAN_POINT('',(35.871025838,80.995654536,-157.298600281));
#3118=CARTESIAN_POINT('',(39.409056004,80.997369882,-157.236245942));
#3119=CARTESIAN_POINT('',(41.72756875,80.998709386,-157.195491822));
#3120=CARTESIAN_POINT('',(42.8302633,80.999252086,-157.176123311));
#3121=CARTESIAN_POINT('',(24.894795188,81.000122284,-154.010665856));
#3122=CARTESIAN_POINT('',(24.932970783,81.000077508,-154.009983125));
#3123=CARTESIAN_POINT('',(25.00932183,80.999988085,-154.008617683));
#3124=CARTESIAN_POINT('',(25.123847962,80.999854345,-154.006569577));
#3125=CARTESIAN_POINT('',(25.238373631,80.999721017,-154.00452153));
#3126=CARTESIAN_POINT('',(25.3528988,80.999588126,-154.002473546));
#3127=CARTESIAN_POINT('',(25.467423422,80.999455705,-154.000425629));
#3128=CARTESIAN_POINT('',(25.581947446,80.999323791,-153.998377784));
#3129=CARTESIAN_POINT('',(25.696470811,80.999192429,-153.996330017));
#3130=CARTESIAN_POINT('',(25.810993455,80.999061668,-153.994282335));
#3131=CARTESIAN_POINT('',(25.925515311,80.998931562,-153.992234745));
#3132=CARTESIAN_POINT('',(26.078209974,80.998759035,-153.989504759));
#3133=CARTESIAN_POINT('',(26.345422372,80.998459815,-153.984727661));
#3134=CARTESIAN_POINT('',(26.879831981,80.997873981,-153.975175226));
#3135=CARTESIAN_POINT('',(27.643217958,80.99708395,-153.961535397));
#3136=CARTESIAN_POINT('',(28.864457901,80.995966509,-153.939731948));
#3137=CARTESIAN_POINT('',(30.390567778,80.994924795,-153.912526681));
#3138=CARTESIAN_POINT('',(32.830998316,80.994239828,-153.869137689));
#3139=CARTESIAN_POINT('',(35.878363398,80.995404366,-153.81520342));
#3140=CARTESIAN_POINT('',(39.416815874,80.998955049,-153.752921064));
#3141=CARTESIAN_POINT('',(41.734731272,81.001286131,-153.712252122));
#3142=CARTESIAN_POINT('',(42.836992819,81.002138286,-153.692924735));
#3143=CARTESIAN_POINT('',(24.890816939,81.000184178,-150.528113407));
#3144=CARTESIAN_POINT('',(24.929049203,81.000119425,-150.5274248));
#3145=CARTESIAN_POINT('',(25.005513545,80.99999011,-150.526047614));
#3146=CARTESIAN_POINT('',(25.120209492,80.999796725,-150.523981924));
#3147=CARTESIAN_POINT('',(25.234904843,80.999603967,-150.521916327));
#3148=CARTESIAN_POINT('',(25.349599552,80.9994119,-150.519850832));
#3149=CARTESIAN_POINT('',(25.46429356,80.999220605,-150.517785452));
#3150=CARTESIAN_POINT('',(25.578986794,80.999030178,-150.515720199));
#3151=CARTESIAN_POINT('',(25.693679169,80.998840725,-150.513655087));
#3152=CARTESIAN_POINT('',(25.808370594,80.998652358,-150.511590131));
#3153=CARTESIAN_POINT('',(25.923060968,80.998465194,-150.509525345));
#3154=CARTESIAN_POINT('',(26.075979929,80.998217404,-150.506772547));
#3155=CARTESIAN_POINT('',(26.34358369,80.997788824,-150.501955858));
#3156=CARTESIAN_POINT('',(26.878770382,80.996955296,-150.492325759));
#3157=CARTESIAN_POINT('',(27.643244621,80.995851685,-150.478580392));
#3158=CARTESIAN_POINT('',(28.866156583,80.99435048,-150.456623397));
#3159=CARTESIAN_POINT('',(30.394188115,80.993099544,-150.429261065));
#3160=CARTESIAN_POINT('',(32.837169975,80.992828553,-150.385714891));
#3161=CARTESIAN_POINT('',(35.886500284,80.995984386,-150.331768477));
#3162=CARTESIAN_POINT('',(39.425145961,81.003010898,-150.269662818));
#3163=CARTESIAN_POINT('',(41.742149791,81.00707534,-150.229136068));
#3164=CARTESIAN_POINT('',(42.843830186,81.008426709,-150.209869757));
#3165=CARTESIAN_POINT('',(24.885232039,81.000285301,-147.045739579));
#3166=CARTESIAN_POINT('',(24.923534237,81.000188486,-147.045041939));
#3167=CARTESIAN_POINT('',(25.000138382,80.999995274,-147.043646722));
#3168=CARTESIAN_POINT('',(25.115043833,80.999706726,-147.041554086));
#3169=CARTESIAN_POINT('',(25.22994847,80.999419504,-147.039461647));
#3170=CARTESIAN_POINT('',(25.344852221,80.999133687,-147.037369416));
#3171=CARTESIAN_POINT('',(25.459754997,80.998849376,-147.035277405));
#3172=CARTESIAN_POINT('',(25.574656698,80.998566691,-147.033185629));
#3173=CARTESIAN_POINT('',(25.689557214,80.998285768,-147.031094108));
#3174=CARTESIAN_POINT('',(25.804456426,80.998006762,-147.029002862));
#3175=CARTESIAN_POINT('',(25.919354208,80.997729842,-147.026911914));
#3176=CARTESIAN_POINT('',(26.072549171,80.997363641,-147.024124413));
#3177=CARTESIAN_POINT('',(26.34063441,80.996731408,-147.019247506));
#3178=CARTESIAN_POINT('',(26.876777062,80.995507179,-147.009499342));
#3179=CARTESIAN_POINT('',(27.642590757,80.993908384,-146.995594174));
#3180=CARTESIAN_POINT('',(28.86755636,80.991822577,-146.973410072));
#3181=CARTESIAN_POINT('',(30.39791744,80.990360547,-146.945832719));
#3182=CARTESIAN_POINT('',(32.843895518,80.991117229,-146.902117274));
#3183=CARTESIAN_POINT('',(35.895269526,80.998177576,-146.848281117));
#3184=CARTESIAN_POINT('',(39.433520117,81.011555236,-146.786555215));
#3185=CARTESIAN_POINT('',(41.749119603,81.018550966,-146.746256854));
#3186=CARTESIAN_POINT('',(42.850018593,81.020681518,-146.727077915));
#3187=CARTESIAN_POINT('',(24.878233058,81.000469426,-143.563615687));
#3188=CARTESIAN_POINT('',(24.916614106,81.000320308,-143.562902378));
#3189=CARTESIAN_POINT('',(24.993375942,81.000022651,-143.561475871));
#3190=CARTESIAN_POINT('',(25.108517906,80.999577944,-143.559336444));
#3191=CARTESIAN_POINT('',(25.223659033,80.999135147,-143.557197373));
#3192=CARTESIAN_POINT('',(25.338799245,80.998694474,-143.555058692));
#3193=CARTESIAN_POINT('',(25.453938437,80.998256202,-143.552920443));
#3194=CARTESIAN_POINT('',(25.569076475,80.997820656,-143.550782674));
#3195=CARTESIAN_POINT('',(25.684213201,80.997388193,-143.548645439));
#3196=CARTESIAN_POINT('',(25.79934844,80.996959194,-143.54650879));
#3197=CARTESIAN_POINT('',(25.914482003,80.996534053,-143.544372787));
#3198=CARTESIAN_POINT('',(26.067990919,80.995972877,-143.541525718));
#3199=CARTESIAN_POINT('',(26.336624233,80.995007149,-143.536546009));
#3200=CARTESIAN_POINT('',(26.873855703,80.993152489,-143.526598881));
#3201=CARTESIAN_POINT('',(27.641193589,80.990787373,-143.512433006));
#3202=CARTESIAN_POINT('',(28.868495549,80.987864949,-143.489896941));
#3203=CARTESIAN_POINT('',(30.401524387,80.986237531,-143.462023055));
#3204=CARTESIAN_POINT('',(32.850854431,80.989159731,-143.418183829));
#3205=CARTESIAN_POINT('',(35.904037425,81.00359172,-143.364772412));
#3206=CARTESIAN_POINT('',(39.440649985,81.028145556,-143.303787409));
#3207=CARTESIAN_POINT('',(41.754110848,81.039786307,-143.263820782));
#3208=CARTESIAN_POINT('',(42.853988099,81.043018831,-143.244752782));
#3209=CARTESIAN_POINT('',(24.870103302,81.000725879,-140.081828029));
#3210=CARTESIAN_POINT('',(24.908551601,81.000506313,-140.081086239));
#3211=CARTESIAN_POINT('',(24.985448153,81.000068291,-140.079602945));
#3212=CARTESIAN_POINT('',(25.100792836,80.999414635,-140.077378879));
#3213=CARTESIAN_POINT('',(25.216137326,80.998764503,-140.075155715));
#3214=CARTESIAN_POINT('',(25.331481545,80.998118115,-140.072933499));
#3215=CARTESIAN_POINT('',(25.446825403,80.997475748,-140.070712285));
#3216=CARTESIAN_POINT('',(25.562168803,80.996837737,-140.068492142));
#3217=CARTESIAN_POINT('',(25.677511644,80.996204475,-140.066273149));
#3218=CARTESIAN_POINT('',(25.792853817,80.99557641,-140.064055395));
#3219=CARTESIAN_POINT('',(25.908195207,80.994954041,-140.061838977));
#3220=CARTESIAN_POINT('',(26.061982514,80.99413254,-140.058885675));
#3221=CARTESIAN_POINT('',(26.331106634,80.992718825,-140.053722829));
#3222=CARTESIAN_POINT('',(26.869335753,80.990004824,-140.043422138));
#3223=CARTESIAN_POINT('',(27.638147621,80.98656332,-140.02879805));
#3224=CARTESIAN_POINT('',(28.867866433,80.982490109,-140.005675889));
#3225=CARTESIAN_POINT('',(30.403834597,80.98097318,-139.977411787));
#3226=CARTESIAN_POINT('',(32.856816203,80.988260077,-139.933696459));
#3227=CARTESIAN_POINT('',(35.911052735,81.015891103,-139.88144862));
#3228=CARTESIAN_POINT('',(39.443734937,81.058806859,-139.821743066));
#3229=CARTESIAN_POINT('',(41.754174203,81.077026362,-139.78216691));
#3230=CARTESIAN_POINT('',(42.852851199,81.081483655,-139.763202436));
#3231=CARTESIAN_POINT('',(24.862370945,81.00095498,-137.180725352));
#3232=CARTESIAN_POINT('',(24.900817667,81.00068777,-137.179930466));
#3233=CARTESIAN_POINT('',(24.977712327,81.000153693,-137.178341298));
#3234=CARTESIAN_POINT('',(25.093058005,80.999353692,-137.175959393));
#3235=CARTESIAN_POINT('',(25.208407485,80.998555107,-137.173579445));
#3236=CARTESIAN_POINT('',(25.323760914,80.997758465,-137.171201622));
#3237=CARTESIAN_POINT('',(25.43911844,80.996964467,-137.168826137));
#3238=CARTESIAN_POINT('',(25.554480191,80.996173956,-137.166453238));
#3239=CARTESIAN_POINT('',(25.669846274,80.995387862,-137.164083198));
#3240=CARTESIAN_POINT('',(25.785216769,80.99460718,-137.161716306));
#3241=CARTESIAN_POINT('',(25.900591734,80.993832945,-137.159352864));
#3242=CARTESIAN_POINT('',(26.054431023,80.992810645,-137.156206621));
#3243=CARTESIAN_POINT('',(26.323665574,80.991051674,-137.150714954));
#3244=CARTESIAN_POINT('',(26.862197173,80.987684771,-137.139797483));
#3245=CARTESIAN_POINT('',(27.631690269,80.983486285,-137.124437774));
#3246=CARTESIAN_POINT('',(28.86302708,80.978830919,-137.100529049));
#3247=CARTESIAN_POINT('',(30.401781815,80.978209599,-137.07206443));
#3248=CARTESIAN_POINT('',(32.858537838,80.992412042,-137.029382592));
#3249=CARTESIAN_POINT('',(35.912182356,81.038942144,-136.979511068));
#3250=CARTESIAN_POINT('',(39.438150956,81.104503682,-136.921238291));
#3251=CARTESIAN_POINT('',(41.74570651,81.12868513,-136.881830458));
#3252=CARTESIAN_POINT('',(42.843582176,81.133470851,-136.862863238));
#3253=CARTESIAN_POINT('',(24.857522238,81.000385032,-134.858603616));
#3254=CARTESIAN_POINT('',(24.89577385,81.000276878,-134.85774455));
#3255=CARTESIAN_POINT('',(24.97228342,81.000056296,-134.856027786));
#3256=CARTESIAN_POINT('',(25.087067049,80.999712513,-134.853456817));
#3257=CARTESIAN_POINT('',(25.201870502,80.999355643,-134.850890238));
#3258=CARTESIAN_POINT('',(25.316694548,80.998985492,-134.848328374));
#3259=CARTESIAN_POINT('',(25.431540141,80.99860189,-134.845771641));
#3260=CARTESIAN_POINT('',(25.546408371,80.998204728,-134.843220526));
#3261=CARTESIAN_POINT('',(25.661300405,80.997794039,-134.840675574));
#3262=CARTESIAN_POINT('',(25.776217437,80.997370016,-134.838137368));
#3263=CARTESIAN_POINT('',(25.891160638,80.996933047,-134.835606522));
#3264=CARTESIAN_POINT('',(26.044454614,80.996333952,-134.832242713));
#3265=CARTESIAN_POINT('',(26.312818119,80.995245109,-134.826386242));
#3266=CARTESIAN_POINT('',(26.849964695,80.992936472,-134.814811776));
#3267=CARTESIAN_POINT('',(27.618575888,80.989527638,-134.798766198));
#3268=CARTESIAN_POINT('',(28.850594763,80.985522639,-134.774416913));
#3269=CARTESIAN_POINT('',(30.392673648,80.986817827,-134.746629971));
#3270=CARTESIAN_POINT('',(32.853700348,81.010223976,-134.706454511));
#3271=CARTESIAN_POINT('',(35.904604949,81.075790849,-134.659514623));
#3272=CARTESIAN_POINT('',(39.423325345,81.158733295,-134.601850058));
#3273=CARTESIAN_POINT('',(41.729976085,81.185710213,-134.562274206));
#3274=CARTESIAN_POINT('',(42.828079634,81.189163173,-134.543187075));
#3275=CARTESIAN_POINT('',(24.85819696,80.998678715,-133.116419652));
#3276=CARTESIAN_POINT('',(24.89601268,80.999046179,-133.115503688));
#3277=CARTESIAN_POINT('',(24.97166451,80.9997543,-133.113673222));
#3278=CARTESIAN_POINT('',(25.085204046,81.000735702,-133.110932044));
#3279=CARTESIAN_POINT('',(25.198806972,81.001635777,-133.108195816));
#3280=CARTESIAN_POINT('',(25.312475464,81.002454212,-133.105465211));
#3281=CARTESIAN_POINT('',(25.42621198,81.003191027,-133.102741082));
#3282=CARTESIAN_POINT('',(25.540019051,81.003846674,-133.100024412));
#3283=CARTESIAN_POINT('',(25.65389916,81.004421967,-133.097316268));
#3284=CARTESIAN_POINT('',(25.76785465,81.004918136,-133.094617773));
#3285=CARTESIAN_POINT('',(25.881887661,81.005336815,-133.091930082));
#3286=CARTESIAN_POINT('',(26.03403756,81.005794474,-133.088362455));
#3287=CARTESIAN_POINT('',(26.300583458,81.006340086,-133.082165093));
#3288=CARTESIAN_POINT('',(26.83484089,81.006499414,-133.069986438));
#3289=CARTESIAN_POINT('',(27.601400526,81.004780021,-133.053372045));
#3290=CARTESIAN_POINT('',(28.833555437,81.001950263,-133.028895558));
#3291=CARTESIAN_POINT('',(30.379406417,81.00541299,-133.00231469));
#3292=CARTESIAN_POINT('',(32.844269314,81.038449236,-132.96517643));
#3293=CARTESIAN_POINT('',(35.89171276,81.117244245,-132.920626276));
#3294=CARTESIAN_POINT('',(39.405236597,81.20845139,-132.862755987));
#3295=CARTESIAN_POINT('',(41.712824528,81.235822163,-132.822887203));
#3296=CARTESIAN_POINT('',(42.811873141,81.237086926,-132.803650628));
#3297=CARTESIAN_POINT('',(24.867260527,80.994160857,-131.666098835));
#3298=CARTESIAN_POINT('',(24.904125427,80.995737509,-131.665111689));
#3299=CARTESIAN_POINT('',(24.977911687,80.998800805,-131.663137971));
#3300=CARTESIAN_POINT('',(25.088761853,81.003124585,-131.660179346));
#3301=CARTESIAN_POINT('',(25.199786022,81.007174837,-131.657223259));
#3302=CARTESIAN_POINT('',(25.310988591,81.010948869,-131.654270612));
#3303=CARTESIAN_POINT('',(25.422374747,81.014444372,-131.651322612));
#3304=CARTESIAN_POINT('',(25.533950098,81.017659948,-131.64838074));
#3305=CARTESIAN_POINT('',(25.645720236,81.02059579,-131.645446746));
#3306=CARTESIAN_POINT('',(25.757690405,81.023253961,-131.642522602));
#3307=CARTESIAN_POINT('',(25.869865188,81.025638645,-131.639610466));
#3308=CARTESIAN_POINT('',(26.019709304,81.028462057,-131.635746687));
#3309=CARTESIAN_POINT('',(26.282674768,81.032497785,-131.629043486));
#3310=CARTESIAN_POINT('',(26.811582977,81.037265488,-131.615938719));
#3311=CARTESIAN_POINT('',(27.575236263,81.037124897,-131.598439684));
#3312=CARTESIAN_POINT('',(28.808658734,81.03430773,-131.573899778));
#3313=CARTESIAN_POINT('',(30.359024368,81.04223619,-131.549329862));
#3314=CARTESIAN_POINT('',(32.826901837,81.085292,-131.515604502));
#3315=CARTESIAN_POINT('',(35.87148451,81.167725875,-131.472613181));
#3316=CARTESIAN_POINT('',(39.383120522,81.255590966,-131.413684114));
#3317=CARTESIAN_POINT('',(41.693855343,81.28156732,-131.373494607));
#3318=CARTESIAN_POINT('',(42.794648529,81.27977231,-131.354104997));
#3319=CARTESIAN_POINT('',(24.882970837,80.986624508,-130.653944012));
#3320=CARTESIAN_POINT('',(24.918203805,80.990826066,-130.652919348));
#3321=CARTESIAN_POINT('',(24.988824096,80.998909073,-130.65085771));
#3322=CARTESIAN_POINT('',(25.095219989,81.010073563,-130.647729075));
#3323=CARTESIAN_POINT('',(25.202087246,81.020281317,-130.644566503));
#3324=CARTESIAN_POINT('',(25.309433129,81.029541559,-130.641373637));
#3325=CARTESIAN_POINT('',(25.417264409,81.037871065,-130.63815535));
#3326=CARTESIAN_POINT('',(25.525585984,81.045295015,-130.634917565));
#3327=CARTESIAN_POINT('',(25.634400092,81.051846628,-130.631666999));
#3328=CARTESIAN_POINT('',(25.743705758,81.057566772,-130.62841096));
#3329=CARTESIAN_POINT('',(25.853498601,81.062503011,-130.625157121));
#3330=CARTESIAN_POINT('',(26.00052823,81.068110362,-130.620832036));
#3331=CARTESIAN_POINT('',(26.259469236,81.075567124,-130.613325462));
#3332=CARTESIAN_POINT('',(26.783478297,81.082781145,-130.598768335));
#3333=CARTESIAN_POINT('',(27.546185881,81.080897134,-130.580189623));
#3334=CARTESIAN_POINT('',(28.781244057,81.079418992,-130.556046941));
#3335=CARTESIAN_POINT('',(30.333952588,81.092846599,-130.533356996));
#3336=CARTESIAN_POINT('',(32.804691365,81.138663925,-130.501884031));
#3337=CARTESIAN_POINT('',(35.850055146,81.213699075,-130.459410878));
#3338=CARTESIAN_POINT('',(39.364145307,81.288517858,-130.399232949));
#3339=CARTESIAN_POINT('',(41.678798168,81.3123164,-130.358857331));
#3340=CARTESIAN_POINT('',(42.78138124,81.307741479,-130.339368717));
#3341=CARTESIAN_POINT('',(24.897330577,80.978339405,-130.076739971));
#3342=CARTESIAN_POINT('',(24.931054133,80.985329788,-130.075741241));
#3343=CARTESIAN_POINT('',(24.998769746,80.998689031,-130.073710155));
#3344=CARTESIAN_POINT('',(25.10115144,81.016867155,-130.070564246));
#3345=CARTESIAN_POINT('',(25.204347096,81.033202897,-130.067324036));
#3346=CARTESIAN_POINT('',(25.308361779,81.047732382,-130.063997584));
#3347=CARTESIAN_POINT('',(25.413197337,81.060510353,-130.060595614));
#3348=CARTESIAN_POINT('',(25.518850797,81.071609745,-130.057131027));
#3349=CARTESIAN_POINT('',(25.625313087,81.081121785,-130.053618524));
#3350=CARTESIAN_POINT('',(25.732568562,81.089154021,-130.050074061));
#3351=CARTESIAN_POINT('',(25.840594887,81.095828024,-130.046514319));
#3352=CARTESIAN_POINT('',(25.985619576,81.103091988,-130.041770064));
#3353=CARTESIAN_POINT('',(26.241890591,81.111998884,-130.033530488));
#3354=CARTESIAN_POINT('',(26.763209968,81.118525487,-130.017716925));
#3355=CARTESIAN_POINT('',(27.525821545,81.114926701,-129.998561608));
#3356=CARTESIAN_POINT('',(28.761052382,81.115938713,-129.974882813));
#3357=CARTESIAN_POINT('',(30.314882788,81.131807138,-129.953216294));
#3358=CARTESIAN_POINT('',(32.788014166,81.176348805,-129.92285184));
#3359=CARTESIAN_POINT('',(35.835431721,81.243180117,-129.880487374));
#3360=CARTESIAN_POINT('',(39.352542062,81.306688337,-129.819496507));
#3361=CARTESIAN_POINT('',(41.669937311,81.328582481,-129.779028018));
#3362=CARTESIAN_POINT('',(42.773681649,81.322249792,-129.759487065));
#3363=CARTESIAN_POINT('',(24.912332035,80.970456999,-129.644663849));
#3364=CARTESIAN_POINT('',(24.944492268,80.980506514,-129.643727681));
#3365=CARTESIAN_POINT('',(25.009211065,80.999621843,-129.641793404));
#3366=CARTESIAN_POINT('',(25.107488335,81.025349307,-129.638708622));
#3367=CARTESIAN_POINT('',(25.206970423,81.048161811,-129.63544827));
#3368=CARTESIAN_POINT('',(25.307660047,81.068120832,-129.632025312));
#3369=CARTESIAN_POINT('',(25.409553709,81.08532198,-129.628457545));
#3370=CARTESIAN_POINT('',(25.512638381,81.099899662,-129.624767401));
#3371=CARTESIAN_POINT('',(25.616889912,81.112025352,-129.620980999));
#3372=CARTESIAN_POINT('',(25.722271829,81.121905285,-129.617127253));
#3373=CARTESIAN_POINT('',(25.828735759,81.129772838,-129.61323646));
#3374=CARTESIAN_POINT('',(25.972051789,81.137914336,-129.608039671));
#3375=CARTESIAN_POINT('',(26.226200021,81.146898698,-129.599022152));
#3376=CARTESIAN_POINT('',(26.745776375,81.15078154,-129.581980484));
#3377=CARTESIAN_POINT('',(27.508335488,81.146385718,-129.562574236));
#3378=CARTESIAN_POINT('',(28.742968269,81.150078112,-129.539303877));
#3379=CARTESIAN_POINT('',(30.297698914,81.166865091,-129.518338235));
#3380=CARTESIAN_POINT('',(32.773186849,81.208497896,-129.48866744));
#3381=CARTESIAN_POINT('',(35.823219023,81.266902511,-129.446298142));
#3382=CARTESIAN_POINT('',(39.343552239,81.319850068,-129.384666987));
#3383=CARTESIAN_POINT('',(41.663249086,81.339817067,-129.344132875));
#3384=CARTESIAN_POINT('',(42.767921386,81.332083401,-129.324554733));
#3385=CARTESIAN_POINT('',(24.929320716,80.965894256,-129.285699596));
#3386=CARTESIAN_POINT('',(24.95967025,80.979591462,-129.284871504));
#3387=CARTESIAN_POINT('',(25.020929392,81.005520939,-129.283111911));
#3388=CARTESIAN_POINT('',(25.114505662,81.040022959,-129.280165475));
#3389=CARTESIAN_POINT('',(25.209781512,81.070158999,-129.276922048));
#3390=CARTESIAN_POINT('',(25.306764817,81.096003198,-129.273400107));
#3391=CARTESIAN_POINT('',(25.405450661,81.117700393,-129.269627819));
#3392=CARTESIAN_POINT('',(25.505815227,81.135475686,-129.265642674));
#3393=CARTESIAN_POINT('',(25.607810729,81.14963923,-129.261490688));
#3394=CARTESIAN_POINT('',(25.711365177,81.160572824,-129.257223655));
#3395=CARTESIAN_POINT('',(25.816384372,81.168710448,-129.252896019));
#3396=CARTESIAN_POINT('',(25.958213905,81.17644557,-129.247116327));
#3397=CARTESIAN_POINT('',(26.210719164,81.183407114,-129.237148897));
#3398=CARTESIAN_POINT('',(26.729345603,81.182495796,-129.218863942));
#3399=CARTESIAN_POINT('',(27.491385202,81.179463692,-129.199614144));
#3400=CARTESIAN_POINT('',(28.724753157,81.185280714,-129.176588346));
#3401=CARTESIAN_POINT('',(30.280495196,81.201685564,-129.156146829));
#3402=CARTESIAN_POINT('',(32.758612132,81.238704617,-129.126883345));
#3403=CARTESIAN_POINT('',(35.811969776,81.288002775,-129.084458036));
#3404=CARTESIAN_POINT('',(39.335921099,81.330331902,-129.022287072));
#3405=CARTESIAN_POINT('',(41.657725248,81.348066388,-128.98169684));
#3406=CARTESIAN_POINT('',(42.763203606,81.339096969,-128.962088998));
#3407=CARTESIAN_POINT('',(24.944853404,80.967566478,-128.999370473));
#3408=CARTESIAN_POINT('',(24.973396121,80.984971385,-128.998681396));
#3409=CARTESIAN_POINT('',(25.031210101,81.017784732,-128.997150524));
#3410=CARTESIAN_POINT('',(25.120134965,81.060988403,-128.994397243));
#3411=CARTESIAN_POINT('',(25.211299188,81.098146329,-128.991194585));
#3412=CARTESIAN_POINT('',(25.304732428,81.129304683,-128.987563449));
#3413=CARTESIAN_POINT('',(25.400438258,81.154646013,-128.983542825));
#3414=CARTESIAN_POINT('',(25.498377682,81.174530238,-128.979192245));
#3415=CARTESIAN_POINT('',(25.598464621,81.189486596,-128.974588517));
#3416=CARTESIAN_POINT('',(25.700567169,81.200184931,-128.96982044));
#3417=CARTESIAN_POINT('',(25.804517412,81.207377052,-128.964980461));
#3418=CARTESIAN_POINT('',(25.94532711,81.213316106,-128.958548217));
#3419=CARTESIAN_POINT('',(26.196845793,81.216660869,-128.947612126));
#3420=CARTESIAN_POINT('',(26.714943567,81.211439295,-128.928435654));
#3421=CARTESIAN_POINT('',(27.475827543,81.211521434,-128.909568596));
#3422=CARTESIAN_POINT('',(28.707854856,81.218087393,-128.886577723));
#3423=CARTESIAN_POINT('',(30.264678974,81.233345201,-128.866522478));
#3424=CARTESIAN_POINT('',(32.745458569,81.264977098,-128.837448683));
#3425=CARTESIAN_POINT('',(35.802312798,81.30565721,-128.794963469));
#3426=CARTESIAN_POINT('',(39.329806862,81.338394972,-128.732373348));
#3427=CARTESIAN_POINT('',(41.653394197,81.353789975,-128.691731657));
#3428=CARTESIAN_POINT('',(42.759525042,81.343789894,-128.672100115));
#3429=CARTESIAN_POINT('',(24.956878972,80.972356574,-128.784986512));
#3430=CARTESIAN_POINT('',(24.983901262,80.992939134,-128.784434432));
#3431=CARTESIAN_POINT('',(25.038818178,81.031638245,-128.783132333));
#3432=CARTESIAN_POINT('',(25.123843413,81.082216067,-128.780582397));
#3433=CARTESIAN_POINT('',(25.211589605,81.12519399,-128.77743535));
#3434=CARTESIAN_POINT('',(25.302120644,81.160544585,-128.773708945));
#3435=CARTESIAN_POINT('',(25.395452142,81.188476292,-128.7694516));
#3436=CARTESIAN_POINT('',(25.491530614,81.209482482,-128.764744829));
#3437=CARTESIAN_POINT('',(25.590221689,81.224353855,-128.759701604));
#3438=CARTESIAN_POINT('',(25.691322729,81.234093844,-128.75445342));
#3439=CARTESIAN_POINT('',(25.794582727,81.239811357,-128.749135565));
#3440=CARTESIAN_POINT('',(25.934775723,81.243531097,-128.742117312));
#3441=CARTESIAN_POINT('',(26.185749752,81.243236064,-128.730379376));
#3442=CARTESIAN_POINT('',(26.70340728,81.235417444,-128.710708587));
#3443=CARTESIAN_POINT('',(27.462979219,81.238667634,-128.692204006));
#3444=CARTESIAN_POINT('',(28.693916114,81.245168154,-128.669156391));
#3445=CARTESIAN_POINT('',(30.251707399,81.259074034,-128.649365088));
#3446=CARTESIAN_POINT('',(32.734811033,81.285746793,-128.620362742));
#3447=CARTESIAN_POINT('',(35.794738958,81.31927032,-128.577826809));
#3448=CARTESIAN_POINT('',(39.325237096,81.344282539,-128.514935077));
#3449=CARTESIAN_POINT('',(41.650205092,81.357592457,-128.474249143));
#3450=CARTESIAN_POINT('',(42.756825628,81.346797433,-128.454599504));
#3451=CARTESIAN_POINT('',(24.968490307,80.980751929,-128.570768155));
#3452=CARTESIAN_POINT('',(24.993871897,81.004862895,-128.570390479));
#3453=CARTESIAN_POINT('',(25.045660194,81.050107114,-128.569386603));
#3454=CARTESIAN_POINT('',(25.126482322,81.108860074,-128.567121124));
#3455=CARTESIAN_POINT('',(25.210577924,81.158169374,-128.564075922));
#3456=CARTESIAN_POINT('',(25.298068063,81.197849229,-128.560255915));
#3457=CARTESIAN_POINT('',(25.388998008,81.228074687,-128.555712868));
#3458=CARTESIAN_POINT('',(25.483286329,81.24954524,-128.550560901));
#3459=CARTESIAN_POINT('',(25.580726438,81.263430912,-128.544965355));
#3460=CARTESIAN_POINT('',(25.681003063,81.271258252,-128.539124878));
#3461=CARTESIAN_POINT('',(25.783739828,81.274675237,-128.533239832));
#3462=CARTESIAN_POINT('',(25.923486357,81.275403157,-128.525564753));
#3463=CARTESIAN_POINT('',(26.174040696,81.271067614,-128.513029958));
#3464=CARTESIAN_POINT('',(26.690942066,81.262407532,-128.49316537));
#3465=CARTESIAN_POINT('',(27.448768477,81.269078344,-128.474996101));
#3466=CARTESIAN_POINT('',(28.678622226,81.27489946,-128.451835634));
#3467=CARTESIAN_POINT('',(30.237548494,81.28682993,-128.432259978));
#3468=CARTESIAN_POINT('',(32.723351246,81.307597009,-128.40326279));
#3469=CARTESIAN_POINT('',(35.786833047,81.333232147,-128.360668667));
#3470=CARTESIAN_POINT('',(39.320703831,81.350019231,-128.297496661));
#3471=CARTESIAN_POINT('',(41.647089912,81.360857305,-128.256757724));
#3472=CARTESIAN_POINT('',(42.754196862,81.349243939,-128.237089173));
#3473=CARTESIAN_POINT('',(24.978854861,80.99146528,-128.356330259));
#3474=CARTESIAN_POINT('',(25.00258407,81.019258408,-128.356156692));
#3475=CARTESIAN_POINT('',(25.051211468,81.071381803,-128.355512941));
#3476=CARTESIAN_POINT('',(25.127762348,81.138854708,-128.353627058));
#3477=CARTESIAN_POINT('',(25.208151131,81.194946529,-128.350763236));
#3478=CARTESIAN_POINT('',(25.292603344,81.239113808,-128.346888763));
#3479=CARTESIAN_POINT('',(25.381218853,81.271394966,-128.342046864));
#3480=CARTESIAN_POINT('',(25.473904992,81.292634866,-128.336378721));
#3481=CARTESIAN_POINT('',(25.570331645,81.30461214,-128.330132851));
#3482=CARTESIAN_POINT('',(25.670005784,81.309668137,-128.32361298));
#3483=CARTESIAN_POINT('',(25.772373398,81.310226971,-128.31711438));
#3484=CARTESIAN_POINT('',(25.911758519,81.30774799,-128.308788095));
#3485=CARTESIAN_POINT('',(26.161734002,81.300300752,-128.295624908));
#3486=CARTESIAN_POINT('',(26.677270834,81.293194931,-128.275884883));
#3487=CARTESIAN_POINT('',(27.433040606,81.302743311,-128.257916281));
#3488=CARTESIAN_POINT('',(28.661903346,81.307460246,-128.23463607));
#3489=CARTESIAN_POINT('',(30.22213651,81.316608966,-128.21519433));
#3490=CARTESIAN_POINT('',(32.711057583,81.330543261,-128.186147156));
#3491=CARTESIAN_POINT('',(35.778595917,81.347512806,-128.143482475));
#3492=CARTESIAN_POINT('',(39.316225945,81.355619029,-128.080061576));
#3493=CARTESIAN_POINT('',(41.644061853,81.363548772,-128.039257398));
#3494=CARTESIAN_POINT('',(42.75164854,81.3510921,-128.019568522));
#3495=CARTESIAN_POINT('',(24.987517186,81.001063342,-128.141063585));
#3496=CARTESIAN_POINT('',(25.009754958,81.032280913,-128.141091065));
#3497=CARTESIAN_POINT('',(25.055508591,81.090897977,-128.140816197));
#3498=CARTESIAN_POINT('',(25.128103872,81.166948499,-128.139372863));
#3499=CARTESIAN_POINT('',(25.204982075,81.230114178,-128.136801326));
#3500=CARTESIAN_POINT('',(25.286519775,81.279262816,-128.133000042));
#3501=CARTESIAN_POINT('',(25.372984737,81.31378469,-128.127937443));
#3502=CARTESIAN_POINT('',(25.464287479,81.334583219,-128.121770028));
#3503=CARTESIAN_POINT('',(25.559940336,81.344192846,-128.11485077));
#3504=CARTESIAN_POINT('',(25.65915014,81.346303873,-128.107659443));
#3505=CARTESIAN_POINT('',(25.761105931,81.344464429,-128.10063032));
#3506=CARTESIAN_POINT('',(25.899878331,81.34007089,-128.091840103));
#3507=CARTESIAN_POINT('',(26.148687737,81.332071325,-128.078376443));
#3508=CARTESIAN_POINT('',(26.662102159,81.32809166,-128.058863352));
#3509=CARTESIAN_POINT('',(27.415702975,81.339557499,-128.040945059));
#3510=CARTESIAN_POINT('',(28.643722128,81.342958333,-128.017574702));
#3511=CARTESIAN_POINT('',(30.205429053,81.348372437,-127.99815597));
#3512=CARTESIAN_POINT('',(32.697920376,81.354585113,-127.969015084));
#3513=CARTESIAN_POINT('',(35.770030943,81.362087411,-127.926262541));
#3514=CARTESIAN_POINT('',(39.311817798,81.361092634,-127.862632974));
#3515=CARTESIAN_POINT('',(41.641130795,81.36565387,-127.821748569));
#3516=CARTESIAN_POINT('',(42.749187876,81.352328574,-127.802037431));
#3517=CARTESIAN_POINT('',(24.99389792,81.00696465,-127.924518626));
#3518=CARTESIAN_POINT('',(25.015086509,81.040526152,-127.924661656));
#3519=CARTESIAN_POINT('',(25.058801344,81.10365355,-127.924604694));
#3520=CARTESIAN_POINT('',(25.128529601,81.185900047,-127.923445825));
#3521=CARTESIAN_POINT('',(25.202746051,81.254642143,-127.921111837));
#3522=CARTESIAN_POINT('',(25.281862222,81.308603999,-127.917484517));
#3523=CARTESIAN_POINT('',(25.366274379,81.346645837,-127.912467636));
#3524=CARTESIAN_POINT('',(25.456190909,81.368445866,-127.906066891));
#3525=CARTESIAN_POINT('',(25.550935843,81.37735928,-127.898741206));
#3526=CARTESIAN_POINT('',(25.649305056,81.378883048,-127.891205958));
#3527=CARTESIAN_POINT('',(25.750312517,81.377357707,-127.883998847));
#3528=CARTESIAN_POINT('',(25.887842841,81.373810394,-127.875074465));
#3529=CARTESIAN_POINT('',(26.134724543,81.367654447,-127.861519234));
#3530=CARTESIAN_POINT('',(26.645235807,81.366691722,-127.842010604));
#3531=CARTESIAN_POINT('',(27.396773734,81.379354369,-127.824089097));
#3532=CARTESIAN_POINT('',(28.624085005,81.381355486,-127.800656571));
#3533=CARTESIAN_POINT('',(30.18742711,81.382053132,-127.781138324));
#3534=CARTESIAN_POINT('',(32.683945443,81.379687986,-127.751865741));
#3535=CARTESIAN_POINT('',(35.761145947,81.376951139,-127.709006032));
#3536=CARTESIAN_POINT('',(39.307484425,81.366434261,-127.645212355));
#3537=CARTESIAN_POINT('',(41.638300595,81.367199378,-127.604232292));
#3538=CARTESIAN_POINT('',(42.746817714,81.352982844,-127.584496714));
#3539=CARTESIAN_POINT('',(24.997178312,81.010303972,-127.706822074));
#3540=CARTESIAN_POINT('',(25.018011325,81.044256189,-127.706901891));
#3541=CARTESIAN_POINT('',(25.061011145,81.108209688,-127.706729604));
#3542=CARTESIAN_POINT('',(25.129648077,81.191842391,-127.705432391));
#3543=CARTESIAN_POINT('',(25.202741186,81.262163869,-127.703001108));
#3544=CARTESIAN_POINT('',(25.280663053,81.318060428,-127.699338867));
#3545=CARTESIAN_POINT('',(25.363675081,81.358950386,-127.694419599));
#3546=CARTESIAN_POINT('',(25.451696944,81.385701833,-127.688396443));
#3547=CARTESIAN_POINT('',(25.544270528,81.400735808,-127.681607359));
#3548=CARTESIAN_POINT('',(25.64065432,81.407532039,-127.674502645));
#3549=CARTESIAN_POINT('',(25.740063036,81.409537537,-127.667501416));
#3550=CARTESIAN_POINT('',(25.875771139,81.40933441,-127.658693503));
#3551=CARTESIAN_POINT('',(26.119971866,81.406704438,-127.645114466));
#3552=CARTESIAN_POINT('',(26.626780702,81.408398434,-127.62531302));
#3553=CARTESIAN_POINT('',(27.376387641,81.421780799,-127.607356521));
#3554=CARTESIAN_POINT('',(28.603078034,81.422428262,-127.58387971));
#3555=CARTESIAN_POINT('',(30.168193963,81.41753578,-127.564141585));
#3556=CARTESIAN_POINT('',(32.669162033,81.405785672,-127.534699407));
#3557=CARTESIAN_POINT('',(35.75195142,81.392111114,-127.491713956));
#3558=CARTESIAN_POINT('',(39.3032205,81.371630438,-127.427798804));
#3559=CARTESIAN_POINT('',(41.635568069,81.368256665,-127.386710218));
#3560=CARTESIAN_POINT('',(42.744535713,81.35313036,-127.366948197));
#3561=CARTESIAN_POINT('',(24.998351812,81.010758298,-127.415312644));
#3562=CARTESIAN_POINT('',(25.01938458,81.043326806,-127.415139902));
#3563=CARTESIAN_POINT('',(25.06270097,81.104853448,-127.414507255));
#3564=CARTESIAN_POINT('',(25.131517421,81.186049343,-127.412675795));
#3565=CARTESIAN_POINT('',(25.204374445,81.255614769,-127.409925909));
#3566=CARTESIAN_POINT('',(25.281464642,81.313157455,-127.406250612));
#3567=CARTESIAN_POINT('',(25.362873284,81.35878168,-127.401706818));
#3568=CARTESIAN_POINT('',(25.44853721,81.393200022,-127.396420836));
#3569=CARTESIAN_POINT('',(25.538226465,81.417775226,-127.390587552));
#3570=CARTESIAN_POINT('',(25.631574658,81.434332354,-127.38444277));
#3571=CARTESIAN_POINT('',(25.728124532,81.444899194,-127.378228121));
#3572=CARTESIAN_POINT('',(25.860484258,81.453565758,-127.370128003));
#3573=CARTESIAN_POINT('',(26.100024074,81.460251384,-127.357001429));
#3574=CARTESIAN_POINT('',(26.600717052,81.467421071,-127.336756819));
#3575=CARTESIAN_POINT('',(27.347577118,81.481082565,-127.318538729));
#3576=CARTESIAN_POINT('',(28.573470027,81.480256019,-127.295027102));
#3577=CARTESIAN_POINT('',(30.141063779,81.4670159,-127.274846521));
#3578=CARTESIAN_POINT('',(32.648440045,81.44180538,-127.245124032));
#3579=CARTESIAN_POINT('',(35.739294217,81.41272068,-127.201948478));
#3580=CARTESIAN_POINT('',(39.297613336,81.378354383,-127.137920434));
#3581=CARTESIAN_POINT('',(41.632043852,81.369153871,-127.096675521));
#3582=CARTESIAN_POINT('',(42.741601917,81.352794075,-127.076876145));
#3583=CARTESIAN_POINT('',(24.996884573,80.996723789,-126.902882497));
#3584=CARTESIAN_POINT('',(25.018744082,81.025952888,-126.902234797));
#3585=CARTESIAN_POINT('',(25.063441394,81.081877759,-126.900783548));
#3586=CARTESIAN_POINT('',(25.13345347,81.158129967,-126.898146052));
#3587=CARTESIAN_POINT('',(25.20650269,81.226698353,-126.895070618));
#3588=CARTESIAN_POINT('',(25.282674383,81.287572681,-126.891594948));
#3589=CARTESIAN_POINT('',(25.362046107,81.340816911,-126.887768597));
#3590=CARTESIAN_POINT('',(25.444653602,81.386638386,-126.883651564));
#3591=CARTESIAN_POINT('',(25.5304637,81.425401243,-126.879302144));
#3592=CARTESIAN_POINT('',(25.619369013,81.457632482,-126.87477752));
#3593=CARTESIAN_POINT('',(25.711207657,81.483986045,-126.870138297));
#3594=CARTESIAN_POINT('',(25.837298255,81.512288134,-126.863886894));
#3595=CARTESIAN_POINT('',(26.066703562,81.546614111,-126.852997614));
#3596=CARTESIAN_POINT('',(26.553450809,81.576226635,-126.833053392));
#3597=CARTESIAN_POINT('',(27.294097166,81.589626832,-126.813555437));
#3598=CARTESIAN_POINT('',(28.518181866,81.587863117,-126.789977394));
#3599=CARTESIAN_POINT('',(30.09022633,81.558534445,-126.768696244));
#3600=CARTESIAN_POINT('',(32.609738008,81.5077565,-126.738321326));
#3601=CARTESIAN_POINT('',(35.716147637,81.449808077,-126.694764719));
#3602=CARTESIAN_POINT('',(39.287955781,81.389579528,-126.6306398));
#3603=CARTESIAN_POINT('',(41.626147936,81.369788393,-126.589106909));
#3604=CARTESIAN_POINT('',(42.736720411,81.351224759,-126.569238584));
#3605=CARTESIAN_POINT('',(24.981711901,80.987320633,-125.884714863));
#3606=CARTESIAN_POINT('',(25.004705069,81.013008093,-125.883783508));
#3607=CARTESIAN_POINT('',(25.051274361,81.063229047,-125.88189847));
#3608=CARTESIAN_POINT('',(25.122907541,81.135043752,-125.879002609));
#3609=CARTESIAN_POINT('',(25.196397122,81.203196375,-125.876033531));
#3610=CARTESIAN_POINT('',(25.271843406,81.267495754,-125.872983839));
#3611=CARTESIAN_POINT('',(25.349346241,81.327756241,-125.869846547));
#3612=CARTESIAN_POINT('',(25.428991625,81.383822096,-125.866617013));
#3613=CARTESIAN_POINT('',(25.510836682,81.435622129,-125.863302431));
#3614=CARTESIAN_POINT('',(25.594907587,81.483169422,-125.859920135));
#3615=CARTESIAN_POINT('',(25.681200667,81.526539436,-125.856489851));
#3616=CARTESIAN_POINT('',(25.799184215,81.57894694,-125.851875254));
#3617=CARTESIAN_POINT('',(26.013167436,81.65695957,-125.843747042));
#3618=CARTESIAN_POINT('',(26.469303596,81.763006462,-125.827577169));
#3619=CARTESIAN_POINT('',(27.185692042,81.810211462,-125.806464416));
#3620=CARTESIAN_POINT('',(28.400580012,81.811780061,-125.780866126));
#3621=CARTESIAN_POINT('',(29.979936,81.755067745,-125.757210613));
#3622=CARTESIAN_POINT('',(32.524663056,81.648299859,-125.724542466));
#3623=CARTESIAN_POINT('',(35.66626433,81.528023141,-125.680216221));
#3624=CARTESIAN_POINT('',(39.268851541,81.409876325,-125.616010414));
#3625=CARTESIAN_POINT('',(41.615042003,81.370203398,-125.573967282));
#3626=CARTESIAN_POINT('',(42.727631052,81.347131598,-125.553965126));
#3627=CARTESIAN_POINT('',(24.963002427,80.963479599,-124.459816195));
#3628=CARTESIAN_POINT('',(24.986256288,80.988612338,-124.458886315));
#3629=CARTESIAN_POINT('',(25.033185035,81.038111422,-124.457014579));
#3630=CARTESIAN_POINT('',(25.104863678,81.110026896,-124.454172672));
#3631=CARTESIAN_POINT('',(25.177890275,81.179518674,-124.451302036));
#3632=CARTESIAN_POINT('',(25.252355243,81.246458853,-124.448411598));
#3633=CARTESIAN_POINT('',(25.328366424,81.310693529,-124.445511608));
#3634=CARTESIAN_POINT('',(25.406029714,81.372076077,-124.442612415));
#3635=CARTESIAN_POINT('',(25.485429518,81.430478843,-124.439717187));
#3636=CARTESIAN_POINT('',(25.566612077,81.485823584,-124.436822963));
#3637=CARTESIAN_POINT('',(25.64959583,81.538076983,-124.433926086));
#3638=CARTESIAN_POINT('',(25.7626389,81.603639798,-124.430058544));
#3639=CARTESIAN_POINT('',(25.966697836,81.707721931,-124.423278825));
#3640=CARTESIAN_POINT('',(26.398723503,81.875560361,-124.409797484));
#3641=CARTESIAN_POINT('',(27.076286772,82.014748287,-124.391256374));
#3642=CARTESIAN_POINT('',(28.252551099,82.085928798,-124.363778963));
#3643=CARTESIAN_POINT('',(29.826036917,82.024724767,-124.336090188));
#3644=CARTESIAN_POINT('',(32.396132824,81.856768837,-124.299049665));
#3645=CARTESIAN_POINT('',(35.588311159,81.646727479,-124.253003176));
#3646=CARTESIAN_POINT('',(39.240796523,81.434066512,-124.188460491));
#3647=CARTESIAN_POINT('',(41.599201137,81.372334211,-124.145955511));
#3648=CARTESIAN_POINT('',(42.71480089,81.343061897,-124.125809737));
#3649=CARTESIAN_POINT('',(24.949369054,80.949442287,-123.317822701));
#3650=CARTESIAN_POINT('',(24.973230937,80.974195995,-123.317178032));
#3651=CARTESIAN_POINT('',(25.021259563,81.023149742,-123.315877437));
#3652=CARTESIAN_POINT('',(25.094239362,81.0948817,-123.31389179));
#3653=CARTESIAN_POINT('',(25.168214821,81.164816635,-123.311868762));
#3654=CARTESIAN_POINT('',(25.243264956,81.23282179,-123.309804423));
#3655=CARTESIAN_POINT('',(25.31947332,81.298757047,-123.307694542));
#3656=CARTESIAN_POINT('',(25.396920647,81.362484469,-123.305534992));
#3657=CARTESIAN_POINT('',(25.475679759,81.423883224,-123.303324749));
#3658=CARTESIAN_POINT('',(25.555815118,81.482846982,-123.30106508));
#3659=CARTESIAN_POINT('',(25.637378645,81.5392901,-123.298758074));
#3660=CARTESIAN_POINT('',(25.748086257,81.611099468,-123.29562173));
#3661=CARTESIAN_POINT('',(25.947051277,81.727569334,-123.289984216));
#3662=CARTESIAN_POINT('',(26.366198159,81.923244449,-123.278183391));
#3663=CARTESIAN_POINT('',(27.023126682,82.102270609,-123.260537316));
#3664=CARTESIAN_POINT('',(28.170040416,82.230756836,-123.233529733));
#3665=CARTESIAN_POINT('',(29.725047205,82.198676961,-123.204033541));
#3666=CARTESIAN_POINT('',(32.299558425,82.013622205,-123.163988577));
#3667=CARTESIAN_POINT('',(35.523203977,81.746244914,-123.116052006));
#3668=CARTESIAN_POINT('',(39.215697694,81.451951587,-123.05066119));
#3669=CARTESIAN_POINT('',(41.582956278,81.375057722,-123.00797143));
#3670=CARTESIAN_POINT('',(42.70122129,81.341355242,-122.987752393));
#3671=CARTESIAN_POINT('',(24.945774184,80.943983179,-122.758730104));
#3672=CARTESIAN_POINT('',(24.969718057,80.968983331,-122.758216936));
#3673=CARTESIAN_POINT('',(25.017892214,81.018451442,-122.757177475));
#3674=CARTESIAN_POINT('',(25.091017349,81.091041997,-122.755577157));
#3675=CARTESIAN_POINT('',(25.165023968,81.161969387,-122.753929905));
#3676=CARTESIAN_POINT('',(25.239952272,81.231139698,-122.752227465));
#3677=CARTESIAN_POINT('',(25.315873061,81.298413426,-122.750460689));
#3678=CARTESIAN_POINT('',(25.392880237,81.363623818,-122.748621436));
#3679=CARTESIAN_POINT('',(25.471072022,81.426608114,-122.746704202));
#3680=CARTESIAN_POINT('',(25.550528799,81.487243903,-122.744708189));
#3681=CARTESIAN_POINT('',(25.63131301,81.545444264,-122.742636052));
#3682=CARTESIAN_POINT('',(25.740858308,81.619718174,-122.739777953));
#3683=CARTESIAN_POINT('',(25.937494871,81.740830429,-122.734545826));
#3684=CARTESIAN_POINT('',(26.350993338,81.9472778,-122.723336941));
#3685=CARTESIAN_POINT('',(26.998424129,82.14418467,-122.706158368));
#3686=CARTESIAN_POINT('',(28.132105264,82.296578321,-122.679203981));
#3687=CARTESIAN_POINT('',(29.677943389,82.279463818,-122.649039662));
#3688=CARTESIAN_POINT('',(32.25307256,82.089289556,-122.607613016));
#3689=CARTESIAN_POINT('',(35.491430006,81.794489605,-122.558715951));
#3690=CARTESIAN_POINT('',(39.202709673,81.4620493,-122.492885199));
#3691=CARTESIAN_POINT('',(41.574487884,81.377347737,-122.450110879));
#3692=CARTESIAN_POINT('',(42.69415081,81.341304894,-122.429855015));
#3693=B_SPLINE_SURFACE_WITH_KNOTS('',3,3,((#2989,#2990,#2991,#2992,#2993,#2994,#2995,#2996,#2997,#2998,#2999,#3000,#3001,#3002,#3003,#3004,#3005,#3006,#3007,#3008,#3009,#3010),(#3011,#3012,#3013,#3014,#3015,#3016,#3017,#3018,#3019,#3020,#3021,#3022,#3023,#3024,#3025,#3026,#3027,#3028,#3029,#3030,#3031,#3032),(#3033,#3034,#3035,#3036,#3037,#3038,#3039,#3040,#3041,#3042,#3043,#3044,#3045,#3046,#3047,#3048,#3049,#3050,#3051,#3052,#3053,#3054),(#3055,#3056,#3057,#3058,#3059,#3060,#3061,#3062,#3063,#3064,#3065,#3066,#3067,#3068,#3069,#3070,#3071,#3072,#3073,#3074,#3075,#3076),(#3077,#3078,#3079,#3080,#3081,#3082,#3083,#3084,#3085,#3086,#3087,#3088,#3089,#3090,#3091,#3092,#3093,#3094,#3095,#3096,#3097,#3098),(#3099,#3100,#3101,#3102,#3103,#3104,#3105,#3106,#3107,#3108,#3109,#3110,#3111,#3112,#3113,#3114,#3115,#3116,#3117,#3118,#3119,#3120),(#3121,#3122,#3123,#3124,#3125,#3126,#3127,#3128,#3129,#3130,#3131,#3132,#3133,#3134,#3135,#3136,#3137,#3138,#3139,#3140,#3141,#3142),(#3143,#3144,#3145,#3146,#3147,#3148,#3149,#3150,#3151,#3152,#3153,#3154,#3155,#3156,#3157,#3158,#3159,#3160,#3161,#3162,#3163,#3164),(#3165,#3166,#3167,#3168,#3169,#3170,#3171,#3172,#3173,#3174,#3175,#3176,#3177,#3178,#3179,#3180,#3181,#3182,#3183,#3184,#3185,#3186),(#3187,#3188,#3189,#3190,#3191,#3192,#3193,#3194,#3195,#3196,#3197,#3198,#3199,#3200,#3201,#3202,#3203,#3204,#3205,#3206,#3207,#3208),(#3209,#3210,#3211,#3212,#3213,#3214,#3215,#3216,#3217,#3218,#3219,#3220,#3221,#3222,#3223,#3224,#3225,#3226,#3227,#3228,#3229,#3230),(#3231,#3232,#3233,#3234,#3235,#3236,#3237,#3238,#3239,#3240,#3241,#3242,#3243,#3244,#3245,#3246,#3247,#3248,#3249,#3250,#3251,#3252),(#3253,#3254,#3255,#3256,#3257,#3258,#3259,#3260,#3261,#3262,#3263,#3264,#3265,#3266,#3267,#3268,#3269,#3270,#3271,#3272,#3273,#3274),(#3275,#3276,#3277,#3278,#3279,#3280,#3281,#3282,#3283,#3284,#3285,#3286,#3287,#3288,#3289,#3290,#3291,#3292,#3293,#3294,#3295,#3296),(#3297,#3298,#3299,#3300,#3301,#3302,#3303,#3304,#3305,#3306,#3307,#3308,#3309,#3310,#3311,#3312,#3313,#3314,#3315,#3316,#3317,#3318),(#3319,#3320,#3321,#3322,#3323,#3324,#3325,#3326,#3327,#3328,#3329,#3330,#3331,#3332,#3333,#3334,#3335,#3336,#3337,#3338,#3339,#3340),(#3341,#3342,#3343,#3344,#3345,#3346,#3347,#3348,#3349,#3350,#3351,#3352,#3353,#3354,#3355,#3356,#3357,#3358,#3359,#3360,#3361,#3362),(#3363,#3364,#3365,#3366,#3367,#3368,#3369,#3370,#3371,#3372,#3373,#3374,#3375,#3376,#3377,#3378,#3379,#3380,#3381,#3382,#3383,#3384),(#3385,#3386,#3387,#3388,#3389,#3390,#3391,#3392,#3393,#3394,#3395,#3396,#3397,#3398,#3399,#3400,#3401,#3402,#3403,#3404,#3405,#3406),(#3407,#3408,#3409,#3410,#3411,#3412,#3413,#3414,#3415,#3416,#3417,#3418,#3419,#3420,#3421,#3422,#3423,#3424,#3425,#3426,#3427,#3428),(#3429,#3430,#3431,#3432,#3433,#3434,#3435,#3436,#3437,#3438,#3439,#3440,#3441,#3442,#3443,#3444,#3445,#3446,#3447,#3448,#3449,#3450),(#3451,#3452,#3453,#3454,#3455,#3456,#3457,#3458,#3459,#3460,#3461,#3462,#3463,#3464,#3465,#3466,#3467,#3468,#3469,#3470,#3471,#3472),(#3473,#3474,#3475,#3476,#3477,#3478,#3479,#3480,#3481,#3482,#3483,#3484,#3485,#3486,#3487,#3488,#3489,#3490,#3491,#3492,#3493,#3494),(#3495,#3496,#3497,#3498,#3499,#3500,#3501,#3502,#3503,#3504,#3505,#3506,#3507,#3508,#3509,#3510,#3511,#3512,#3513,#3514,#3515,#3516),(#3517,#3518,#3519,#3520,#3521,#3522,#3523,#3524,#3525,#3526,#3527,#3528,#3529,#3530,#3531,#3532,#3533,#3534,#3535,#3536,#3537,#3538),(#3539,#3540,#3541,#3542,#3543,#3544,#3545,#3546,#3547,#3548,#3549,#3550,#3551,#3552,#3553,#3554,#3555,#3556,#3557,#3558,#3559,#3560),
(#3561,#3562,#3563,#3564,#3565,#3566,#3567,#3568,#3569,#3570,#3571,#3572,#3573,#3574,#3575,#3576,#3577,#3578,#3579,#3580,#3581,#3582),(#3583,#3584,#3585,#3586,#3587,#3588,#3589,#3590,#3591,#3592,#3593,#3594,#3595,#3596,#3597,#3598,#3599,#3600,#3601,#3602,#3603,#3604),(#3605,#3606,#3607,#3608,#3609,#3610,#3611,#3612,#3613,#3614,#3615,#3616,#3617,#3618,#3619,#3620,#3621,#3622,#3623,#3624,#3625,#3626),(#3627,#3628,#3629,#3630,#3631,#3632,#3633,#3634,#3635,#3636,#3637,#3638,#3639,#3640,#3641,#3642,#3643,#3644,#3645,#3646,#3647,#3648),(#3649,#3650,#3651,#3652,#3653,#3654,#3655,#3656,#3657,#3658,#3659,#3660,#3661,#3662,#3663,#3664,#3665,#3666,#3667,#3668,#3669,#3670),(#3671,#3672,#3673,#3674,#3675,#3676,#3677,#3678,#3679,#3680,#3681,#3682,#3683,#3684,#3685,#3686,#3687,#3688,#3689,#3690,#3691,#3692)),.UNSPECIFIED.,.F.,.F.,.U.,(4,1,1,1,1,1,1,1,1,1,1,1,1,1,1,1,1,1,1,1,1,1,1,1,1,1,
1,1,1,4),(4,1,1,1,1,1,1,1,1,1,1,1,1,1,1,1,1,1,1,4),(-0.028690558,-0.021809491,-0.014852485,-0.011373982,-0.007895479,-0.004416977,-0.000938474,0.002540029,0.006018532,0.009497035,0.012975538,0.014714789,0.016454041,0.018193292,0.019062918,0.019497731,0.019932544,0.020367356,0.020584763,0.020802169,0.021019576,0.021236982,0.021454389,0.021671795,0.021889201,0.022106608,
0.022541421,0.023411046,0.025150298,0.026822902),(-0.013313255,-0.013206441,-0.013099628,-0.012992814,-0.012886,-0.012779187,-0.012672373,-0.012565559,-0.012458746,-0.012351932,-0.012245118,-0.012031491,-0.011604236,-0.010749727,-0.009895218,-0.0081862,-0.006477181,-0.003059145,0.000358892,0.003461817),.UNSPECIFIED.);
#3694=CARTESIAN_POINT('',(33.423261331,80.994723371,-154.138274534));
#3695=VERTEX_POINT('',#3694);
#3696=CARTESIAN_POINT('',(33.708785284,80.994796155,-154.12041559));
#3697=VERTEX_POINT('',#3696);
#3698=CARTESIAN_POINT('',(33.423261331,80.994723371,-154.138274534));
#3699=CARTESIAN_POINT('',(33.582358065,80.994756177,-154.118557089));
#3700=CARTESIAN_POINT('',(33.740645198,80.99480233,-154.115188734));
#3701=CARTESIAN_POINT('',(33.898128354,80.994858643,-154.128055857));
#3702=CARTESIAN_POINT('',(34.055611511,80.994914956,-154.14092298));
#3703=CARTESIAN_POINT('',(34.213949892,80.994982129,-154.170149913));
#3704=CARTESIAN_POINT('',(34.366833396,80.995053663,-154.21384539));
#3705=CARTESIAN_POINT('',(34.5197169,80.995125198,-154.257540866));
#3706=CARTESIAN_POINT('',(34.66700261,80.995200765,-154.31522408));
#3707=CARTESIAN_POINT('',(34.808764765,80.995276641,-154.386709526));
#3708=CARTESIAN_POINT('',(34.95052692,80.995352516,-154.458194971));
#3709=CARTESIAN_POINT('',(35.087050049,80.995428902,-154.544144878));
#3710=CARTESIAN_POINT('',(35.211760567,80.995499311,-154.641119639));
#3711=CARTESIAN_POINT('',(35.336471085,80.995569721,-154.7380944));
#3712=CARTESIAN_POINT('',(35.450726794,80.995634885,-154.847027613));
#3713=CARTESIAN_POINT('',(35.554097158,80.995693121,-154.96841174));
#3714=CARTESIAN_POINT('',(35.657467521,80.995751357,-155.089795867));
#3715=CARTESIAN_POINT('',(35.74851929,80.995801838,-155.221779703));
#3716=CARTESIAN_POINT('',(35.825574636,80.995843826,-155.359965951));
#3717=CARTESIAN_POINT('',(35.902629981,80.995885814,-155.498152198));
#3718=CARTESIAN_POINT('',(35.96699019,80.995920055,-155.644810938));
#3719=CARTESIAN_POINT('',(36.016756938,80.995946864,-155.796363018));
#3720=CARTESIAN_POINT('',(36.066523685,80.995973674,-155.947915098));
#3721=CARTESIAN_POINT('',(36.101242837,80.995992845,-156.102180841));
#3722=CARTESIAN_POINT('',(36.120711857,80.996006273,-156.259196773));
#3723=CARTESIAN_POINT('',(36.140180877,80.996019701,-156.416212704));
#3724=CARTESIAN_POINT('',(36.143819993,80.996027255,-156.577805069));
#3725=CARTESIAN_POINT('',(36.131322993,80.996030686,-156.735988269));
#3726=CARTESIAN_POINT('',(36.118825993,80.996034118,-156.894171469));
#3727=CARTESIAN_POINT('',(36.090860551,80.996033691,-157.049764068));
#3728=CARTESIAN_POINT('',(36.047725024,80.996031381,-157.202816035));
#3729=CARTESIAN_POINT('',(36.004589497,80.996029072,-157.355868001));
#3730=CARTESIAN_POINT('',(35.94597928,80.996024839,-157.505950709));
#3731=CARTESIAN_POINT('',(35.874539736,80.996020321,-157.647110327));
#3732=CARTESIAN_POINT('',(35.803100193,80.996015802,-157.788269945));
#3733=CARTESIAN_POINT('',(35.718438904,80.996010955,-157.922219922));
#3734=CARTESIAN_POINT('',(35.619721405,80.996006611,-158.048505235));
#3735=CARTESIAN_POINT('',(35.521003906,80.996002267,-158.174790548));
#3736=CARTESIAN_POINT('',(35.411334473,80.995998549,-158.28926417));
#3737=CARTESIAN_POINT('',(35.291179919,80.995995787,-158.391838536));
#3738=CARTESIAN_POINT('',(35.171025364,80.995993026,-158.494412902));
#3739=CARTESIAN_POINT('',(35.038984908,80.995991271,-158.586135379));
#3740=CARTESIAN_POINT('',(34.899995061,80.995990809,-158.663851309));
#3741=CARTESIAN_POINT('',(34.761005215,80.995990347,-158.74156724));
#3742=CARTESIAN_POINT('',(34.61610997,80.995991143,-158.805132326));
#3743=CARTESIAN_POINT('',(34.46539689,80.995992981,-158.854756394));
#3744=CARTESIAN_POINT('',(34.31468381,80.995994819,-158.904380462));
#3745=CARTESIAN_POINT('',(34.157079013,80.995997736,-158.939891528));
#3746=CARTESIAN_POINT('',(34.000043394,80.996001059,-158.959246511));
#3747=CARTESIAN_POINT('',(33.843007775,80.996004381,-158.978601493));
#3748=CARTESIAN_POINT('',(33.685050716,80.99600807,-158.982273345));
#3749=CARTESIAN_POINT('',(33.526150487,80.996011515,-158.969892248));
#3750=CARTESIAN_POINT('',(33.367250259,80.99601496,-158.957511152));
#3751=CARTESIAN_POINT('',(33.209257582,80.996018156,-158.929071395));
#3752=CARTESIAN_POINT('',(33.057001626,80.996020361,-158.886189338));
#3753=CARTESIAN_POINT('',(32.90474567,80.996022565,-158.843307281));
#3754=CARTESIAN_POINT('',(32.755815794,80.99602383,-158.785438441));
#3755=CARTESIAN_POINT('',(32.613260126,80.99602316,-158.713317775));
#3756=CARTESIAN_POINT('',(32.470704459,80.996022491,-158.641197109));
#3757=CARTESIAN_POINT('',(32.33713811,80.996019917,-158.556365686));
#3758=CARTESIAN_POINT('',(32.212486292,80.996014253,-158.458929254));
#3759=CARTESIAN_POINT('',(32.087834475,80.99600859,-158.361492822));
#3760=CARTESIAN_POINT('',(31.971057899,80.995999625,-158.249875987));
#3761=CARTESIAN_POINT('',(31.867965671,80.995986238,-158.129123758));
#3762=CARTESIAN_POINT('',(31.764873444,80.995972851,-158.008371529));
#3763=CARTESIAN_POINT('',(31.67462677,80.99595519,-157.878574084));
#3764=CARTESIAN_POINT('',(31.596899854,80.995932019,-157.739960831));
#3765=CARTESIAN_POINT('',(31.519172938,80.995908848,-157.601347578));
#3766=CARTESIAN_POINT('',(31.454343853,80.995880001,-157.453704766));
#3767=CARTESIAN_POINT('',(31.404947355,80.995845621,-157.303384293));
#3768=CARTESIAN_POINT('',(31.355550857,80.995811241,-157.153063819));
#3769=CARTESIAN_POINT('',(31.320633242,80.995771111,-156.998573033));
#3770=CARTESIAN_POINT('',(31.301089572,80.995724089,-156.839654133));
#3771=CARTESIAN_POINT('',(31.281545903,80.995677067,-156.680735233));
#3772=CARTESIAN_POINT('',(31.278100694,80.995624377,-156.521818));
#3773=CARTESIAN_POINT('',(31.290583785,80.995566587,-156.364356785));
#3774=CARTESIAN_POINT('',(31.303066876,80.995508796,-156.206895571));
#3775=CARTESIAN_POINT('',(31.331592337,80.995445175,-156.048923994));
#3776=CARTESIAN_POINT('',(31.374952505,80.995378891,-155.895575437));
#3777=CARTESIAN_POINT('',(31.418312674,80.995312607,-155.74222688));
#3778=CARTESIAN_POINT('',(31.475788047,80.995244323,-155.594773337));
#3779=CARTESIAN_POINT('',(31.54711449,80.995176178,-155.453104492));
#3780=CARTESIAN_POINT('',(31.618440933,80.995108034,-155.311435648));
#3781=CARTESIAN_POINT('',(31.704592731,80.995039567,-155.174729458));
#3782=CARTESIAN_POINT('',(31.801807901,80.994977145,-155.049865168));
#3783=CARTESIAN_POINT('',(31.899023071,80.994914724,-154.925000877));
#3784=CARTESIAN_POINT('',(32.007930363,80.99485769,-154.810669209));
#3785=CARTESIAN_POINT('',(32.129043643,80.994809854,-154.707333069));
#3786=CARTESIAN_POINT('',(32.189600283,80.994785936,-154.655664999));
#3787=CARTESIAN_POINT('',(32.253434016,80.994764286,-154.60656983));
#3788=CARTESIAN_POINT('',(32.318853569,80.994745829,-154.561193764));
#3789=CARTESIAN_POINT('',(32.384273122,80.994727371,-154.515817697));
#3790=CARTESIAN_POINT('',(32.451558532,80.994711964,-154.473884199));
#3791=CARTESIAN_POINT('',(32.520639569,80.994699834,-154.435263694));
#3792=CARTESIAN_POINT('',(32.796963718,80.994651315,-154.280781676));
#3793=CARTESIAN_POINT('',(33.104989006,80.994657742,-154.177719198));
#3794=CARTESIAN_POINT('',(33.423261331,80.994723371,-154.138274534));
#3795=B_SPLINE_CURVE_WITH_KNOTS('',3,(#3698,#3699,#3700,#3701,#3702,#3703,#3704,#3705,#3706,#3707,#3708,#3709,#3710,#3711,#3712,#3713,#3714,#3715,#3716,#3717,#3718,#3719,#3720,#3721,#3722,#3723,
#3724,#3725,#3726,#3727,#3728,#3729,#3730,#3731,#3732,#3733,#3734,#3735,#3736,#3737,#3738,#3739,#3740,#3741,#3742,#3743,#3744,#3745,#3746,#3747,#3748,
#3749,#3750,#3751,#3752,#3753,#3754,#3755,#3756,#3757,#3758,#3759,#3760,#3761,#3762,#3763,#3764,#3765,#3766,#3767,#3768,#3769,#3770,#3771,#3772,#3773,
#3774,#3775,#3776,#3777,#3778,#3779,#3780,#3781,#3782,#3783,#3784,#3785,#3786,#3787,#3788,#3789,#3790,#3791,#3792,#3793,#3794),.UNSPECIFIED.,.T.,.F.,(4,3,3,3,3,3,3,3,3,3,3,3,3,3,3,3,3,3,3,3,3,3,3,3,3,3,
3,3,3,3,3,3,4),(0.,0.00047378,0.000947561,0.001421341,0.001895122,0.002368902,0.002842683,0.003316463,0.003790244,0.004264024,0.004737805,0.005211585,0.005685366,0.006159146,0.006632927,0.007106707,0.007580488,0.008054268,0.008528049,0.009001829,0.00947561,0.00994939,0.010423171,0.010896951,0.011370731,0.011844512,
0.012318292,0.012792073,0.013265853,0.013739634,0.013976524,0.014213414,0.015160975),.UNSPECIFIED.);
#3796=EDGE_CURVE('',#3695,#3697,#3795,.T.);
#3797=ORIENTED_EDGE('',*,*,#3796,.T.);
#3798=CARTESIAN_POINT('',(33.423261331,80.994723371,-154.138274534));
#3799=CARTESIAN_POINT('',(33.582358065,80.994756177,-154.118557089));
#3800=CARTESIAN_POINT('',(33.740645198,80.99480233,-154.115188734));
#3801=CARTESIAN_POINT('',(33.898128354,80.994858643,-154.128055857));
#3802=CARTESIAN_POINT('',(34.055611511,80.994914956,-154.14092298));
#3803=CARTESIAN_POINT('',(34.213949892,80.994982129,-154.170149913));
#3804=CARTESIAN_POINT('',(34.366833396,80.995053663,-154.21384539));
#3805=CARTESIAN_POINT('',(34.5197169,80.995125198,-154.257540866));
#3806=CARTESIAN_POINT('',(34.66700261,80.995200765,-154.31522408));
#3807=CARTESIAN_POINT('',(34.808764765,80.995276641,-154.386709526));
#3808=CARTESIAN_POINT('',(34.95052692,80.995352516,-154.458194971));
#3809=CARTESIAN_POINT('',(35.087050049,80.995428902,-154.544144878));
#3810=CARTESIAN_POINT('',(35.211760567,80.995499311,-154.641119639));
#3811=CARTESIAN_POINT('',(35.336471085,80.995569721,-154.7380944));
#3812=CARTESIAN_POINT('',(35.450726794,80.995634885,-154.847027613));
#3813=CARTESIAN_POINT('',(35.554097158,80.995693121,-154.96841174));
#3814=CARTESIAN_POINT('',(35.657467521,80.995751357,-155.089795867));
#3815=CARTESIAN_POINT('',(35.74851929,80.995801838,-155.221779703));
#3816=CARTESIAN_POINT('',(35.825574636,80.995843826,-155.359965951));
#3817=CARTESIAN_POINT('',(35.902629981,80.995885814,-155.498152198));
#3818=CARTESIAN_POINT('',(35.96699019,80.995920055,-155.644810938));
#3819=CARTESIAN_POINT('',(36.016756938,80.995946864,-155.796363018));
#3820=CARTESIAN_POINT('',(36.066523685,80.995973674,-155.947915098));
#3821=CARTESIAN_POINT('',(36.101242837,80.995992845,-156.102180841));
#3822=CARTESIAN_POINT('',(36.120711857,80.996006273,-156.259196773));
#3823=CARTESIAN_POINT('',(36.140180877,80.996019701,-156.416212704));
#3824=CARTESIAN_POINT('',(36.143819993,80.996027255,-156.577805069));
#3825=CARTESIAN_POINT('',(36.131322993,80.996030686,-156.735988269));
#3826=CARTESIAN_POINT('',(36.118825993,80.996034118,-156.894171469));
#3827=CARTESIAN_POINT('',(36.090860551,80.996033691,-157.049764068));
#3828=CARTESIAN_POINT('',(36.047725024,80.996031381,-157.202816035));
#3829=CARTESIAN_POINT('',(36.004589497,80.996029072,-157.355868001));
#3830=CARTESIAN_POINT('',(35.94597928,80.996024839,-157.505950709));
#3831=CARTESIAN_POINT('',(35.874539736,80.996020321,-157.647110327));
#3832=CARTESIAN_POINT('',(35.803100193,80.996015802,-157.788269945));
#3833=CARTESIAN_POINT('',(35.718438904,80.996010955,-157.922219922));
#3834=CARTESIAN_POINT('',(35.619721405,80.996006611,-158.048505235));
#3835=CARTESIAN_POINT('',(35.521003906,80.996002267,-158.174790548));
#3836=CARTESIAN_POINT('',(35.411334473,80.995998549,-158.28926417));
#3837=CARTESIAN_POINT('',(35.291179919,80.995995787,-158.391838536));
#3838=CARTESIAN_POINT('',(35.171025364,80.995993026,-158.494412902));
#3839=CARTESIAN_POINT('',(35.038984908,80.995991271,-158.586135379));
#3840=CARTESIAN_POINT('',(34.899995061,80.995990809,-158.663851309));
#3841=CARTESIAN_POINT('',(34.761005215,80.995990347,-158.74156724));
#3842=CARTESIAN_POINT('',(34.61610997,80.995991143,-158.805132326));
#3843=CARTESIAN_POINT('',(34.46539689,80.995992981,-158.854756394));
#3844=CARTESIAN_POINT('',(34.31468381,80.995994819,-158.904380462));
#3845=CARTESIAN_POINT('',(34.157079013,80.995997736,-158.939891528));
#3846=CARTESIAN_POINT('',(34.000043394,80.996001059,-158.959246511));
#3847=CARTESIAN_POINT('',(33.843007775,80.996004381,-158.978601493));
#3848=CARTESIAN_POINT('',(33.685050716,80.99600807,-158.982273345));
#3849=CARTESIAN_POINT('',(33.526150487,80.996011515,-158.969892248));
#3850=CARTESIAN_POINT('',(33.367250259,80.99601496,-158.957511152));
#3851=CARTESIAN_POINT('',(33.209257582,80.996018156,-158.929071395));
#3852=CARTESIAN_POINT('',(33.057001626,80.996020361,-158.886189338));
#3853=CARTESIAN_POINT('',(32.90474567,80.996022565,-158.843307281));
#3854=CARTESIAN_POINT('',(32.755815794,80.99602383,-158.785438441));
#3855=CARTESIAN_POINT('',(32.613260126,80.99602316,-158.713317775));
#3856=CARTESIAN_POINT('',(32.470704459,80.996022491,-158.641197109));
#3857=CARTESIAN_POINT('',(32.33713811,80.996019917,-158.556365686));
#3858=CARTESIAN_POINT('',(32.212486292,80.996014253,-158.458929254));
#3859=CARTESIAN_POINT('',(32.087834475,80.99600859,-158.361492822));
#3860=CARTESIAN_POINT('',(31.971057899,80.995999625,-158.249875987));
#3861=CARTESIAN_POINT('',(31.867965671,80.995986238,-158.129123758));
#3862=CARTESIAN_POINT('',(31.764873444,80.995972851,-158.008371529));
#3863=CARTESIAN_POINT('',(31.67462677,80.99595519,-157.878574084));
#3864=CARTESIAN_POINT('',(31.596899854,80.995932019,-157.739960831));
#3865=CARTESIAN_POINT('',(31.519172938,80.995908848,-157.601347578));
#3866=CARTESIAN_POINT('',(31.454343853,80.995880001,-157.453704766));
#3867=CARTESIAN_POINT('',(31.404947355,80.995845621,-157.303384293));
#3868=CARTESIAN_POINT('',(31.355550857,80.995811241,-157.153063819));
#3869=CARTESIAN_POINT('',(31.320633242,80.995771111,-156.998573033));
#3870=CARTESIAN_POINT('',(31.301089572,80.995724089,-156.839654133));
#3871=CARTESIAN_POINT('',(31.281545903,80.995677067,-156.680735233));
#3872=CARTESIAN_POINT('',(31.278100694,80.995624377,-156.521818));
#3873=CARTESIAN_POINT('',(31.290583785,80.995566587,-156.364356785));
#3874=CARTESIAN_POINT('',(31.303066876,80.995508796,-156.206895571));
#3875=CARTESIAN_POINT('',(31.331592337,80.995445175,-156.048923994));
#3876=CARTESIAN_POINT('',(31.374952505,80.995378891,-155.895575437));
#3877=CARTESIAN_POINT('',(31.418312674,80.995312607,-155.74222688));
#3878=CARTESIAN_POINT('',(31.475788047,80.995244323,-155.594773337));
#3879=CARTESIAN_POINT('',(31.54711449,80.995176178,-155.453104492));
#3880=CARTESIAN_POINT('',(31.618440933,80.995108034,-155.311435648));
#3881=CARTESIAN_POINT('',(31.704592731,80.995039567,-155.174729458));
#3882=CARTESIAN_POINT('',(31.801807901,80.994977145,-155.049865168));
#3883=CARTESIAN_POINT('',(31.899023071,80.994914724,-154.925000877));
#3884=CARTESIAN_POINT('',(32.007930363,80.99485769,-154.810669209));
#3885=CARTESIAN_POINT('',(32.129043643,80.994809854,-154.707333069));
#3886=CARTESIAN_POINT('',(32.189600283,80.994785936,-154.655664999));
#3887=CARTESIAN_POINT('',(32.253434016,80.994764286,-154.60656983));
#3888=CARTESIAN_POINT('',(32.318853569,80.994745829,-154.561193764));
#3889=CARTESIAN_POINT('',(32.384273122,80.994727371,-154.515817697));
#3890=CARTESIAN_POINT('',(32.451558532,80.994711964,-154.473884199));
#3891=CARTESIAN_POINT('',(32.520639569,80.994699834,-154.435263694));
#3892=CARTESIAN_POINT('',(32.796963718,80.994651315,-154.280781676));
#3893=CARTESIAN_POINT('',(33.104989006,80.994657742,-154.177719198));
#3894=CARTESIAN_POINT('',(33.423261331,80.994723371,-154.138274534));
#3895=B_SPLINE_CURVE_WITH_KNOTS('',3,(#3798,#3799,#3800,#3801,#3802,#3803,#3804,#3805,#3806,#3807,#3808,#3809,#3810,#3811,#3812,#3813,#3814,#3815,#3816,#3817,#3818,#3819,#3820,#3821,#3822,#3823,
#3824,#3825,#3826,#3827,#3828,#3829,#3830,#3831,#3832,#3833,#3834,#3835,#3836,#3837,#3838,#3839,#3840,#3841,#3842,#3843,#3844,#3845,#3846,#3847,#3848,
#3849,#3850,#3851,#3852,#3853,#3854,#3855,#3856,#3857,#3858,#3859,#3860,#3861,#3862,#3863,#3864,#3865,#3866,#3867,#3868,#3869,#3870,#3871,#3872,#3873,
#3874,#3875,#3876,#3877,#3878,#3879,#3880,#3881,#3882,#3883,#3884,#3885,#3886,#3887,#3888,#3889,#3890,#3891,#3892,#3893,#3894),.UNSPECIFIED.,.T.,.F.,(4,3,3,3,3,3,3,3,3,3,3,3,3,3,3,3,3,3,3,3,3,3,3,3,3,3,
3,3,3,3,3,3,4),(0.,0.00047378,0.000947561,0.001421341,0.001895122,0.002368902,0.002842683,0.003316463,0.003790244,0.004264024,0.004737805,0.005211585,0.005685366,0.006159146,0.006632927,0.007106707,0.007580488,0.008054268,0.008528049,0.009001829,0.00947561,0.00994939,0.010423171,0.010896951,0.011370731,0.011844512,
0.012318292,0.012792073,0.013265853,0.013739634,0.013976524,0.014213414,0.015160975),.UNSPECIFIED.);
#3896=EDGE_CURVE('',#3697,#3695,#3895,.T.);
#3897=ORIENTED_EDGE('',*,*,#3896,.T.);
#3898=EDGE_LOOP('',(#3797,#3897));
#3899=FACE_BOUND('',#3898,.T.);
#3900=CARTESIAN_POINT('',(42.,81.000000201,-177.900980028));
#3901=VERTEX_POINT('',#3900);
#3902=CARTESIAN_POINT('',(42.799998313,81.000001961,-177.901170985));
#3903=VERTEX_POINT('',#3902);
#3904=CARTESIAN_POINT('',(42.,81.000000201,-177.900980028));
#3905=CARTESIAN_POINT('',(42.266666104,81.000001239,-177.901043524));
#3906=CARTESIAN_POINT('',(42.533332209,81.000002442,-177.90110696));
#3907=CARTESIAN_POINT('',(42.799998313,81.000003922,-177.901170318));
#3908=B_SPLINE_CURVE_WITH_KNOTS('',3,(#3904,#3905,#3906,#3907),.UNSPECIFIED.,.F.,.F.,(4,4),(0.000090138,0.000890136),.UNSPECIFIED.);
#3909=EDGE_CURVE('',#3901,#3903,#3908,.T.);
#3910=ORIENTED_EDGE('',*,*,#3909,.F.);
#3911=CARTESIAN_POINT('',(42.,80.999975997,-176.999994923));
#3912=VERTEX_POINT('',#3911);
#3913=CARTESIAN_POINT('',(42.,80.999975997,-176.999994923));
#3914=CARTESIAN_POINT('',(42.,80.999990156,-177.300323291));
#3915=CARTESIAN_POINT('',(42.,80.999998493,-177.60065166));
#3916=CARTESIAN_POINT('',(42.,81.000000201,-177.900980028));
#3917=B_SPLINE_CURVE_WITH_KNOTS('',3,(#3913,#3914,#3915,#3916),.UNSPECIFIED.,.F.,.F.,(4,4),(0.,0.000900985),.UNSPECIFIED.);
#3918=EDGE_CURVE('',#3912,#3901,#3917,.T.);
#3919=ORIENTED_EDGE('',*,*,#3918,.F.);
#3920=CARTESIAN_POINT('',(42.,80.999858706,-155.957088903));
#3921=VERTEX_POINT('',#3920);
#3922=CARTESIAN_POINT('',(42.,80.999858706,-155.957088903));
#3923=CARTESIAN_POINT('',(42.,80.999975997,-176.999994923));
#3924=B_SPLINE_CURVE_WITH_KNOTS('',1,(#3922,#3923),.UNSPECIFIED.,.F.,.F.,(2,2),(0.,1.),.UNSPECIFIED.);
#3925=EDGE_CURVE('',#3921,#3912,#3924,.T.);
#3926=ORIENTED_EDGE('',*,*,#3925,.F.);
#3927=CARTESIAN_POINT('',(42.044415333,81.358794742,-127.812747103));
#3928=VERTEX_POINT('',#3927);
#3929=CARTESIAN_POINT('',(42.,81.359096867,-127.812749379));
#3930=CARTESIAN_POINT('',(42.,81.350266027,-128.98527382));
#3931=CARTESIAN_POINT('',(42.,81.314747176,-130.157726318));
#3932=CARTESIAN_POINT('',(42.,81.279532557,-131.330101027));
#3933=CARTESIAN_POINT('',(42.,81.244317938,-132.502475736));
#3934=CARTESIAN_POINT('',(42.,81.208517298,-133.674841241));
#3935=CARTESIAN_POINT('',(42.,81.178480583,-134.847297269));
#3936=CARTESIAN_POINT('',(42.,81.118407152,-137.192209326));
#3937=CARTESIAN_POINT('',(42.,81.079941688,-139.537460738));
#3938=CARTESIAN_POINT('',(42.,81.055592219,-141.882933843));
#3939=CARTESIAN_POINT('',(42.,81.03124275,-144.228406947));
#3940=CARTESIAN_POINT('',(42.,81.019398299,-146.574076445));
#3941=CARTESIAN_POINT('',(42.,81.01192332,-148.919814565));
#3942=CARTESIAN_POINT('',(42.,81.004448342,-151.265552685));
#3943=CARTESIAN_POINT('',(42.,81.001511531,-153.61132787));
#3944=CARTESIAN_POINT('',(42.,80.999858706,-155.957088902));
#3945=B_SPLINE_CURVE_WITH_KNOTS('',3,(#3929,#3930,#3931,#3932,#3933,#3934,#3935,#3936,#3937,#3938,#3939,#3940,#3941,#3942,#3943,#3944),.UNSPECIFIED.,.F.,.F.,(4,3,3,3,3,4),(0.228269381,0.231787018,0.235304655,0.24233993,0.249375205,0.25641048),.UNSPECIFIED.);
#3946=EDGE_CURVE('',#3928,#3921,#3945,.T.);
#3947=ORIENTED_EDGE('',*,*,#3946,.F.);
#3948=CARTESIAN_POINT('',(25.383861245,81.35510391,-127.812260911));
#3949=VERTEX_POINT('',#3948);
#3950=CARTESIAN_POINT('',(42.044415339,81.358795515,-127.812746959));
#3951=CARTESIAN_POINT('',(41.35010299,81.363610081,-127.811796557));
#3952=CARTESIAN_POINT('',(40.655741411,81.363874245,-127.811698042));
#3953=CARTESIAN_POINT('',(39.961376307,81.363812509,-127.811660539));
#3954=CARTESIAN_POINT('',(39.267011202,81.363750773,-127.811623036));
#3955=CARTESIAN_POINT('',(38.572649845,81.364035435,-127.811520684));
#3956=CARTESIAN_POINT('',(37.878295358,81.36495508,-127.811299455));
#3957=CARTESIAN_POINT('',(36.489586383,81.366794369,-127.810856998));
#3958=CARTESIAN_POINT('',(35.100886011,81.369427289,-127.810265965));
#3959=CARTESIAN_POINT('',(33.712178856,81.371436262,-127.809791741));
#3960=CARTESIAN_POINT('',(32.323471701,81.373445236,-127.809317518));
#3961=CARTESIAN_POINT('',(30.934766072,81.376341735,-127.808677139));
#3962=CARTESIAN_POINT('',(29.546059732,81.378824887,-127.808114143));
#3963=CARTESIAN_POINT('',(29.198883147,81.379445675,-127.807973394));
#3964=CARTESIAN_POINT('',(28.851706559,81.380064569,-127.807833));
#3965=CARTESIAN_POINT('',(28.504530054,81.380731434,-127.807683625));
#3966=CARTESIAN_POINT('',(28.157353548,81.381398299,-127.80753425));
#3967=CARTESIAN_POINT('',(27.81017784,81.382529189,-127.807298004));
#3968=CARTESIAN_POINT('',(27.462997675,81.38106799,-127.807547028));
#3969=CARTESIAN_POINT('',(27.11581751,81.379606791,-127.807796052));
#3970=CARTESIAN_POINT('',(26.768631212,81.374578723,-127.808712835));
#3971=CARTESIAN_POINT('',(26.421455758,81.375857242,-127.808448951));
#3972=CARTESIAN_POINT('',(26.247868031,81.376496501,-127.808317009));
#3973=CARTESIAN_POINT('',(26.074284492,81.379602821,-127.807723205));
#3974=CARTESIAN_POINT('',(25.900704329,81.384607938,-127.806773923));
#3975=CARTESIAN_POINT('',(25.813914247,81.387110497,-127.806299282));
#3976=CARTESIAN_POINT('',(25.727130101,81.390334443,-127.805689589));
#3977=CARTESIAN_POINT('',(25.640310309,81.389226148,-127.80589094));
#3978=CARTESIAN_POINT('',(25.553490516,81.388117852,-127.806092292));
#3979=CARTESIAN_POINT('',(25.466427513,81.38216654,-127.807200297));
#3980=CARTESIAN_POINT('',(25.383861245,81.35510391,-127.812260911));
#3981=B_SPLINE_CURVE_WITH_KNOTS('',3,(#3950,#3951,#3952,#3953,#3954,#3955,#3956,#3957,#3958,#3959,#3960,#3961,#3962,#3963,#3964,#3965,#3966,#3967,#3968,#3969,#3970,#3971,#3972,#3973,#3974,#3975,
#3976,#3977,#3978,#3979,#3980),.UNSPECIFIED.,.F.,.F.,(4,3,3,3,3,3,3,3,3,3,4),(0.046349876,0.048433404,0.050516933,0.05468399,0.058851048,0.059892812,0.060934576,0.061976341,0.062497223,0.062757664,0.063018105),.UNSPECIFIED.);
#3982=EDGE_CURVE('',#3928,#3949,#3981,.T.);
#3983=ORIENTED_EDGE('',*,*,#3982,.T.);
#3984=CARTESIAN_POINT('',(25.383861245,81.355103911,-127.812260911));
#3985=CARTESIAN_POINT('',(25.386686808,81.363830666,-127.707475475));
#3986=CARTESIAN_POINT('',(25.387965312,81.366427242,-127.601861233));
#3987=CARTESIAN_POINT('',(25.388606723,81.366725137,-127.496347855));
#3988=CARTESIAN_POINT('',(25.389248133,81.367023031,-127.390834477));
#3989=CARTESIAN_POINT('',(25.389296281,81.365171411,-127.285337958));
#3990=CARTESIAN_POINT('',(25.38922017,81.363055175,-127.17984342));
#3991=CARTESIAN_POINT('',(25.389067949,81.358822703,-126.968854344));
#3992=CARTESIAN_POINT('',(25.389147464,81.356112707,-126.75785298));
#3993=CARTESIAN_POINT('',(25.389585593,81.355628914,-126.546833683));
#3994=CARTESIAN_POINT('',(25.39046185,81.354661327,-126.12479509));
#3995=CARTESIAN_POINT('',(25.390956104,81.356739654,-125.702740652));
#3996=CARTESIAN_POINT('',(25.388557435,81.355553695,-125.280709032));
#3997=CARTESIAN_POINT('',(25.386158767,81.354367737,-124.858677413));
#3998=CARTESIAN_POINT('',(25.381750662,81.35106729,-124.436658004));
#3999=CARTESIAN_POINT('',(25.380202745,81.349618546,-124.014623861));
#4000=CARTESIAN_POINT('',(25.379428787,81.348894174,-123.80360679));
#4001=CARTESIAN_POINT('',(25.379445764,81.348832518,-123.592568984));
#4002=CARTESIAN_POINT('',(25.38111772,81.350560127,-123.381583798));
#4003=CARTESIAN_POINT('',(25.381953698,81.351423931,-123.276091204));
#4004=CARTESIAN_POINT('',(25.383199337,81.35273287,-123.170610643));
#4005=CARTESIAN_POINT('',(25.384981667,81.354652255,-123.065146241));
#4006=CARTESIAN_POINT('',(25.386763996,81.35657164,-122.959681839));
#4007=CARTESIAN_POINT('',(25.389082461,81.359094307,-122.854969498));
#4008=CARTESIAN_POINT('',(25.39229252,81.362602616,-122.748811561));
#4009=B_SPLINE_CURVE_WITH_KNOTS('',3,(#3984,#3985,#3986,#3987,#3988,#3989,#3990,#3991,#3992,#3993,#3994,#3995,#3996,#3997,#3998,#3999,#4000,#4001,#4002,#4003,#4004,#4005,#4006,#4007,#4008),.UNSPECIFIED.,.F.,.F.,(4,3,3,3,3,3,3,3,4),(-0.000206479,0.000110046,0.000426571,0.00105962,0.002325718,0.003591817,0.004224866,0.004541391,0.004857915),.UNSPECIFIED.);
#4010=EDGE_CURVE('',#3949,#2253,#4009,.T.);
#4011=ORIENTED_EDGE('',*,*,#4010,.T.);
#4012=ORIENTED_EDGE('',*,*,#2365,.T.);
#4013=CARTESIAN_POINT('',(25.,81.,-178.));
#4014=VERTEX_POINT('',#4013);
#4015=CARTESIAN_POINT('',(25.,81.,-122.8));
#4016=DIRECTION('',(0.,0.,-1.));
#4017=VECTOR('',#4016,55.2);
#4018=LINE('',#4015,#4017);
#4019=EDGE_CURVE('',#2319,#4014,#4018,.T.);
#4020=ORIENTED_EDGE('',*,*,#4019,.T.);
#4021=CARTESIAN_POINT('',(42.8,81.,-178.));
#4022=VERTEX_POINT('',#4021);
#4023=CARTESIAN_POINT('',(42.8,81.,-178.));
#4024=DIRECTION('',(-1.,0.,0.));
#4025=VECTOR('',#4024,17.8);
#4026=LINE('',#4023,#4025);
#4027=EDGE_CURVE('',#4022,#4014,#4026,.T.);
#4028=ORIENTED_EDGE('',*,*,#4027,.F.);
#4029=CARTESIAN_POINT('',(42.8,81.,-177.901170985));
#4030=DIRECTION('',(-0.,-0.,-1.));
#4031=VECTOR('',#4030,0.098829015);
#4032=LINE('',#4029,#4031);
#4033=EDGE_CURVE('',#3903,#4022,#4032,.T.);
#4034=ORIENTED_EDGE('',*,*,#4033,.F.);
#4035=EDGE_LOOP('',(#3910,#3919,#3926,#3947,#3983,#4011,#4012,#4020,#4028,#4034));
#4036=FACE_BOUND('',#4035,.T.);
#4037=CARTESIAN_POINT('',(40.572292321,81.020538047,-145.813234291));
#4038=VERTEX_POINT('',#4037);
#4039=CARTESIAN_POINT('',(26.872313455,80.994690844,-145.814376551));
#4040=VERTEX_POINT('',#4039);
#4041=CARTESIAN_POINT('',(40.572292321,81.020538047,-145.813234291));
#4042=CARTESIAN_POINT('',(38.288970082,81.012185584,-145.813603409));
#4043=CARTESIAN_POINT('',(36.00565529,80.999854614,-145.814148349));
#4044=CARTESIAN_POINT('',(33.722328847,80.993747919,-145.814418221));
#4045=CARTESIAN_POINT('',(31.439002403,80.987641223,-145.814688093));
#4046=CARTESIAN_POINT('',(29.15566224,80.988863453,-145.814634079));
#4047=CARTESIAN_POINT('',(26.872313455,80.994690844,-145.814376551));
#4048=B_SPLINE_CURVE_WITH_KNOTS('',3,(#4041,#4042,#4043,#4044,#4045,#4046,#4047),.UNSPECIFIED.,.F.,.F.,(4,3,4),(0.000085016,0.006935018,0.013785019),.UNSPECIFIED.);
#4049=EDGE_CURVE('',#4038,#4040,#4048,.T.);
#4050=ORIENTED_EDGE('',*,*,#4049,.T.);
#4051=CARTESIAN_POINT('',(26.872033421,80.990433231,-140.409294174));
#4052=VERTEX_POINT('',#4051);
#4053=CARTESIAN_POINT('',(26.872313455,80.994690844,-145.814376551));
#4054=CARTESIAN_POINT('',(26.872219769,80.993557725,-144.0126822));
#4055=CARTESIAN_POINT('',(26.872126607,80.991985426,-142.210988195));
#4056=CARTESIAN_POINT('',(26.872033421,80.990433231,-140.409294174));
#4057=B_SPLINE_CURVE_WITH_KNOTS('',3,(#4053,#4054,#4055,#4056),.UNSPECIFIED.,.F.,.F.,(4,4),(0.000135991,0.005541075),.UNSPECIFIED.);
#4058=EDGE_CURVE('',#4040,#4052,#4057,.T.);
#4059=ORIENTED_EDGE('',*,*,#4058,.T.);
#4060=CARTESIAN_POINT('',(40.571956014,81.063333791,-140.406072496));
#4061=VERTEX_POINT('',#4060);
#4062=CARTESIAN_POINT('',(26.872033421,80.990433231,-140.409294174));
#4063=CARTESIAN_POINT('',(28.013753027,80.98526493,-140.409522576));
#4064=CARTESIAN_POINT('',(29.155462502,80.982014662,-140.409666214));
#4065=CARTESIAN_POINT('',(30.297149968,80.982930931,-140.409625722));
#4066=CARTESIAN_POINT('',(31.438837434,80.9838472,-140.409585229));
#4067=CARTESIAN_POINT('',(32.580501999,80.989098988,-140.409353138));
#4068=CARTESIAN_POINT('',(33.722148633,80.997745176,-140.408971039));
#4069=CARTESIAN_POINT('',(36.005441903,81.015037551,-140.408206841));
#4070=CARTESIAN_POINT('',(38.288665445,81.045530162,-140.406859288));
#4071=CARTESIAN_POINT('',(40.571956014,81.063333791,-140.406072496));
#4072=B_SPLINE_CURVE_WITH_KNOTS('',3,(#4062,#4063,#4064,#4065,#4066,#4067,#4068,#4069,#4070,#4071),.UNSPECIFIED.,.F.,.F.,(4,3,3,4),(0.000089994,0.003515024,0.006940053,0.013790111),.UNSPECIFIED.);
#4073=EDGE_CURVE('',#4052,#4061,#4072,.T.);
#4074=ORIENTED_EDGE('',*,*,#4073,.T.);
#4075=CARTESIAN_POINT('',(40.571956014,81.063333791,-140.406072496));
#4076=CARTESIAN_POINT('',(40.572076678,81.041893431,-142.208401829));
#4077=CARTESIAN_POINT('',(40.572186829,81.029263429,-144.010802297));
#4078=CARTESIAN_POINT('',(40.572292321,81.020538047,-145.813234291));
#4079=B_SPLINE_CURVE_WITH_KNOTS('',3,(#4075,#4076,#4077,#4078),.UNSPECIFIED.,.F.,.F.,(4,4),(0.000318036,0.005725367),.UNSPECIFIED.);
#4080=EDGE_CURVE('',#4061,#4038,#4079,.T.);
#4081=ORIENTED_EDGE('',*,*,#4080,.T.);
#4082=EDGE_LOOP('',(#4050,#4059,#4074,#4081));
#4083=FACE_BOUND('',#4082,.T.);
#4084=ADVANCED_FACE('',(#3899,#4036,#4083),#3693,.F.);
#4085=CARTESIAN_POINT('',(0.,0.,-132.));
#4086=DIRECTION('',(0.,0.,1.));
#4087=DIRECTION('',(0.,-1.,0.));
#4088=AXIS2_PLACEMENT_3D('',#4085,#4086,#4087);
#4089=PLANE('',#4088);
#4090=CARTESIAN_POINT('',(55.5,-38.4,-132.));
#4091=VERTEX_POINT('',#4090);
#4092=CARTESIAN_POINT('',(53.,-38.4,-132.));
#4093=DIRECTION('',(0.,0.,1.));
#4094=DIRECTION('',(1.,0.,-0.));
#4095=AXIS2_PLACEMENT_3D('',#4092,#4093,#4094);
#4096=CIRCLE('',#4095,2.5);
#4097=EDGE_CURVE('',#4091,#4091,#4096,.T.);
#4098=ORIENTED_EDGE('',*,*,#4097,.F.);
#4099=EDGE_LOOP('',(#4098));
#4100=FACE_BOUND('',#4099,.T.);
#4101=CARTESIAN_POINT('',(57.534117331,-9.716500184,-132.));
#4102=VERTEX_POINT('',#4101);
#4103=CARTESIAN_POINT('',(57.6,-38.4,-132.));
#4104=VERTEX_POINT('',#4103);
#4105=CARTESIAN_POINT('',(57.534117331,-9.716500184,-132.));
#4106=DIRECTION('',(0.002296878,-0.999997362,0.));
#4107=VECTOR('',#4106,28.683575478);
#4108=LINE('',#4105,#4107);
#4109=EDGE_CURVE('',#4102,#4104,#4108,.T.);
#4110=ORIENTED_EDGE('',*,*,#4109,.F.);
#4111=CARTESIAN_POINT('',(25.670714614,-42.988980065,-132.));
#4112=VERTEX_POINT('',#4111);
#4113=CARTESIAN_POINT('',(0.056119636,13.434085995,-132.));
#4114=DIRECTION('',(0.,0.,1.));
#4115=DIRECTION('',(-0.,-1.,0.));
#4116=AXIS2_PLACEMENT_3D('',#4113,#4114,#4115);
#4117=CIRCLE('',#4116,61.965069673);
#4118=EDGE_CURVE('',#4112,#4102,#4117,.T.);
#4119=ORIENTED_EDGE('',*,*,#4118,.F.);
#4120=CARTESIAN_POINT('',(53.,-43.,-132.));
#4121=VERTEX_POINT('',#4120);
#4122=CARTESIAN_POINT('',(53.,-43.,-132.));
#4123=DIRECTION('',(-0.999999919,0.000403228,0.));
#4124=VECTOR('',#4123,27.329287608);
#4125=LINE('',#4122,#4124);
#4126=EDGE_CURVE('',#4121,#4112,#4125,.T.);
#4127=ORIENTED_EDGE('',*,*,#4126,.F.);
#4128=CARTESIAN_POINT('',(53.,-38.4,-132.));
#4129=DIRECTION('',(0.,0.,1.));
#4130=DIRECTION('',(-1.,0.,0.));
#4131=AXIS2_PLACEMENT_3D('',#4128,#4129,#4130);
#4132=CIRCLE('',#4131,4.6);
#4133=EDGE_CURVE('',#4121,#4104,#4132,.T.);
#4134=ORIENTED_EDGE('',*,*,#4133,.T.);
#4135=EDGE_LOOP('',(#4110,#4119,#4127,#4134));
#4136=FACE_BOUND('',#4135,.T.);
#4137=ADVANCED_FACE('',(#4100,#4136),#4089,.T.);
#4138=CARTESIAN_POINT('',(42.8,80.193918079,-177.));
#4139=DIRECTION('',(-1.,0.,0.));
#4140=DIRECTION('',(0.,0.,1.));
#4141=AXIS2_PLACEMENT_3D('',#4138,#4139,#4140);
#4142=PLANE('',#4141);
#4143=CARTESIAN_POINT('',(42.8,79.827890044,-178.));
#4144=VERTEX_POINT('',#4143);
#4145=CARTESIAN_POINT('',(42.8,79.827890044,-171.));
#4146=DIRECTION('',(-1.,0.,0.));
#4147=DIRECTION('',(0.,1.,-0.));
#4148=AXIS2_PLACEMENT_3D('',#4145,#4146,#4147);
#4149=ELLIPSE('',#4148,7.000006904,7.);
#4150=EDGE_CURVE('',#3903,#4144,#4149,.T.);
#4151=ORIENTED_EDGE('',*,*,#4150,.F.);
#4152=ORIENTED_EDGE('',*,*,#4033,.T.);
#4153=CARTESIAN_POINT('',(42.8,79.827890044,-178.));
#4154=DIRECTION('',(0.,1.,-0.));
#4155=VECTOR('',#4154,1.172109956);
#4156=LINE('',#4153,#4155);
#4157=EDGE_CURVE('',#4144,#4022,#4156,.T.);
#4158=ORIENTED_EDGE('',*,*,#4157,.F.);
#4159=EDGE_LOOP('',(#4151,#4152,#4158));
#4160=FACE_BOUND('',#4159,.T.);
#4161=ADVANCED_FACE('',(#4160),#4142,.T.);
#4162=CARTESIAN_POINT('',(0.,0.,-132.));
#4163=DIRECTION('',(0.,0.,1.));
#4164=DIRECTION('',(0.,-1.,0.));
#4165=AXIS2_PLACEMENT_3D('',#4162,#4163,#4164);
#4166=PLANE('',#4165);
#4167=CARTESIAN_POINT('',(-50.307159722,65.366774797,-132.));
#4168=VERTEX_POINT('',#4167);
#4169=CARTESIAN_POINT('',(-52.807159722,65.366774797,-132.));
#4170=DIRECTION('',(0.,0.,1.));
#4171=DIRECTION('',(1.,0.,-0.));
#4172=AXIS2_PLACEMENT_3D('',#4169,#4170,#4171);
#4173=CIRCLE('',#4172,2.5);
#4174=EDGE_CURVE('',#4168,#4168,#4173,.T.);
#4175=ORIENTED_EDGE('',*,*,#4174,.F.);
#4176=EDGE_LOOP('',(#4175));
#4177=FACE_BOUND('',#4176,.T.);
#4178=ORIENTED_EDGE('',*,*,#2691,.F.);
#4179=CARTESIAN_POINT('',(-57.407159722,65.366774797,-132.));
#4180=VERTEX_POINT('',#4179);
#4181=CARTESIAN_POINT('',(-52.807159722,65.366774797,-132.));
#4182=DIRECTION('',(0.,0.,1.));
#4183=DIRECTION('',(-1.,0.,0.));
#4184=AXIS2_PLACEMENT_3D('',#4181,#4182,#4183);
#4185=CIRCLE('',#4184,4.6);
#4186=EDGE_CURVE('',#2678,#4180,#4185,.T.);
#4187=ORIENTED_EDGE('',*,*,#4186,.T.);
#4188=CARTESIAN_POINT('',(-57.409383957,36.615668262,-132.));
#4189=VERTEX_POINT('',#4188);
#4190=CARTESIAN_POINT('',(-57.409383957,36.615668262,-132.));
#4191=DIRECTION('',(0.000077362,0.999999997,0.));
#4192=VECTOR('',#4191,28.751106622);
#4193=LINE('',#4190,#4192);
#4194=EDGE_CURVE('',#4189,#4180,#4193,.T.);
#4195=ORIENTED_EDGE('',*,*,#4194,.F.);
#4196=CARTESIAN_POINT('',(0.056119636,13.434085995,-132.));
#4197=DIRECTION('',(0.,0.,1.));
#4198=DIRECTION('',(-0.,-1.,0.));
#4199=AXIS2_PLACEMENT_3D('',#4196,#4197,#4198);
#4200=CIRCLE('',#4199,61.965069673);
#4201=EDGE_CURVE('',#2686,#4189,#4200,.T.);
#4202=ORIENTED_EDGE('',*,*,#4201,.F.);
#4203=EDGE_LOOP('',(#4178,#4187,#4195,#4202));
#4204=FACE_BOUND('',#4203,.T.);
#4205=ADVANCED_FACE('',(#4177,#4204),#4166,.T.);
#4206=CARTESIAN_POINT('',(0.,0.,-132.));
#4207=DIRECTION('',(0.,0.,1.));
#4208=DIRECTION('',(0.,-1.,0.));
#4209=AXIS2_PLACEMENT_3D('',#4206,#4207,#4208);
#4210=PLANE('',#4209);
#4211=CARTESIAN_POINT('',(-50.315183997,-38.357332349,-132.));
#4212=VERTEX_POINT('',#4211);
#4213=CARTESIAN_POINT('',(-52.815183997,-38.357332349,-132.));
#4214=DIRECTION('',(0.,0.,1.));
#4215=DIRECTION('',(1.,0.,-0.));
#4216=AXIS2_PLACEMENT_3D('',#4213,#4214,#4215);
#4217=CIRCLE('',#4216,2.5);
#4218=EDGE_CURVE('',#4212,#4212,#4217,.T.);
#4219=ORIENTED_EDGE('',*,*,#4218,.F.);
#4220=EDGE_LOOP('',(#4219));
#4221=FACE_BOUND('',#4220,.T.);
#4222=CARTESIAN_POINT('',(-57.415183997,-38.357332349,-132.));
#4223=VERTEX_POINT('',#4222);
#4224=CARTESIAN_POINT('',(-57.412970003,-9.738604734,-132.));
#4225=VERTEX_POINT('',#4224);
#4226=CARTESIAN_POINT('',(-57.415183997,-38.357332349,-132.));
#4227=DIRECTION('',(0.000077362,0.999999997,0.));
#4228=VECTOR('',#4227,28.6187277);
#4229=LINE('',#4226,#4228);
#4230=EDGE_CURVE('',#4223,#4225,#4229,.T.);
#4231=ORIENTED_EDGE('',*,*,#4230,.F.);
#4232=CARTESIAN_POINT('',(-52.815183997,-42.957332349,-132.));
#4233=VERTEX_POINT('',#4232);
#4234=CARTESIAN_POINT('',(-52.815183997,-38.357332349,-132.));
#4235=DIRECTION('',(0.,0.,1.));
#4236=DIRECTION('',(-1.,0.,0.));
#4237=AXIS2_PLACEMENT_3D('',#4234,#4235,#4236);
#4238=CIRCLE('',#4237,4.6);
#4239=EDGE_CURVE('',#4223,#4233,#4238,.T.);
#4240=ORIENTED_EDGE('',*,*,#4239,.T.);
#4241=CARTESIAN_POINT('',(-25.603969733,-42.968304674,-132.));
#4242=VERTEX_POINT('',#4241);
#4243=CARTESIAN_POINT('',(-25.603969733,-42.968304674,-132.));
#4244=DIRECTION('',(-0.999999919,0.000403228,0.));
#4245=VECTOR('',#4244,27.211216477);
#4246=LINE('',#4243,#4245);
#4247=EDGE_CURVE('',#4242,#4233,#4246,.T.);
#4248=ORIENTED_EDGE('',*,*,#4247,.F.);
#4249=CARTESIAN_POINT('',(0.056119636,13.434085995,-132.));
#4250=DIRECTION('',(0.,0.,1.));
#4251=DIRECTION('',(-0.,-1.,0.));
#4252=AXIS2_PLACEMENT_3D('',#4249,#4250,#4251);
#4253=CIRCLE('',#4252,61.965069673);
#4254=EDGE_CURVE('',#4225,#4242,#4253,.T.);
#4255=ORIENTED_EDGE('',*,*,#4254,.F.);
#4256=EDGE_LOOP('',(#4231,#4240,#4248,#4255));
#4257=FACE_BOUND('',#4256,.T.);
#4258=ADVANCED_FACE('',(#4221,#4257),#4210,.T.);
#4259=CARTESIAN_POINT('',(60.494014487,13.628211957,-198.));
#4260=DIRECTION('',(1.,0.,0.));
#4261=DIRECTION('',(0.,0.,-1.));
#4262=AXIS2_PLACEMENT_3D('',#4259,#4260,#4261);
#4263=PLANE('',#4262);
#4264=CARTESIAN_POINT('',(60.494014487,-0.238175176,-138.015));
#4265=VERTEX_POINT('',#4264);
#4266=CARTESIAN_POINT('',(60.494014487,-0.238175176,-138.015));
#4267=DIRECTION('',(0.,1.,0.));
#4268=VECTOR('',#4267,26.756819519);
#4269=LINE('',#4266,#4268);
#4270=EDGE_CURVE('',#4265,#1536,#4269,.T.);
#4271=ORIENTED_EDGE('',*,*,#4270,.T.);
#4272=ORIENTED_EDGE('',*,*,#1551,.T.);
#4273=ORIENTED_EDGE('',*,*,#2632,.T.);
#4274=CARTESIAN_POINT('',(60.494014487,67.957911792,-146.));
#4275=VERTEX_POINT('',#4274);
#4276=CARTESIAN_POINT('',(60.494014487,67.957911792,-146.));
#4277=DIRECTION('',(0.,-1.,0.));
#4278=VECTOR('',#4277,40.851564626);
#4279=LINE('',#4276,#4278);
#4280=EDGE_CURVE('',#4275,#2627,#4279,.T.);
#4281=ORIENTED_EDGE('',*,*,#4280,.F.);
#4282=CARTESIAN_POINT('',(60.494014487,67.957911792,-171.));
#4283=VERTEX_POINT('',#4282);
#4284=CARTESIAN_POINT('',(60.494014487,67.957911792,-146.));
#4285=DIRECTION('',(0.,0.,-1.));
#4286=VECTOR('',#4285,25.);
#4287=LINE('',#4284,#4286);
#4288=EDGE_CURVE('',#4275,#4283,#4287,.T.);
#4289=ORIENTED_EDGE('',*,*,#4288,.T.);
#4290=CARTESIAN_POINT('',(60.494014487,-40.680796712,-171.));
#4291=VERTEX_POINT('',#4290);
#4292=CARTESIAN_POINT('',(60.494014487,67.957911792,-171.));
#4293=DIRECTION('',(0.,-1.,0.));
#4294=VECTOR('',#4293,108.638708504);
#4295=LINE('',#4292,#4294);
#4296=EDGE_CURVE('',#4283,#4291,#4295,.T.);
#4297=ORIENTED_EDGE('',*,*,#4296,.T.);
#4298=CARTESIAN_POINT('',(60.494014487,-40.680796712,-146.));
#4299=VERTEX_POINT('',#4298);
#4300=CARTESIAN_POINT('',(60.494014487,-40.680796712,-146.));
#4301=DIRECTION('',(0.,0.,-1.));
#4302=VECTOR('',#4301,25.);
#4303=LINE('',#4300,#4302);
#4304=EDGE_CURVE('',#4299,#4291,#4303,.T.);
#4305=ORIENTED_EDGE('',*,*,#4304,.F.);
#4306=CARTESIAN_POINT('',(60.494014487,-0.238175176,-146.));
#4307=VERTEX_POINT('',#4306);
#4308=CARTESIAN_POINT('',(60.494014487,-0.238175176,-146.));
#4309=DIRECTION('',(0.,-1.,0.));
#4310=VECTOR('',#4309,40.442621536);
#4311=LINE('',#4308,#4310);
#4312=EDGE_CURVE('',#4307,#4299,#4311,.T.);
#4313=ORIENTED_EDGE('',*,*,#4312,.F.);
#4314=CARTESIAN_POINT('',(60.494014487,-0.238175176,-146.));
#4315=DIRECTION('',(-0.,-0.,1.));
#4316=VECTOR('',#4315,7.985);
#4317=LINE('',#4314,#4316);
#4318=EDGE_CURVE('',#4307,#4265,#4317,.T.);
#4319=ORIENTED_EDGE('',*,*,#4318,.T.);
#4320=EDGE_LOOP('',(#4271,#4272,#4273,#4281,#4289,#4297,#4305,#4313,#4319));
#4321=FACE_BOUND('',#4320,.T.);
#4322=ADVANCED_FACE('',(#4321),#4263,.F.);
#4323=CARTESIAN_POINT('',(0.510011944,-45.794799435,-198.));
#4324=DIRECTION('',(0.002095776,-0.999997804,0.));
#4325=DIRECTION('',(0.999997804,0.002095776,0.));
#4326=AXIS2_PLACEMENT_3D('',#4323,#4324,#4325);
#4327=PLANE('',#4326);
#4328=CARTESIAN_POINT('',(18.387675021,-45.757331767,-135.726554115));
#4329=VERTEX_POINT('',#4328);
#4330=CARTESIAN_POINT('',(18.387675021,-45.757331767,-146.));
#4331=VERTEX_POINT('',#4330);
#4332=CARTESIAN_POINT('',(18.387675021,-45.757331767,-135.726554115));
#4333=DIRECTION('',(0.,0.,-1.));
#4334=VECTOR('',#4333,10.273445885);
#4335=LINE('',#4332,#4334);
#4336=EDGE_CURVE('',#4329,#4331,#4335,.T.);
#4337=ORIENTED_EDGE('',*,*,#4336,.T.);
#4338=CARTESIAN_POINT('',(55.499139165,-45.679554264,-146.));
#4339=VERTEX_POINT('',#4338);
#4340=CARTESIAN_POINT('',(55.499139165,-45.679554264,-146.));
#4341=DIRECTION('',(-0.999997804,-0.002095776,0.));
#4342=VECTOR('',#4341,37.111545646);
#4343=LINE('',#4340,#4342);
#4344=EDGE_CURVE('',#4339,#4331,#4343,.T.);
#4345=ORIENTED_EDGE('',*,*,#4344,.F.);
#4346=CARTESIAN_POINT('',(55.499139165,-45.679554264,-171.));
#4347=VERTEX_POINT('',#4346);
#4348=CARTESIAN_POINT('',(55.499139165,-45.679554264,-146.));
#4349=DIRECTION('',(0.,0.,-1.));
#4350=VECTOR('',#4349,25.);
#4351=LINE('',#4348,#4350);
#4352=EDGE_CURVE('',#4339,#4347,#4351,.T.);
#4353=ORIENTED_EDGE('',*,*,#4352,.T.);
#4354=CARTESIAN_POINT('',(-54.507846058,-45.91010482,-171.));
#4355=VERTEX_POINT('',#4354);
#4356=CARTESIAN_POINT('',(55.499139165,-45.679554264,-171.));
#4357=DIRECTION('',(-0.999997804,-0.002095776,0.));
#4358=VECTOR('',#4357,110.007226814);
#4359=LINE('',#4356,#4358);
#4360=EDGE_CURVE('',#4347,#4355,#4359,.T.);
#4361=ORIENTED_EDGE('',*,*,#4360,.T.);
#4362=CARTESIAN_POINT('',(-54.507846058,-45.91010482,-146.));
#4363=VERTEX_POINT('',#4362);
#4364=CARTESIAN_POINT('',(-54.507846058,-45.91010482,-146.));
#4365=DIRECTION('',(0.,0.,-1.));
#4366=VECTOR('',#4365,25.);
#4367=LINE('',#4364,#4366);
#4368=EDGE_CURVE('',#4363,#4355,#4367,.T.);
#4369=ORIENTED_EDGE('',*,*,#4368,.F.);
#4370=CARTESIAN_POINT('',(-18.0271713,-45.833649312,-146.));
#4371=VERTEX_POINT('',#4370);
#4372=CARTESIAN_POINT('',(-18.0271713,-45.833649312,-146.));
#4373=DIRECTION('',(-0.999997804,-0.002095776,0.));
#4374=VECTOR('',#4373,36.480754874);
#4375=LINE('',#4372,#4374);
#4376=EDGE_CURVE('',#4371,#4363,#4375,.T.);
#4377=ORIENTED_EDGE('',*,*,#4376,.F.);
#4378=CARTESIAN_POINT('',(-18.0271713,-45.833649312,-135.936234847));
#4379=VERTEX_POINT('',#4378);
#4380=CARTESIAN_POINT('',(-18.0271713,-45.833649312,-146.));
#4381=DIRECTION('',(-0.,-0.,1.));
#4382=VECTOR('',#4381,10.063765153);
#4383=LINE('',#4380,#4382);
#4384=EDGE_CURVE('',#4371,#4379,#4383,.T.);
#4385=ORIENTED_EDGE('',*,*,#4384,.T.);
#4386=CARTESIAN_POINT('',(-18.0271713,-45.833649312,-135.936234847));
#4387=DIRECTION('',(0.999981226,0.002095742,0.005758003));
#4388=VECTOR('',#4387,36.41552997);
#4389=LINE('',#4386,#4388);
#4390=EDGE_CURVE('',#4379,#4329,#4389,.T.);
#4391=ORIENTED_EDGE('',*,*,#4390,.T.);
#4392=EDGE_LOOP('',(#4337,#4345,#4353,#4361,#4369,#4377,#4385,#4391));
#4393=FACE_BOUND('',#4392,.T.);
#4394=ADVANCED_FACE('',(#4393),#4327,.F.);
#4395=CARTESIAN_POINT('',(-60.53681243,13.256498356,-198.));
#4396=DIRECTION('',(-0.999999198,-0.001266784,0.));
#4397=DIRECTION('',(0.001266784,-0.999999198,0.));
#4398=AXIS2_PLACEMENT_3D('',#4395,#4396,#4397);
#4399=PLANE('',#4398);
#4400=CARTESIAN_POINT('',(-60.553366646,26.324393681,-146.));
#4401=VERTEX_POINT('',#4400);
#4402=CARTESIAN_POINT('',(-60.553366646,26.324393681,-136.319010723));
#4403=VERTEX_POINT('',#4402);
#4404=CARTESIAN_POINT('',(-60.553366646,26.324393681,-146.));
#4405=DIRECTION('',(-0.,-0.,1.));
#4406=VECTOR('',#4405,9.680989277);
#4407=LINE('',#4404,#4406);
#4408=EDGE_CURVE('',#4401,#4403,#4407,.T.);
#4409=ORIENTED_EDGE('',*,*,#4408,.T.);
#4410=CARTESIAN_POINT('',(-60.520513672,0.390261529,-136.228747918));
#4411=VERTEX_POINT('',#4410);
#4412=CARTESIAN_POINT('',(-60.553366646,26.324393681,-136.319010723));
#4413=DIRECTION('',(0.001266776,-0.999993141,0.00348044));
#4414=VECTOR('',#4413,25.934310038);
#4415=LINE('',#4412,#4414);
#4416=EDGE_CURVE('',#4403,#4411,#4415,.T.);
#4417=ORIENTED_EDGE('',*,*,#4416,.T.);
#4418=CARTESIAN_POINT('',(-60.520513672,0.390261529,-146.));
#4419=VERTEX_POINT('',#4418);
#4420=CARTESIAN_POINT('',(-60.520513672,0.390261529,-136.228747918));
#4421=DIRECTION('',(0.,0.,-1.));
#4422=VECTOR('',#4421,9.771252082);
#4423=LINE('',#4420,#4422);
#4424=EDGE_CURVE('',#4411,#4419,#4423,.T.);
#4425=ORIENTED_EDGE('',*,*,#4424,.T.);
#4426=CARTESIAN_POINT('',(-60.46852476,-40.649776566,-146.));
#4427=VERTEX_POINT('',#4426);
#4428=CARTESIAN_POINT('',(-60.46852476,-40.649776566,-146.));
#4429=DIRECTION('',(-0.001266784,0.999999198,0.));
#4430=VECTOR('',#4429,41.040071024);
#4431=LINE('',#4428,#4430);
#4432=EDGE_CURVE('',#4427,#4419,#4431,.T.);
#4433=ORIENTED_EDGE('',*,*,#4432,.F.);
#4434=CARTESIAN_POINT('',(-60.46852476,-40.649776566,-171.));
#4435=VERTEX_POINT('',#4434);
#4436=CARTESIAN_POINT('',(-60.46852476,-40.649776566,-146.));
#4437=DIRECTION('',(0.,0.,-1.));
#4438=VECTOR('',#4437,25.);
#4439=LINE('',#4436,#4438);
#4440=EDGE_CURVE('',#4427,#4435,#4439,.T.);
#4441=ORIENTED_EDGE('',*,*,#4440,.T.);
#4442=CARTESIAN_POINT('',(-60.605216167,67.254396684,-171.));
#4443=VERTEX_POINT('',#4442);
#4444=CARTESIAN_POINT('',(-60.46852476,-40.649776566,-171.));
#4445=DIRECTION('',(-0.001266784,0.999999198,-0.));
#4446=VECTOR('',#4445,107.904259829);
#4447=LINE('',#4444,#4446);
#4448=EDGE_CURVE('',#4435,#4443,#4447,.T.);
#4449=ORIENTED_EDGE('',*,*,#4448,.T.);
#4450=CARTESIAN_POINT('',(-60.605216167,67.254396684,-146.));
#4451=VERTEX_POINT('',#4450);
#4452=CARTESIAN_POINT('',(-60.605216167,67.254396684,-146.));
#4453=DIRECTION('',(0.,0.,-1.));
#4454=VECTOR('',#4453,25.);
#4455=LINE('',#4452,#4454);
#4456=EDGE_CURVE('',#4451,#4443,#4455,.T.);
#4457=ORIENTED_EDGE('',*,*,#4456,.F.);
#4458=CARTESIAN_POINT('',(-60.553366646,26.324393681,-146.));
#4459=DIRECTION('',(-0.001266784,0.999999198,0.));
#4460=VECTOR('',#4459,40.930035845);
#4461=LINE('',#4458,#4460);
#4462=EDGE_CURVE('',#4401,#4451,#4461,.T.);
#4463=ORIENTED_EDGE('',*,*,#4462,.F.);
#4464=EDGE_LOOP('',(#4409,#4417,#4425,#4433,#4441,#4449,#4457,#4463));
#4465=FACE_BOUND('',#4464,.T.);
#4466=ADVANCED_FACE('',(#4465),#4399,.F.);
#4467=CARTESIAN_POINT('',(0.,0.,-132.));
#4468=DIRECTION('',(0.,0.,1.));
#4469=DIRECTION('',(0.,-1.,0.));
#4470=AXIS2_PLACEMENT_3D('',#4467,#4468,#4469);
#4471=PLANE('',#4470);
#4472=CARTESIAN_POINT('',(55.261394531,65.482251346,-132.));
#4473=VERTEX_POINT('',#4472);
#4474=CARTESIAN_POINT('',(52.761394531,65.482251346,-132.));
#4475=DIRECTION('',(0.,0.,1.));
#4476=DIRECTION('',(1.,0.,-0.));
#4477=AXIS2_PLACEMENT_3D('',#4474,#4475,#4476);
#4478=CIRCLE('',#4477,2.5);
#4479=EDGE_CURVE('',#4473,#4473,#4478,.T.);
#4480=ORIENTED_EDGE('',*,*,#4479,.F.);
#4481=EDGE_LOOP('',(#4480));
#4482=FACE_BOUND('',#4481,.T.);
#4483=CARTESIAN_POINT('',(50.664908945,63.944477569,-132.));
#4484=VERTEX_POINT('',#4483);
#4485=CARTESIAN_POINT('',(55.361394531,65.482251346,-132.));
#4486=VERTEX_POINT('',#4485);
#4487=CARTESIAN_POINT('',(52.761394531,65.482251346,-132.));
#4488=DIRECTION('',(0.,0.,1.));
#4489=DIRECTION('',(1.,0.,-0.));
#4490=AXIS2_PLACEMENT_3D('',#4487,#4488,#4489);
#4491=CIRCLE('',#4490,2.6);
#4492=EDGE_CURVE('',#4484,#4486,#4491,.T.);
#4493=ORIENTED_EDGE('',*,*,#4492,.T.);
#4494=CARTESIAN_POINT('',(52.406910067,68.057972753,-132.));
#4495=VERTEX_POINT('',#4494);
#4496=CARTESIAN_POINT('',(52.761394531,65.482251346,-132.));
#4497=DIRECTION('',(0.,0.,1.));
#4498=DIRECTION('',(1.,0.,-0.));
#4499=AXIS2_PLACEMENT_3D('',#4496,#4497,#4498);
#4500=CIRCLE('',#4499,2.6);
#4501=EDGE_CURVE('',#4486,#4495,#4500,.T.);
#4502=ORIENTED_EDGE('',*,*,#4501,.T.);
#4503=CARTESIAN_POINT('',(52.406910067,70.203495544,-132.));
#4504=VERTEX_POINT('',#4503);
#4505=CARTESIAN_POINT('',(52.406910067,70.203495544,-132.));
#4506=DIRECTION('',(0.,-1.,0.));
#4507=VECTOR('',#4506,2.145522791);
#4508=LINE('',#4505,#4507);
#4509=EDGE_CURVE('',#4504,#4495,#4508,.T.);
#4510=ORIENTED_EDGE('',*,*,#4509,.F.);
#4511=CARTESIAN_POINT('',(42.,70.203495544,-132.));
#4512=VERTEX_POINT('',#4511);
#4513=CARTESIAN_POINT('',(42.,70.203495544,-132.));
#4514=DIRECTION('',(1.,0.,0.));
#4515=VECTOR('',#4514,10.406910067);
#4516=LINE('',#4513,#4515);
#4517=EDGE_CURVE('',#4512,#4504,#4516,.T.);
#4518=ORIENTED_EDGE('',*,*,#4517,.F.);
#4519=CARTESIAN_POINT('',(42.,72.,-132.));
#4520=VERTEX_POINT('',#4519);
#4521=CARTESIAN_POINT('',(42.,72.,-132.));
#4522=DIRECTION('',(0.,-1.,0.));
#4523=VECTOR('',#4522,1.796504456);
#4524=LINE('',#4521,#4523);
#4525=EDGE_CURVE('',#4520,#4512,#4524,.T.);
#4526=ORIENTED_EDGE('',*,*,#4525,.F.);
#4527=CARTESIAN_POINT('',(25.,72.,-132.));
#4528=VERTEX_POINT('',#4527);
#4529=CARTESIAN_POINT('',(42.,72.,-132.));
#4530=DIRECTION('',(-1.,0.,0.));
#4531=VECTOR('',#4530,17.);
#4532=LINE('',#4529,#4531);
#4533=EDGE_CURVE('',#4520,#4528,#4532,.T.);
#4534=ORIENTED_EDGE('',*,*,#4533,.T.);
#4535=CARTESIAN_POINT('',(25.,72.,-132.));
#4536=DIRECTION('',(0.,1.,0.));
#4537=VECTOR('',#4536,0.802883807);
#4538=LINE('',#4535,#4537);
#4539=EDGE_CURVE('',#4528,#2386,#4538,.T.);
#4540=ORIENTED_EDGE('',*,*,#4539,.T.);
#4541=CARTESIAN_POINT('',(24.295584595,70.714813696,-132.));
#4542=VERTEX_POINT('',#4541);
#4543=CARTESIAN_POINT('',(25.,72.802883807,-132.));
#4544=DIRECTION('',(-0.319653063,-0.947534653,0.));
#4545=VECTOR('',#4544,2.20368733);
#4546=LINE('',#4543,#4545);
#4547=EDGE_CURVE('',#2386,#4542,#4546,.T.);
#4548=ORIENTED_EDGE('',*,*,#4547,.T.);
#4549=CARTESIAN_POINT('',(50.698125189,49.483039274,-132.));
#4550=VERTEX_POINT('',#4549);
#4551=CARTESIAN_POINT('',(-0.258931979,13.148131149,-132.));
#4552=DIRECTION('',(-0.,-0.,-1.));
#4553=DIRECTION('',(1.,0.,-0.));
#4554=AXIS2_PLACEMENT_3D('',#4551,#4552,#4553);
#4555=CIRCLE('',#4554,62.58472037);
#4556=EDGE_CURVE('',#4542,#4550,#4555,.T.);
#4557=ORIENTED_EDGE('',*,*,#4556,.T.);
#4558=CARTESIAN_POINT('',(50.698125189,49.483039274,-132.));
#4559=DIRECTION('',(-0.002296878,0.999997362,-0.));
#4560=VECTOR('',#4559,14.461476442);
#4561=LINE('',#4558,#4560);
#4562=EDGE_CURVE('',#4550,#4484,#4561,.T.);
#4563=ORIENTED_EDGE('',*,*,#4562,.T.);
#4564=EDGE_LOOP('',(#4493,#4502,#4510,#4518,#4526,#4534,#4540,#4548,#4557,#4563));
#4565=FACE_BOUND('',#4564,.T.);
#4566=ADVANCED_FACE('',(#4482,#4565),#4471,.T.);
#4567=CARTESIAN_POINT('',(-50.561164716,62.530767165,5.043559756));
#4568=DIRECTION('',(0.045073907,-0.044051014,0.998011949));
#4569=DIRECTION('',(0.998981678,0.,-0.045117703));
#4570=AXIS2_PLACEMENT_3D('',#4567,#4568,#4569);
#4571=CYLINDRICAL_SURFACE('',#4570,18.4);
#4572=CARTESIAN_POINT('',(-60.223738358,90.263641984,-206.));
#4573=VERTEX_POINT('',#4572);
#4574=CARTESIAN_POINT('',(-60.223738358,88.977788601,-178.000000629));
#4575=VERTEX_POINT('',#4574);
#4576=CARTESIAN_POINT('',(-60.223738358,71.974061417,-208.902038973));
#4577=DIRECTION('',(1.,-0.,-0.));
#4578=DIRECTION('',(0.,-0.04409583,0.999027306));
#4579=AXIS2_PLACEMENT_3D('',#4576,#4577,#4578);
#4580=ELLIPSE('',#4579,408.218442681,18.4);
#4581=EDGE_CURVE('',#4573,#4575,#4580,.T.);
#4582=ORIENTED_EDGE('',*,*,#4581,.F.);
#4583=CARTESIAN_POINT('',(-78.511366357,71.93017744,-206.));
#4584=VERTEX_POINT('',#4583);
#4585=CARTESIAN_POINT('',(-60.092671557,71.845969005,-206.));
#4586=DIRECTION('',(-0.,-0.,-1.));
#4587=DIRECTION('',(0.715175194,-0.698945235,0.));
#4588=AXIS2_PLACEMENT_3D('',#4585,#4586,#4587);
#4589=ELLIPSE('',#4588,18.436652999,18.4);
#4590=EDGE_CURVE('',#4584,#4573,#4589,.T.);
#4591=ORIENTED_EDGE('',*,*,#4590,.F.);
#4592=CARTESIAN_POINT('',(-77.202062856,71.93017744,-178.));
#4593=VERTEX_POINT('',#4592);
#4594=CARTESIAN_POINT('',(-60.178835366,71.93017744,-207.907811366));
#4595=DIRECTION('',(-0.,-1.,0.));
#4596=DIRECTION('',(0.045117703,0.,0.998981678));
#4597=AXIS2_PLACEMENT_3D('',#4594,#4595,#4596);
#4598=ELLIPSE('',#4597,417.697538502,18.4);
#4599=EDGE_CURVE('',#4593,#4584,#4598,.T.);
#4600=ORIENTED_EDGE('',*,*,#4599,.F.);
#4601=CARTESIAN_POINT('',(-77.246831168,70.62470015,-178.));
#4602=VERTEX_POINT('',#4601);
#4603=CARTESIAN_POINT('',(-58.828088113,70.610083618,-178.));
#4604=DIRECTION('',(-0.,-0.,-1.));
#4605=DIRECTION('',(0.715175194,-0.698945235,0.));
#4606=AXIS2_PLACEMENT_3D('',#4603,#4604,#4605);
#4607=ELLIPSE('',#4606,18.436652999,18.4);
#4608=EDGE_CURVE('',#4602,#4593,#4607,.T.);
#4609=ORIENTED_EDGE('',*,*,#4608,.F.);
#4610=CARTESIAN_POINT('',(-69.790339926,63.337419286,-12.900768581));
#4611=VERTEX_POINT('',#4610);
#4612=CARTESIAN_POINT('',(-69.790339922,63.337424159,-12.900768366));
#4613=DIRECTION('',(-0.045073907,0.044051014,-0.998011949));
#4614=VECTOR('',#4613,165.428111091);
#4615=LINE('',#4612,#4614);
#4616=EDGE_CURVE('',#4611,#4602,#4615,.T.);
#4617=ORIENTED_EDGE('',*,*,#4616,.F.);
#4618=CARTESIAN_POINT('',(-51.43024928,81.740694195,-12.900422567));
#4619=CARTESIAN_POINT('',(-52.644025173,81.739242853,-12.900421498));
#4620=CARTESIAN_POINT('',(-53.837442426,81.619012482,-12.900424542));
#4621=CARTESIAN_POINT('',(-55.011310409,81.384725224,-12.90043128));
#4622=CARTESIAN_POINT('',(-55.598244401,81.267581596,-12.90043465));
#4623=CARTESIAN_POINT('',(-56.180254983,81.12171317,-12.900438944));
#4624=CARTESIAN_POINT('',(-56.757227792,80.946452713,-12.900444118));
#4625=CARTESIAN_POINT('',(-57.334200601,80.771192256,-12.900449292));
#4626=CARTESIAN_POINT('',(-57.907751435,80.565535643,-12.900455374));
#4627=CARTESIAN_POINT('',(-58.463873772,80.334622737,-12.900462127));
#4628=CARTESIAN_POINT('',(-59.576118446,79.872796926,-12.900475631));
#4629=CARTESIAN_POINT('',(-60.631041859,79.307831447,-12.900491893));
#4630=CARTESIAN_POINT('',(-61.629138809,78.640616604,-12.900510051));
#4631=CARTESIAN_POINT('',(-61.878663046,78.473812893,-12.90051459));
#4632=CARTESIAN_POINT('',(-62.124603758,78.30056125,-12.900519248));
#4633=CARTESIAN_POINT('',(-62.366903586,78.120758467,-12.900524013));
#4634=CARTESIAN_POINT('',(-62.609203414,77.940955685,-12.900528778));
#4635=CARTESIAN_POINT('',(-62.848462196,77.754100152,-12.900533662));
#4636=CARTESIAN_POINT('',(-63.082463855,77.561814411,-12.900538608));
#4637=CARTESIAN_POINT('',(-63.550467174,77.17724293,-12.900548499));
#4638=CARTESIAN_POINT('',(-63.995833685,76.772581609,-12.900558596));
#4639=CARTESIAN_POINT('',(-64.419274584,76.348461624,-12.900568779));
#4640=CARTESIAN_POINT('',(-65.266156383,75.500221654,-12.900589144));
#4641=CARTESIAN_POINT('',(-66.025955926,74.574697437,-12.900609846));
#4642=CARTESIAN_POINT('',(-66.696652107,73.570095273,-12.900630068));
#4643=CARTESIAN_POINT('',(-66.864326152,73.318944732,-12.900635123));
#4644=CARTESIAN_POINT('',(-67.026802435,73.062070912,-12.900640163));
#4645=CARTESIAN_POINT('',(-67.182164212,72.802422789,-12.900645118));
#4646=CARTESIAN_POINT('',(-67.337525989,72.542774665,-12.900650072));
#4647=CARTESIAN_POINT('',(-67.485894061,72.280263887,-12.900654944));
#4648=CARTESIAN_POINT('',(-67.627399192,72.01494398,-12.900659725));
#4649=CARTESIAN_POINT('',(-67.910409454,71.484304165,-12.900669288));
#4650=CARTESIAN_POINT('',(-68.16601646,70.942447686,-12.900678487));
#4651=CARTESIAN_POINT('',(-68.394649882,70.389550416,-12.900687266));
#4652=CARTESIAN_POINT('',(-68.623283303,69.836653145,-12.900696045));
#4653=CARTESIAN_POINT('',(-68.82494276,69.272714928,-12.900704405));
#4654=CARTESIAN_POINT('',(-68.999278961,68.697592792,-12.900712296));
#4655=CARTESIAN_POINT('',(-69.086447061,68.410031724,-12.900716242));
#4656=CARTESIAN_POINT('',(-69.166772289,68.119669741,-12.900720071));
#4657=CARTESIAN_POINT('',(-69.240134871,67.826457816,-12.900723778));
#4658=CARTESIAN_POINT('',(-69.313497452,67.533245892,-12.900727484));
#4659=CARTESIAN_POINT('',(-69.379980078,67.236639252,-12.900731074));
#4660=CARTESIAN_POINT('',(-69.438862893,66.939699215,-12.900734508));
#4661=CARTESIAN_POINT('',(-69.674394156,65.751939069,-12.900748242));
#4662=CARTESIAN_POINT('',(-69.791791475,64.551205264,-12.900759577));
#4663=CARTESIAN_POINT('',(-69.790339926,63.337419286,-12.900768581));
#4664=B_SPLINE_CURVE_WITH_KNOTS('',3,(#4618,#4619,#4620,#4621,#4622,#4623,#4624,#4625,#4626,#4627,#4628,#4629,#4630,#4631,#4632,#4633,#4634,#4635,#4636,#4637,#4638,#4639,#4640,#4641,#4642,#4643,
#4644,#4645,#4646,#4647,#4648,#4649,#4650,#4651,#4652,#4653,#4654,#4655,#4656,#4657,#4658,#4659,#4660,#4661,#4662,#4663),.UNSPECIFIED.,.F.,.F.,(4,3,3,3,3,3,3,3,3,3,3,3,3,3,3,4),(0.,0.003589727,0.00538459,0.007179453,0.01076918,0.011666612,0.012564043,0.014358907,0.017948633,0.018846065,0.019743497,0.02153836,0.023333223,0.024230655,0.025128087,0.028717813),.UNSPECIFIED.);
#4665=EDGE_CURVE('',#2896,#4611,#4664,.T.);
#4666=ORIENTED_EDGE('',*,*,#4665,.F.);
#4667=ORIENTED_EDGE('',*,*,#2901,.F.);
#4668=CARTESIAN_POINT('',(-58.828088141,70.610083645,-178.000000629));
#4669=DIRECTION('',(-0.,-0.,-1.));
#4670=DIRECTION('',(0.715175194,-0.698945235,-0.));
#4671=AXIS2_PLACEMENT_3D('',#4668,#4669,#4670);
#4672=ELLIPSE('',#4671,18.436652999,18.4);
#4673=EDGE_CURVE('',#4575,#2886,#4672,.T.);
#4674=ORIENTED_EDGE('',*,*,#4673,.F.);
#4675=EDGE_LOOP('',(#4582,#4591,#4600,#4609,#4617,#4666,#4667,#4674));
#4676=FACE_BOUND('',#4675,.T.);
#4677=ADVANCED_FACE('',(#4676),#4571,.T.);
#4678=CARTESIAN_POINT('',(-0.226639954,72.467453781,-198.));
#4679=DIRECTION('',(-0.001404456,0.999999014,0.));
#4680=DIRECTION('',(-0.999999014,-0.001404456,0.));
#4681=AXIS2_PLACEMENT_3D('',#4678,#4679,#4680);
#4682=PLANE('',#4681);
#4683=CARTESIAN_POINT('',(-18.86002277,72.441283997,-38.));
#4684=VERTEX_POINT('',#4683);
#4685=CARTESIAN_POINT('',(-18.86002277,72.441283997,-56.));
#4686=VERTEX_POINT('',#4685);
#4687=CARTESIAN_POINT('',(-18.86002277,72.441283997,-38.));
#4688=DIRECTION('',(0.,0.,-1.));
#4689=VECTOR('',#4688,18.);
#4690=LINE('',#4687,#4689);
#4691=EDGE_CURVE('',#4684,#4686,#4690,.T.);
#4692=ORIENTED_EDGE('',*,*,#4691,.T.);
#4693=CARTESIAN_POINT('',(-57.172919863,72.387475182,-56.));
#4694=VERTEX_POINT('',#4693);
#4695=CARTESIAN_POINT('',(-18.86002277,72.441283997,-56.));
#4696=DIRECTION('',(-0.999999014,-0.001404456,-0.));
#4697=VECTOR('',#4696,38.31293488);
#4698=LINE('',#4695,#4697);
#4699=EDGE_CURVE('',#4686,#4694,#4698,.T.);
#4700=ORIENTED_EDGE('',*,*,#4699,.T.);
#4701=CARTESIAN_POINT('',(-57.172919863,72.387475182,-117.));
#4702=VERTEX_POINT('',#4701);
#4703=CARTESIAN_POINT('',(-57.172919863,72.387475182,-56.));
#4704=DIRECTION('',(0.,0.,-1.));
#4705=VECTOR('',#4704,61.);
#4706=LINE('',#4703,#4705);
#4707=EDGE_CURVE('',#4694,#4702,#4706,.T.);
#4708=ORIENTED_EDGE('',*,*,#4707,.T.);
#4709=CARTESIAN_POINT('',(24.898746215,72.502741304,-117.));
#4710=VERTEX_POINT('',#4709);
#4711=CARTESIAN_POINT('',(24.898746215,72.502741304,-117.));
#4712=DIRECTION('',(-0.999999014,-0.001404456,0.));
#4713=VECTOR('',#4712,82.071747021);
#4714=LINE('',#4711,#4713);
#4715=EDGE_CURVE('',#4710,#4702,#4714,.T.);
#4716=ORIENTED_EDGE('',*,*,#4715,.F.);
#4717=CARTESIAN_POINT('',(24.898746215,72.502741304,-114.9));
#4718=VERTEX_POINT('',#4717);
#4719=CARTESIAN_POINT('',(24.898746215,72.502741304,-117.));
#4720=DIRECTION('',(0.,0.,1.));
#4721=VECTOR('',#4720,2.1);
#4722=LINE('',#4719,#4721);
#4723=EDGE_CURVE('',#4710,#4718,#4722,.T.);
#4724=ORIENTED_EDGE('',*,*,#4723,.T.);
#4725=CARTESIAN_POINT('',(42.,72.526759279,-114.9));
#4726=VERTEX_POINT('',#4725);
#4727=CARTESIAN_POINT('',(24.898746215,72.502741304,-114.9));
#4728=DIRECTION('',(0.999999014,0.001404456,-0.));
#4729=VECTOR('',#4728,17.101270651);
#4730=LINE('',#4727,#4729);
#4731=EDGE_CURVE('',#4718,#4726,#4730,.T.);
#4732=ORIENTED_EDGE('',*,*,#4731,.T.);
#4733=CARTESIAN_POINT('',(42.,72.526759279,-117.));
#4734=VERTEX_POINT('',#4733);
#4735=CARTESIAN_POINT('',(42.,72.526759279,-117.));
#4736=DIRECTION('',(0.,0.,1.));
#4737=VECTOR('',#4736,2.1);
#4738=LINE('',#4735,#4737);
#4739=EDGE_CURVE('',#4734,#4726,#4738,.T.);
#4740=ORIENTED_EDGE('',*,*,#4739,.F.);
#4741=CARTESIAN_POINT('',(56.933700084,72.547733018,-117.));
#4742=VERTEX_POINT('',#4741);
#4743=CARTESIAN_POINT('',(56.933700084,72.547733018,-117.));
#4744=DIRECTION('',(-0.999999014,-0.001404456,0.));
#4745=VECTOR('',#4744,14.933714812);
#4746=LINE('',#4743,#4745);
#4747=EDGE_CURVE('',#4742,#4734,#4746,.T.);
#4748=ORIENTED_EDGE('',*,*,#4747,.F.);
#4749=CARTESIAN_POINT('',(56.933700084,72.547733018,-56.));
#4750=VERTEX_POINT('',#4749);
#4751=CARTESIAN_POINT('',(56.933700084,72.547733018,-56.));
#4752=DIRECTION('',(0.,0.,-1.));
#4753=VECTOR('',#4752,61.);
#4754=LINE('',#4751,#4753);
#4755=EDGE_CURVE('',#4750,#4742,#4754,.T.);
#4756=ORIENTED_EDGE('',*,*,#4755,.F.);
#4757=CARTESIAN_POINT('',(46.60511253,72.533226961,-56.));
#4758=VERTEX_POINT('',#4757);
#4759=CARTESIAN_POINT('',(56.933700084,72.547733018,-56.));
#4760=DIRECTION('',(-0.999999014,-0.001404456,-0.));
#4761=VECTOR('',#4760,10.32859774);
#4762=LINE('',#4759,#4761);
#4763=EDGE_CURVE('',#4750,#4758,#4762,.T.);
#4764=ORIENTED_EDGE('',*,*,#4763,.T.);
#4765=CARTESIAN_POINT('',(46.60511253,72.533226961,-38.));
#4766=VERTEX_POINT('',#4765);
#4767=CARTESIAN_POINT('',(46.60511253,72.533226961,-56.));
#4768=DIRECTION('',(0.,0.,1.));
#4769=VECTOR('',#4768,18.);
#4770=LINE('',#4767,#4769);
#4771=EDGE_CURVE('',#4758,#4766,#4770,.T.);
#4772=ORIENTED_EDGE('',*,*,#4771,.T.);
#4773=CARTESIAN_POINT('',(56.933700084,72.547733018,-38.));
#4774=VERTEX_POINT('',#4773);
#4775=CARTESIAN_POINT('',(46.60511253,72.533226961,-38.));
#4776=DIRECTION('',(0.999999014,0.001404456,0.));
#4777=VECTOR('',#4776,10.32859774);
#4778=LINE('',#4775,#4777);
#4779=EDGE_CURVE('',#4766,#4774,#4778,.T.);
#4780=ORIENTED_EDGE('',*,*,#4779,.T.);
#4781=CARTESIAN_POINT('',(56.933700084,72.547733018,-12.900816114));
#4782=VERTEX_POINT('',#4781);
#4783=CARTESIAN_POINT('',(56.933700084,72.547733018,-12.900816114));
#4784=DIRECTION('',(0.,0.,-1.));
#4785=VECTOR('',#4784,25.099183886);
#4786=LINE('',#4783,#4785);
#4787=EDGE_CURVE('',#4782,#4774,#4786,.T.);
#4788=ORIENTED_EDGE('',*,*,#4787,.F.);
#4789=CARTESIAN_POINT('',(-57.172919863,72.387475182,-12.9006667));
#4790=VERTEX_POINT('',#4789);
#4791=CARTESIAN_POINT('',(-57.172919863,72.387475182,-12.9006667));
#4792=CARTESIAN_POINT('',(-19.137379881,72.440894461,-12.900716783));
#4793=CARTESIAN_POINT('',(18.898160101,72.494313739,-12.900766588));
#4794=CARTESIAN_POINT('',(56.933700084,72.547733018,-12.900816114));
#4795=B_SPLINE_CURVE_WITH_KNOTS('',3,(#4791,#4792,#4793,#4794),.UNSPECIFIED.,.F.,.F.,(4,4),(0.386261703,0.500368435),.UNSPECIFIED.);
#4796=EDGE_CURVE('',#4790,#4782,#4795,.T.);
#4797=ORIENTED_EDGE('',*,*,#4796,.F.);
#4798=CARTESIAN_POINT('',(-57.172919863,72.387475182,-38.));
#4799=VERTEX_POINT('',#4798);
#4800=CARTESIAN_POINT('',(-57.172919863,72.387475182,-12.9006667));
#4801=DIRECTION('',(0.,0.,-1.));
#4802=VECTOR('',#4801,25.0993333);
#4803=LINE('',#4800,#4802);
#4804=EDGE_CURVE('',#4790,#4799,#4803,.T.);
#4805=ORIENTED_EDGE('',*,*,#4804,.T.);
#4806=CARTESIAN_POINT('',(-57.172919863,72.387475182,-38.));
#4807=DIRECTION('',(0.999999014,0.001404456,0.));
#4808=VECTOR('',#4807,38.31293488);
#4809=LINE('',#4806,#4808);
#4810=EDGE_CURVE('',#4799,#4684,#4809,.T.);
#4811=ORIENTED_EDGE('',*,*,#4810,.T.);
#4812=EDGE_LOOP('',(#4692,#4700,#4708,#4716,#4724,#4732,#4740,#4748,#4756,#4764,#4772,#4780,#4788,#4797,#4805,#4811));
#4813=FACE_BOUND('',#4812,.T.);
#4814=CARTESIAN_POINT('',(25.,72.502883511,-56.));
#4815=VERTEX_POINT('',#4814);
#4816=CARTESIAN_POINT('',(25.,72.502883511,-38.));
#4817=VERTEX_POINT('',#4816);
#4818=CARTESIAN_POINT('',(25.,72.502883511,-56.));
#4819=DIRECTION('',(0.,0.,1.));
#4820=VECTOR('',#4819,18.);
#4821=LINE('',#4818,#4820);
#4822=EDGE_CURVE('',#4815,#4817,#4821,.T.);
#4823=ORIENTED_EDGE('',*,*,#4822,.F.);
#4824=CARTESIAN_POINT('',(18.806441605,72.494184925,-56.));
#4825=VERTEX_POINT('',#4824);
#4826=CARTESIAN_POINT('',(25.,72.502883511,-56.));
#4827=DIRECTION('',(-0.999999014,-0.001404456,-0.));
#4828=VECTOR('',#4827,6.193564503);
#4829=LINE('',#4826,#4828);
#4830=EDGE_CURVE('',#4815,#4825,#4829,.T.);
#4831=ORIENTED_EDGE('',*,*,#4830,.T.);
#4832=CARTESIAN_POINT('',(18.806441605,72.494184925,-38.));
#4833=VERTEX_POINT('',#4832);
#4834=CARTESIAN_POINT('',(18.806441605,72.494184925,-56.));
#4835=DIRECTION('',(-0.,-0.,1.));
#4836=VECTOR('',#4835,18.);
#4837=LINE('',#4834,#4836);
#4838=EDGE_CURVE('',#4825,#4833,#4837,.T.);
#4839=ORIENTED_EDGE('',*,*,#4838,.T.);
#4840=CARTESIAN_POINT('',(18.806441605,72.494184925,-38.));
#4841=DIRECTION('',(0.999999014,0.001404456,0.));
#4842=VECTOR('',#4841,6.193564503);
#4843=LINE('',#4840,#4842);
#4844=EDGE_CURVE('',#4833,#4817,#4843,.T.);
#4845=ORIENTED_EDGE('',*,*,#4844,.T.);
#4846=EDGE_LOOP('',(#4823,#4831,#4839,#4845));
#4847=FACE_BOUND('',#4846,.T.);
#4848=ADVANCED_FACE('',(#4813,#4847),#4682,.F.);
#4849=CARTESIAN_POINT('',(54.655359867,67.104654731,-198.));
#4850=DIRECTION('',(0.,0.,-1.));
#4851=DIRECTION('',(-1.,0.,0.));
#4852=AXIS2_PLACEMENT_3D('',#4849,#4850,#4851);
#4853=CYLINDRICAL_SURFACE('',#4852,5.900672451);
#4854=CARTESIAN_POINT('',(60.494014487,67.957911792,-12.900921934));
#4855=VERTEX_POINT('',#4854);
#4856=CARTESIAN_POINT('',(60.494014487,67.957911792,-38.));
#4857=VERTEX_POINT('',#4856);
#4858=CARTESIAN_POINT('',(60.494014487,67.957911792,-12.900921934));
#4859=DIRECTION('',(0.,0.,-1.));
#4860=VECTOR('',#4859,25.099078066);
#4861=LINE('',#4858,#4860);
#4862=EDGE_CURVE('',#4855,#4857,#4861,.T.);
#4863=ORIENTED_EDGE('',*,*,#4862,.F.);
#4864=CARTESIAN_POINT('',(60.494014487,67.957911792,-12.900921934));
#4865=CARTESIAN_POINT('',(60.420137336,68.463437248,-12.900912274));
#4866=CARTESIAN_POINT('',(60.283299223,68.948530688,-12.900902398));
#4867=CARTESIAN_POINT('',(60.085432991,69.413819353,-12.900892415));
#4868=CARTESIAN_POINT('',(59.986499874,69.646463686,-12.900887423));
#4869=CARTESIAN_POINT('',(59.871091781,69.87564913,-12.900882369));
#4870=CARTESIAN_POINT('',(59.742580331,70.094324166,-12.900877427));
#4871=CARTESIAN_POINT('',(59.614068881,70.312999202,-12.900872486));
#4872=CARTESIAN_POINT('',(59.472510343,70.521731766,-12.900867647));
#4873=CARTESIAN_POINT('',(59.318182131,70.720733258,-12.900862931));
#4874=CARTESIAN_POINT('',(59.163853919,70.919734751,-12.900858216));
#4875=CARTESIAN_POINT('',(58.996756735,71.109005708,-12.900853623));
#4876=CARTESIAN_POINT('',(58.816526631,71.288268784,-12.900849183));
#4877=CARTESIAN_POINT('',(58.726411579,71.377900322,-12.900846963));
#4878=CARTESIAN_POINT('',(58.632731066,71.465228403,-12.900844776));
#4879=CARTESIAN_POINT('',(58.537019981,71.548825086,-12.90084266));
#4880=CARTESIAN_POINT('',(58.441308895,71.632421769,-12.900840545));
#4881=CARTESIAN_POINT('',(58.343321841,71.712561664,-12.900838495));
#4882=CARTESIAN_POINT('',(58.243104029,71.789313439,-12.900836512));
#4883=CARTESIAN_POINT('',(58.042668405,71.942816987,-12.900832546));
#4884=CARTESIAN_POINT('',(57.833336618,72.08280886,-12.900828846));
#4885=CARTESIAN_POINT('',(57.615133441,72.209326686,-12.900825437));
#4886=CARTESIAN_POINT('',(57.396930264,72.335844512,-12.900822027));
#4887=CARTESIAN_POINT('',(57.169006058,72.449239659,-12.900818897));
#4888=CARTESIAN_POINT('',(56.933700084,72.547733018,-12.900816114));
#4889=B_SPLINE_CURVE_WITH_KNOTS('',3,(#4864,#4865,#4866,#4867,#4868,#4869,#4870,#4871,#4872,#4873,#4874,#4875,#4876,#4877,#4878,#4879,#4880,#4881,#4882,#4883,#4884,#4885,#4886,#4887,#4888),.UNSPECIFIED.,.F.,.F.,(4,3,3,3,3,3,3,3,4),(0.,0.001510931,0.002266397,0.003021862,0.003777328,0.004155061,0.004532793,0.005288259,0.006043725),.UNSPECIFIED.);
#4890=EDGE_CURVE('',#4855,#4782,#4889,.T.);
#4891=ORIENTED_EDGE('',*,*,#4890,.T.);
#4892=ORIENTED_EDGE('',*,*,#4787,.T.);
#4893=CARTESIAN_POINT('',(54.655359867,67.104654731,-38.));
#4894=DIRECTION('',(0.,0.,1.));
#4895=DIRECTION('',(1.,0.,-0.));
#4896=AXIS2_PLACEMENT_3D('',#4893,#4894,#4895);
#4897=CIRCLE('',#4896,5.900672451);
#4898=EDGE_CURVE('',#4857,#4774,#4897,.T.);
#4899=ORIENTED_EDGE('',*,*,#4898,.F.);
#4900=EDGE_LOOP('',(#4863,#4891,#4892,#4899));
#4901=FACE_BOUND('',#4900,.T.);
#4902=ADVANCED_FACE('',(#4901),#4853,.F.);
#4903=CARTESIAN_POINT('',(60.494014487,13.628211957,-198.));
#4904=DIRECTION('',(1.,0.,0.));
#4905=DIRECTION('',(0.,0.,-1.));
#4906=AXIS2_PLACEMENT_3D('',#4903,#4904,#4905);
#4907=PLANE('',#4906);
#4908=CARTESIAN_POINT('',(60.494014487,27.106347166,-38.));
#4909=VERTEX_POINT('',#4908);
#4910=CARTESIAN_POINT('',(60.494014487,27.106347166,-56.));
#4911=VERTEX_POINT('',#4910);
#4912=CARTESIAN_POINT('',(60.494014487,27.106347166,-38.));
#4913=DIRECTION('',(0.,0.,-1.));
#4914=VECTOR('',#4913,18.);
#4915=LINE('',#4912,#4914);
#4916=EDGE_CURVE('',#4909,#4911,#4915,.T.);
#4917=ORIENTED_EDGE('',*,*,#4916,.T.);
#4918=CARTESIAN_POINT('',(60.494014487,67.957911792,-56.));
#4919=VERTEX_POINT('',#4918);
#4920=CARTESIAN_POINT('',(60.494014487,27.106347166,-56.));
#4921=DIRECTION('',(-0.,1.,-0.));
#4922=VECTOR('',#4921,40.851564626);
#4923=LINE('',#4920,#4922);
#4924=EDGE_CURVE('',#4911,#4919,#4923,.T.);
#4925=ORIENTED_EDGE('',*,*,#4924,.T.);
#4926=CARTESIAN_POINT('',(60.494014487,67.957911792,-117.));
#4927=VERTEX_POINT('',#4926);
#4928=CARTESIAN_POINT('',(60.494014487,67.957911792,-56.));
#4929=DIRECTION('',(0.,0.,-1.));
#4930=VECTOR('',#4929,61.);
#4931=LINE('',#4928,#4930);
#4932=EDGE_CURVE('',#4919,#4927,#4931,.T.);
#4933=ORIENTED_EDGE('',*,*,#4932,.T.);
#4934=CARTESIAN_POINT('',(60.494014487,-40.680796712,-117.));
#4935=VERTEX_POINT('',#4934);
#4936=CARTESIAN_POINT('',(60.494014487,-40.680796712,-117.));
#4937=DIRECTION('',(0.,1.,0.));
#4938=VECTOR('',#4937,108.638708504);
#4939=LINE('',#4936,#4938);
#4940=EDGE_CURVE('',#4935,#4927,#4939,.T.);
#4941=ORIENTED_EDGE('',*,*,#4940,.F.);
#4942=CARTESIAN_POINT('',(60.494014487,-40.680796712,-56.));
#4943=VERTEX_POINT('',#4942);
#4944=CARTESIAN_POINT('',(60.494014487,-40.680796712,-56.));
#4945=DIRECTION('',(0.,0.,-1.));
#4946=VECTOR('',#4945,61.);
#4947=LINE('',#4944,#4946);
#4948=EDGE_CURVE('',#4943,#4935,#4947,.T.);
#4949=ORIENTED_EDGE('',*,*,#4948,.F.);
#4950=CARTESIAN_POINT('',(60.494014487,-0.238175176,-56.));
#4951=VERTEX_POINT('',#4950);
#4952=CARTESIAN_POINT('',(60.494014487,-40.680796712,-56.));
#4953=DIRECTION('',(-0.,1.,-0.));
#4954=VECTOR('',#4953,40.442621536);
#4955=LINE('',#4952,#4954);
#4956=EDGE_CURVE('',#4943,#4951,#4955,.T.);
#4957=ORIENTED_EDGE('',*,*,#4956,.T.);
#4958=CARTESIAN_POINT('',(60.494014487,-0.238175176,-38.));
#4959=VERTEX_POINT('',#4958);
#4960=CARTESIAN_POINT('',(60.494014487,-0.238175176,-56.));
#4961=DIRECTION('',(-0.,-0.,1.));
#4962=VECTOR('',#4961,18.);
#4963=LINE('',#4960,#4962);
#4964=EDGE_CURVE('',#4951,#4959,#4963,.T.);
#4965=ORIENTED_EDGE('',*,*,#4964,.T.);
#4966=CARTESIAN_POINT('',(60.494014487,-40.680796712,-38.));
#4967=VERTEX_POINT('',#4966);
#4968=CARTESIAN_POINT('',(60.494014487,-0.238175176,-38.));
#4969=DIRECTION('',(0.,-1.,0.));
#4970=VECTOR('',#4969,40.442621536);
#4971=LINE('',#4968,#4970);
#4972=EDGE_CURVE('',#4959,#4967,#4971,.T.);
#4973=ORIENTED_EDGE('',*,*,#4972,.T.);
#4974=CARTESIAN_POINT('',(60.494014487,-40.680796712,-12.899634668));
#4975=VERTEX_POINT('',#4974);
#4976=CARTESIAN_POINT('',(60.494014487,-40.680796712,-12.899634668));
#4977=DIRECTION('',(0.,0.,-1.));
#4978=VECTOR('',#4977,25.100365332);
#4979=LINE('',#4976,#4978);
#4980=EDGE_CURVE('',#4975,#4967,#4979,.T.);
#4981=ORIENTED_EDGE('',*,*,#4980,.F.);
#4982=CARTESIAN_POINT('',(60.494014487,67.957911792,-12.900921934));
#4983=CARTESIAN_POINT('',(60.494014487,31.745008965,-12.901605724));
#4984=CARTESIAN_POINT('',(60.494014487,-4.467893872,-12.899665718));
#4985=CARTESIAN_POINT('',(60.494014487,-40.680796712,-12.899634668));
#4986=B_SPLINE_CURVE_WITH_KNOTS('',3,(#4982,#4983,#4984,#4985),.UNSPECIFIED.,.F.,.F.,(4,4),(0.730317891,0.8389566),.UNSPECIFIED.);
#4987=EDGE_CURVE('',#4855,#4975,#4986,.T.);
#4988=ORIENTED_EDGE('',*,*,#4987,.F.);
#4989=ORIENTED_EDGE('',*,*,#4862,.T.);
#4990=CARTESIAN_POINT('',(60.494014487,67.957911792,-38.));
#4991=DIRECTION('',(0.,-1.,0.));
#4992=VECTOR('',#4991,40.851564626);
#4993=LINE('',#4990,#4992);
#4994=EDGE_CURVE('',#4857,#4909,#4993,.T.);
#4995=ORIENTED_EDGE('',*,*,#4994,.T.);
#4996=EDGE_LOOP('',(#4917,#4925,#4933,#4941,#4949,#4957,#4965,#4973,#4981,#4988,#4989,#4995));
#4997=FACE_BOUND('',#4996,.T.);
#4998=ADVANCED_FACE('',(#4997),#4907,.F.);
#4999=CARTESIAN_POINT('',(54.323779,-39.5102301,-198.));
#5000=DIRECTION('',(0.,0.,-1.));
#5001=DIRECTION('',(-1.,0.,0.));
#5002=AXIS2_PLACEMENT_3D('',#4999,#5000,#5001);
#5003=CYLINDRICAL_SURFACE('',#5002,6.280289178);
#5004=CARTESIAN_POINT('',(55.499139165,-45.679554264,-12.899642566));
#5005=VERTEX_POINT('',#5004);
#5006=CARTESIAN_POINT('',(55.499139165,-45.679554264,-38.));
#5007=VERTEX_POINT('',#5006);
#5008=CARTESIAN_POINT('',(55.499139165,-45.679554264,-12.899642566));
#5009=DIRECTION('',(0.,0.,-1.));
#5010=VECTOR('',#5009,25.100357434);
#5011=LINE('',#5008,#5010);
#5012=EDGE_CURVE('',#5005,#5007,#5011,.T.);
#5013=ORIENTED_EDGE('',*,*,#5012,.F.);
#5014=CARTESIAN_POINT('',(55.499139165,-45.679554264,-12.899642566));
#5015=CARTESIAN_POINT('',(55.805671887,-45.621154616,-12.899642308));
#5016=CARTESIAN_POINT('',(56.105940912,-45.540403879,-12.899641953));
#5017=CARTESIAN_POINT('',(56.399975942,-45.437408047,-12.899641524));
#5018=CARTESIAN_POINT('',(56.546993457,-45.385910131,-12.89964131));
#5019=CARTESIAN_POINT('',(56.69244612,-45.328828271,-12.899641078));
#5020=CARTESIAN_POINT('',(56.836297979,-45.266034174,-12.89964083));
#5021=CARTESIAN_POINT('',(56.980149837,-45.203240076,-12.899640583));
#5022=CARTESIAN_POINT('',(57.12256871,-45.134596073,-12.89964032));
#5023=CARTESIAN_POINT('',(57.261433474,-45.061105557,-12.899640049));
#5024=CARTESIAN_POINT('',(57.539163004,-44.914124527,-12.899639509));
#5025=CARTESIAN_POINT('',(57.804669407,-44.747080693,-12.899638934));
#5026=CARTESIAN_POINT('',(58.057872212,-44.55984197,-12.899638361));
#5027=CARTESIAN_POINT('',(58.311075017,-44.372603248,-12.899637788));
#5028=CARTESIAN_POINT('',(58.548640421,-44.167414586,-12.899637223));
#5029=CARTESIAN_POINT('',(58.768438536,-43.947237398,-12.899636707));
#5030=CARTESIAN_POINT('',(58.988236651,-43.72706021,-12.899636191));
#5031=CARTESIAN_POINT('',(59.191198506,-43.491209354,-12.89963572));
#5032=CARTESIAN_POINT('',(59.377023901,-43.23940536,-12.899635327));
#5033=CARTESIAN_POINT('',(59.469936599,-43.113503364,-12.899635131));
#5034=CARTESIAN_POINT('',(59.558884386,-42.983040468,-12.899634953));
#5035=CARTESIAN_POINT('',(59.642472801,-42.849919967,-12.8996348));
#5036=CARTESIAN_POINT('',(59.726061216,-42.716799465,-12.899634648));
#5037=CARTESIAN_POINT('',(59.80419078,-42.581291544,-12.899634521));
#5038=CARTESIAN_POINT('',(59.876996338,-42.443455177,-12.899634421));
#5039=CARTESIAN_POINT('',(60.022607453,-42.167782443,-12.899634221));
#5040=CARTESIAN_POINT('',(60.147008533,-41.882833534,-12.89963413));
#5041=CARTESIAN_POINT('',(60.25019334,-41.58860572,-12.899634167));
#5042=CARTESIAN_POINT('',(60.301785744,-41.441491814,-12.899634185));
#5043=CARTESIAN_POINT('',(60.348052589,-41.292048782,-12.899634235));
#5044=CARTESIAN_POINT('',(60.388857331,-41.140216909,-12.899634318));
#5045=CARTESIAN_POINT('',(60.429662072,-40.988385035,-12.899634401));
#5046=CARTESIAN_POINT('',(60.464854109,-40.834505523,-12.899634518));
#5047=CARTESIAN_POINT('',(60.494014487,-40.680796712,-12.899634668));
#5048=B_SPLINE_CURVE_WITH_KNOTS('',3,(#5014,#5015,#5016,#5017,#5018,#5019,#5020,#5021,#5022,#5023,#5024,#5025,#5026,#5027,#5028,#5029,#5030,#5031,#5032,#5033,#5034,#5035,#5036,#5037,#5038,#5039,
#5040,#5041,#5042,#5043,#5044,#5045,#5046,#5047),.UNSPECIFIED.,.F.,.F.,(4,3,3,3,3,3,3,3,3,3,3,4),(0.036369968,0.037302729,0.03776911,0.03823549,0.039168251,0.040101012,0.041033773,0.041500154,0.041966534,0.042899296,0.043365676,0.043832057),.UNSPECIFIED.);
#5049=EDGE_CURVE('',#5005,#4975,#5048,.T.);
#5050=ORIENTED_EDGE('',*,*,#5049,.T.);
#5051=ORIENTED_EDGE('',*,*,#4980,.T.);
#5052=CARTESIAN_POINT('',(54.323779,-39.5102301,-38.));
#5053=DIRECTION('',(0.,0.,1.));
#5054=DIRECTION('',(1.,0.,-0.));
#5055=AXIS2_PLACEMENT_3D('',#5052,#5053,#5054);
#5056=CIRCLE('',#5055,6.280289178);
#5057=EDGE_CURVE('',#5007,#4967,#5056,.T.);
#5058=ORIENTED_EDGE('',*,*,#5057,.F.);
#5059=EDGE_LOOP('',(#5013,#5050,#5051,#5058));
#5060=FACE_BOUND('',#5059,.T.);
#5061=ADVANCED_FACE('',(#5060),#5003,.F.);
#5062=CARTESIAN_POINT('',(0.510011944,-45.794799435,-198.));
#5063=DIRECTION('',(0.002095776,-0.999997804,0.));
#5064=DIRECTION('',(0.999997804,0.002095776,0.));
#5065=AXIS2_PLACEMENT_3D('',#5062,#5063,#5064);
#5066=PLANE('',#5065);
#5067=CARTESIAN_POINT('',(-54.507846058,-45.91010482,-56.));
#5068=VERTEX_POINT('',#5067);
#5069=CARTESIAN_POINT('',(-54.507846058,-45.91010482,-117.));
#5070=VERTEX_POINT('',#5069);
#5071=CARTESIAN_POINT('',(-54.507846058,-45.91010482,-56.));
#5072=DIRECTION('',(0.,0.,-1.));
#5073=VECTOR('',#5072,61.);
#5074=LINE('',#5071,#5073);
#5075=EDGE_CURVE('',#5068,#5070,#5074,.T.);
#5076=ORIENTED_EDGE('',*,*,#5075,.F.);
#5077=CARTESIAN_POINT('',(-18.0271713,-45.833649312,-56.));
#5078=VERTEX_POINT('',#5077);
#5079=CARTESIAN_POINT('',(-54.507846058,-45.91010482,-56.));
#5080=DIRECTION('',(0.999997804,0.002095776,-0.));
#5081=VECTOR('',#5080,36.480754874);
#5082=LINE('',#5079,#5081);
#5083=EDGE_CURVE('',#5068,#5078,#5082,.T.);
#5084=ORIENTED_EDGE('',*,*,#5083,.T.);
#5085=CARTESIAN_POINT('',(-18.0271713,-45.833649312,-38.));
#5086=VERTEX_POINT('',#5085);
#5087=CARTESIAN_POINT('',(-18.0271713,-45.833649312,-56.));
#5088=DIRECTION('',(-0.,-0.,1.));
#5089=VECTOR('',#5088,18.);
#5090=LINE('',#5087,#5089);
#5091=EDGE_CURVE('',#5078,#5086,#5090,.T.);
#5092=ORIENTED_EDGE('',*,*,#5091,.T.);
#5093=CARTESIAN_POINT('',(-54.507846058,-45.91010482,-38.));
#5094=VERTEX_POINT('',#5093);
#5095=CARTESIAN_POINT('',(-18.0271713,-45.833649312,-38.));
#5096=DIRECTION('',(-0.999997804,-0.002095776,0.));
#5097=VECTOR('',#5096,36.480754874);
#5098=LINE('',#5095,#5097);
#5099=EDGE_CURVE('',#5086,#5094,#5098,.T.);
#5100=ORIENTED_EDGE('',*,*,#5099,.T.);
#5101=CARTESIAN_POINT('',(-54.507846058,-45.91010482,-12.899638124));
#5102=VERTEX_POINT('',#5101);
#5103=CARTESIAN_POINT('',(-54.507846058,-45.91010482,-12.899638124));
#5104=DIRECTION('',(0.,0.,-1.));
#5105=VECTOR('',#5104,25.100361876);
#5106=LINE('',#5103,#5105);
#5107=EDGE_CURVE('',#5102,#5094,#5106,.T.);
#5108=ORIENTED_EDGE('',*,*,#5107,.F.);
#5109=CARTESIAN_POINT('',(55.499139165,-45.679554264,-12.899642566));
#5110=CARTESIAN_POINT('',(18.830144091,-45.756404449,-12.899640125));
#5111=CARTESIAN_POINT('',(-17.838850984,-45.833254634,-12.899638642));
#5112=CARTESIAN_POINT('',(-54.507846058,-45.91010482,-12.899638124));
#5113=B_SPLINE_CURVE_WITH_KNOTS('',3,(#5109,#5110,#5111,#5112),.UNSPECIFIED.,.F.,.F.,(4,4),(0.388224813,0.498232039),.UNSPECIFIED.);
#5114=EDGE_CURVE('',#5005,#5102,#5113,.T.);
#5115=ORIENTED_EDGE('',*,*,#5114,.F.);
#5116=ORIENTED_EDGE('',*,*,#5012,.T.);
#5117=CARTESIAN_POINT('',(18.387675021,-45.757331767,-38.));
#5118=VERTEX_POINT('',#5117);
#5119=CARTESIAN_POINT('',(55.499139165,-45.679554264,-38.));
#5120=DIRECTION('',(-0.999997804,-0.002095776,0.));
#5121=VECTOR('',#5120,37.111545646);
#5122=LINE('',#5119,#5121);
#5123=EDGE_CURVE('',#5007,#5118,#5122,.T.);
#5124=ORIENTED_EDGE('',*,*,#5123,.T.);
#5125=CARTESIAN_POINT('',(18.387675021,-45.757331767,-56.));
#5126=VERTEX_POINT('',#5125);
#5127=CARTESIAN_POINT('',(18.387675021,-45.757331767,-38.));
#5128=DIRECTION('',(0.,0.,-1.));
#5129=VECTOR('',#5128,18.);
#5130=LINE('',#5127,#5129);
#5131=EDGE_CURVE('',#5118,#5126,#5130,.T.);
#5132=ORIENTED_EDGE('',*,*,#5131,.T.);
#5133=CARTESIAN_POINT('',(55.499139165,-45.679554264,-56.));
#5134=VERTEX_POINT('',#5133);
#5135=CARTESIAN_POINT('',(18.387675021,-45.757331767,-56.));
#5136=DIRECTION('',(0.999997804,0.002095776,-0.));
#5137=VECTOR('',#5136,37.111545646);
#5138=LINE('',#5135,#5137);
#5139=EDGE_CURVE('',#5126,#5134,#5138,.T.);
#5140=ORIENTED_EDGE('',*,*,#5139,.T.);
#5141=CARTESIAN_POINT('',(55.499139165,-45.679554264,-117.));
#5142=VERTEX_POINT('',#5141);
#5143=CARTESIAN_POINT('',(55.499139165,-45.679554264,-56.));
#5144=DIRECTION('',(0.,0.,-1.));
#5145=VECTOR('',#5144,61.);
#5146=LINE('',#5143,#5145);
#5147=EDGE_CURVE('',#5134,#5142,#5146,.T.);
#5148=ORIENTED_EDGE('',*,*,#5147,.T.);
#5149=CARTESIAN_POINT('',(-54.507846058,-45.91010482,-117.));
#5150=DIRECTION('',(0.999997804,0.002095776,0.));
#5151=VECTOR('',#5150,110.007226814);
#5152=LINE('',#5149,#5151);
#5153=EDGE_CURVE('',#5070,#5142,#5152,.T.);
#5154=ORIENTED_EDGE('',*,*,#5153,.F.);
#5155=EDGE_LOOP('',(#5076,#5084,#5092,#5100,#5108,#5115,#5116,#5124,#5132,#5140,#5148,#5154));
#5156=FACE_BOUND('',#5155,.T.);
#5157=ADVANCED_FACE('',(#5156),#5066,.F.);
#5158=CARTESIAN_POINT('',(-53.633993663,-38.912608933,-198.));
#5159=DIRECTION('',(0.,0.,-1.));
#5160=DIRECTION('',(-1.,0.,0.));
#5161=AXIS2_PLACEMENT_3D('',#5158,#5159,#5160);
#5162=CYLINDRICAL_SURFACE('',#5161,7.051848459);
#5163=CARTESIAN_POINT('',(-60.46852476,-40.649776566,-12.89956101));
#5164=VERTEX_POINT('',#5163);
#5165=CARTESIAN_POINT('',(-60.46852476,-40.649776566,-38.));
#5166=VERTEX_POINT('',#5165);
#5167=CARTESIAN_POINT('',(-60.46852476,-40.649776566,-12.89956101));
#5168=DIRECTION('',(0.,0.,-1.));
#5169=VECTOR('',#5168,25.10043899);
#5170=LINE('',#5167,#5169);
#5171=EDGE_CURVE('',#5164,#5166,#5170,.T.);
#5172=ORIENTED_EDGE('',*,*,#5171,.F.);
#5173=CARTESIAN_POINT('',(-60.46852476,-40.649776566,-12.89956101));
#5174=CARTESIAN_POINT('',(-60.382023083,-40.990099733,-12.899564867));
#5175=CARTESIAN_POINT('',(-60.270790004,-41.321845164,-12.899568854));
#5176=CARTESIAN_POINT('',(-60.134941022,-41.645052918,-12.899572935));
#5177=CARTESIAN_POINT('',(-60.067016531,-41.806656795,-12.899574975));
#5178=CARTESIAN_POINT('',(-59.992912875,-41.966117516,-12.899577039));
#5179=CARTESIAN_POINT('',(-59.912487147,-42.123385516,-12.899579121));
#5180=CARTESIAN_POINT('',(-59.832061419,-42.280653517,-12.899581204));
#5181=CARTESIAN_POINT('',(-59.745157661,-42.435888139,-12.899583307));
#5182=CARTESIAN_POINT('',(-59.653045396,-42.586786791,-12.899585394));
#5183=CARTESIAN_POINT('',(-59.468820866,-42.888584096,-12.899589568));
#5184=CARTESIAN_POINT('',(-59.26285044,-43.175253595,-12.899593706));
#5185=CARTESIAN_POINT('',(-59.034982316,-43.446689685,-12.899597753));
#5186=CARTESIAN_POINT('',(-58.807114192,-43.718125775,-12.899601801));
#5187=CARTESIAN_POINT('',(-58.560225886,-43.970608099,-12.899605703));
#5188=CARTESIAN_POINT('',(-58.297638039,-44.202125719,-12.899609371));
#5189=CARTESIAN_POINT('',(-58.035050191,-44.43364334,-12.899613038));
#5190=CARTESIAN_POINT('',(-57.755971866,-44.64514118,-12.899616484));
#5191=CARTESIAN_POINT('',(-57.460097183,-44.836247895,-12.899619655));
#5192=CARTESIAN_POINT('',(-57.312159841,-44.931801252,-12.899621241));
#5193=CARTESIAN_POINT('',(-57.159340317,-45.022581806,-12.899622763));
#5194=CARTESIAN_POINT('',(-57.004004441,-45.107089868,-12.899624192));
#5195=CARTESIAN_POINT('',(-56.848668565,-45.191597929,-12.89962562));
#5196=CARTESIAN_POINT('',(-56.691020076,-45.269803109,-12.899626954));
#5197=CARTESIAN_POINT('',(-56.531115239,-45.341858755,-12.899628191));
#5198=CARTESIAN_POINT('',(-56.211305564,-45.485970047,-12.899630665));
#5199=CARTESIAN_POINT('',(-55.882507135,-45.605583055,-12.899632751));
#5200=CARTESIAN_POINT('',(-55.544708721,-45.700667172,-12.89963442));
#5201=CARTESIAN_POINT('',(-55.375809515,-45.748209231,-12.899635255));
#5202=CARTESIAN_POINT('',(-55.204651165,-45.78959414,-12.899635985));
#5203=CARTESIAN_POINT('',(-55.031174347,-45.824660208,-12.899636606));
#5204=CARTESIAN_POINT('',(-54.857697529,-45.859726276,-12.899637226));
#5205=CARTESIAN_POINT('',(-54.682491266,-45.888294999,-12.899637735));
#5206=CARTESIAN_POINT('',(-54.507846058,-45.91010482,-12.899638124));
#5207=B_SPLINE_CURVE_WITH_KNOTS('',3,(#5173,#5174,#5175,#5176,#5177,#5178,#5179,#5180,#5181,#5182,#5183,#5184,#5185,#5186,#5187,#5188,#5189,#5190,#5191,#5192,#5193,#5194,#5195,#5196,#5197,#5198,
#5199,#5200,#5201,#5202,#5203,#5204,#5205,#5206),.UNSPECIFIED.,.F.,.F.,(4,3,3,3,3,3,3,3,3,3,3,4),(0.040838328,0.041887963,0.04241278,0.042937597,0.043987232,0.045036866,0.046086501,0.046611318,0.047136136,0.04818577,0.048710587,0.049235405),.UNSPECIFIED.);
#5208=EDGE_CURVE('',#5164,#5102,#5207,.T.);
#5209=ORIENTED_EDGE('',*,*,#5208,.T.);
#5210=ORIENTED_EDGE('',*,*,#5107,.T.);
#5211=CARTESIAN_POINT('',(-53.633993663,-38.912608933,-38.));
#5212=DIRECTION('',(0.,0.,1.));
#5213=DIRECTION('',(1.,0.,-0.));
#5214=AXIS2_PLACEMENT_3D('',#5211,#5212,#5213);
#5215=CIRCLE('',#5214,7.051848459);
#5216=EDGE_CURVE('',#5166,#5094,#5215,.T.);
#5217=ORIENTED_EDGE('',*,*,#5216,.F.);
#5218=EDGE_LOOP('',(#5172,#5209,#5210,#5217));
#5219=FACE_BOUND('',#5218,.T.);
#5220=ADVANCED_FACE('',(#5219),#5162,.F.);
#5221=CARTESIAN_POINT('',(-60.53681243,13.256498356,-198.));
#5222=DIRECTION('',(-0.999999198,-0.001266784,0.));
#5223=DIRECTION('',(0.001266784,-0.999999198,0.));
#5224=AXIS2_PLACEMENT_3D('',#5221,#5222,#5223);
#5225=PLANE('',#5224);
#5226=CARTESIAN_POINT('',(-60.605216167,67.254396684,-56.));
#5227=VERTEX_POINT('',#5226);
#5228=CARTESIAN_POINT('',(-60.605216167,67.254396684,-117.));
#5229=VERTEX_POINT('',#5228);
#5230=CARTESIAN_POINT('',(-60.605216167,67.254396684,-56.));
#5231=DIRECTION('',(0.,0.,-1.));
#5232=VECTOR('',#5231,61.);
#5233=LINE('',#5230,#5232);
#5234=EDGE_CURVE('',#5227,#5229,#5233,.T.);
#5235=ORIENTED_EDGE('',*,*,#5234,.F.);
#5236=CARTESIAN_POINT('',(-60.553366646,26.324393681,-56.));
#5237=VERTEX_POINT('',#5236);
#5238=CARTESIAN_POINT('',(-60.605216167,67.254396684,-56.));
#5239=DIRECTION('',(0.001266784,-0.999999198,-0.));
#5240=VECTOR('',#5239,40.930035845);
#5241=LINE('',#5238,#5240);
#5242=EDGE_CURVE('',#5227,#5237,#5241,.T.);
#5243=ORIENTED_EDGE('',*,*,#5242,.T.);
#5244=CARTESIAN_POINT('',(-60.553366646,26.324393681,-38.));
#5245=VERTEX_POINT('',#5244);
#5246=CARTESIAN_POINT('',(-60.553366646,26.324393681,-56.));
#5247=DIRECTION('',(-0.,-0.,1.));
#5248=VECTOR('',#5247,18.);
#5249=LINE('',#5246,#5248);
#5250=EDGE_CURVE('',#5237,#5245,#5249,.T.);
#5251=ORIENTED_EDGE('',*,*,#5250,.T.);
#5252=CARTESIAN_POINT('',(-60.605216167,67.254396684,-38.));
#5253=VERTEX_POINT('',#5252);
#5254=CARTESIAN_POINT('',(-60.553366646,26.324393681,-38.));
#5255=DIRECTION('',(-0.001266784,0.999999198,0.));
#5256=VECTOR('',#5255,40.930035845);
#5257=LINE('',#5254,#5256);
#5258=EDGE_CURVE('',#5245,#5253,#5257,.T.);
#5259=ORIENTED_EDGE('',*,*,#5258,.T.);
#5260=CARTESIAN_POINT('',(-60.605216167,67.254396684,-12.900744588));
#5261=VERTEX_POINT('',#5260);
#5262=CARTESIAN_POINT('',(-60.605216167,67.254396684,-12.900744588));
#5263=DIRECTION('',(0.,0.,-1.));
#5264=VECTOR('',#5263,25.099255412);
#5265=LINE('',#5262,#5264);
#5266=EDGE_CURVE('',#5261,#5253,#5265,.T.);
#5267=ORIENTED_EDGE('',*,*,#5266,.F.);
#5268=CARTESIAN_POINT('',(-60.46852476,-40.649776566,-12.89956101));
#5269=CARTESIAN_POINT('',(-60.514088562,-4.681718816,-12.899158827));
#5270=CARTESIAN_POINT('',(-60.559652365,31.286338937,-12.901200233));
#5271=CARTESIAN_POINT('',(-60.605216167,67.254396684,-12.900744588));
#5272=B_SPLINE_CURVE_WITH_KNOTS('',3,(#5268,#5269,#5270,#5271),.UNSPECIFIED.,.F.,.F.,(4,4),(0.731021917,0.838926177),.UNSPECIFIED.);
#5273=EDGE_CURVE('',#5164,#5261,#5272,.T.);
#5274=ORIENTED_EDGE('',*,*,#5273,.F.);
#5275=ORIENTED_EDGE('',*,*,#5171,.T.);
#5276=CARTESIAN_POINT('',(-60.520513672,0.390261529,-38.));
#5277=VERTEX_POINT('',#5276);
#5278=CARTESIAN_POINT('',(-60.46852476,-40.649776566,-38.));
#5279=DIRECTION('',(-0.001266784,0.999999198,0.));
#5280=VECTOR('',#5279,41.040071024);
#5281=LINE('',#5278,#5280);
#5282=EDGE_CURVE('',#5166,#5277,#5281,.T.);
#5283=ORIENTED_EDGE('',*,*,#5282,.T.);
#5284=CARTESIAN_POINT('',(-60.520513672,0.390261529,-56.));
#5285=VERTEX_POINT('',#5284);
#5286=CARTESIAN_POINT('',(-60.520513672,0.390261529,-38.));
#5287=DIRECTION('',(0.,0.,-1.));
#5288=VECTOR('',#5287,18.);
#5289=LINE('',#5286,#5288);
#5290=EDGE_CURVE('',#5277,#5285,#5289,.T.);
#5291=ORIENTED_EDGE('',*,*,#5290,.T.);
#5292=CARTESIAN_POINT('',(-60.46852476,-40.649776566,-56.));
#5293=VERTEX_POINT('',#5292);
#5294=CARTESIAN_POINT('',(-60.520513672,0.390261529,-56.));
#5295=DIRECTION('',(0.001266784,-0.999999198,-0.));
#5296=VECTOR('',#5295,41.040071024);
#5297=LINE('',#5294,#5296);
#5298=EDGE_CURVE('',#5285,#5293,#5297,.T.);
#5299=ORIENTED_EDGE('',*,*,#5298,.T.);
#5300=CARTESIAN_POINT('',(-60.46852476,-40.649776566,-117.));
#5301=VERTEX_POINT('',#5300);
#5302=CARTESIAN_POINT('',(-60.46852476,-40.649776566,-56.));
#5303=DIRECTION('',(0.,0.,-1.));
#5304=VECTOR('',#5303,61.);
#5305=LINE('',#5302,#5304);
#5306=EDGE_CURVE('',#5293,#5301,#5305,.T.);
#5307=ORIENTED_EDGE('',*,*,#5306,.T.);
#5308=CARTESIAN_POINT('',(-60.605216167,67.254396684,-117.));
#5309=DIRECTION('',(0.001266784,-0.999999198,0.));
#5310=VECTOR('',#5309,107.904259829);
#5311=LINE('',#5308,#5310);
#5312=EDGE_CURVE('',#5229,#5301,#5311,.T.);
#5313=ORIENTED_EDGE('',*,*,#5312,.F.);
#5314=EDGE_LOOP('',(#5235,#5243,#5251,#5259,#5267,#5274,#5275,#5283,#5291,#5299,#5307,#5313));
#5315=FACE_BOUND('',#5314,.T.);
#5316=ADVANCED_FACE('',(#5315),#5225,.F.);
#5317=CARTESIAN_POINT('',(-54.519809045,66.899376986,-198.));
#5318=DIRECTION('',(0.,0.,-1.));
#5319=DIRECTION('',(-1.,0.,0.));
#5320=AXIS2_PLACEMENT_3D('',#5317,#5318,#5319);
#5321=CYLINDRICAL_SURFACE('',#5320,6.095754164);
#5322=ORIENTED_EDGE('',*,*,#4804,.F.);
#5323=CARTESIAN_POINT('',(-57.172919863,72.387475182,-12.9006667));
#5324=CARTESIAN_POINT('',(-57.414539854,72.270668852,-12.900668681));
#5325=CARTESIAN_POINT('',(-57.649830925,72.137217101,-12.900670966));
#5326=CARTESIAN_POINT('',(-57.876572995,71.987633525,-12.900673521));
#5327=CARTESIAN_POINT('',(-58.103315066,71.838049949,-12.900676075));
#5328=CARTESIAN_POINT('',(-58.318676837,71.674318607,-12.900678865));
#5329=CARTESIAN_POINT('',(-58.522783481,71.496595111,-12.900681858));
#5330=CARTESIAN_POINT('',(-58.726890125,71.318871615,-12.900684851));
#5331=CARTESIAN_POINT('',(-58.920437712,71.12611328,-12.900688064));
#5332=CARTESIAN_POINT('',(-59.098337622,70.923714806,-12.900691378));
#5333=CARTESIAN_POINT('',(-59.276237533,70.721316333,-12.900694693));
#5334=CARTESIAN_POINT('',(-59.439577614,70.508536003,-12.900698121));
#5335=CARTESIAN_POINT('',(-59.588562136,70.285519471,-12.900701636));
#5336=CARTESIAN_POINT('',(-59.737546658,70.062502939,-12.900705151));
#5337=CARTESIAN_POINT('',(-59.87217875,69.829252437,-12.900708752));
#5338=CARTESIAN_POINT('',(-59.991892018,69.585364097,-12.900712419));
#5339=CARTESIAN_POINT('',(-60.111605286,69.341475758,-12.900716086));
#5340=CARTESIAN_POINT('',(-60.214062676,69.091564017,-12.900719749));
#5341=CARTESIAN_POINT('',(-60.299356086,68.837173371,-12.900723372));
#5342=CARTESIAN_POINT('',(-60.384649495,68.582782726,-12.900726995));
#5343=CARTESIAN_POINT('',(-60.452987985,68.323478776,-12.900730585));
#5344=CARTESIAN_POINT('',(-60.504205293,68.05921334,-12.90073413));
#5345=CARTESIAN_POINT('',(-60.555422602,67.794947904,-12.900737676));
#5346=CARTESIAN_POINT('',(-60.589501902,67.523755566,-12.900741201));
#5347=CARTESIAN_POINT('',(-60.605216167,67.254396684,-12.900744588));
#5348=B_SPLINE_CURVE_WITH_KNOTS('',3,(#5323,#5324,#5325,#5326,#5327,#5328,#5329,#5330,#5331,#5332,#5333,#5334,#5335,#5336,#5337,#5338,#5339,#5340,#5341,#5342,#5343,#5344,#5345,#5346,#5347),.UNSPECIFIED.,.F.,.F.,(4,3,3,3,3,3,3,3,4),(0.036104118,0.036908353,0.037712588,0.038516823,0.039321058,0.040125293,0.040929528,0.041733763,0.042537998),.UNSPECIFIED.);
#5349=EDGE_CURVE('',#4790,#5261,#5348,.T.);
#5350=ORIENTED_EDGE('',*,*,#5349,.T.);
#5351=ORIENTED_EDGE('',*,*,#5266,.T.);
#5352=CARTESIAN_POINT('',(-54.519809045,66.899376986,-38.));
#5353=DIRECTION('',(0.,0.,1.));
#5354=DIRECTION('',(1.,0.,-0.));
#5355=AXIS2_PLACEMENT_3D('',#5352,#5353,#5354);
#5356=CIRCLE('',#5355,6.095754164);
#5357=EDGE_CURVE('',#4799,#5253,#5356,.T.);
#5358=ORIENTED_EDGE('',*,*,#5357,.F.);
#5359=EDGE_LOOP('',(#5322,#5350,#5351,#5358));
#5360=FACE_BOUND('',#5359,.T.);
#5361=ADVANCED_FACE('',(#5360),#5321,.F.);
#5362=CARTESIAN_POINT('',(0.,0.,-38.));
#5363=DIRECTION('',(0.,0.,1.));
#5364=DIRECTION('',(0.,-1.,0.));
#5365=AXIS2_PLACEMENT_3D('',#5362,#5363,#5364);
#5366=PLANE('',#5365);
#5367=CARTESIAN_POINT('',(25.,70.156856484,-38.));
#5368=VERTEX_POINT('',#5367);
#5369=CARTESIAN_POINT('',(25.,72.502883511,-38.));
#5370=DIRECTION('',(0.,-1.,0.));
#5371=VECTOR('',#5370,2.346027027);
#5372=LINE('',#5369,#5371);
#5373=EDGE_CURVE('',#4817,#5368,#5372,.T.);
#5374=ORIENTED_EDGE('',*,*,#5373,.F.);
#5375=ORIENTED_EDGE('',*,*,#4844,.F.);
#5376=CARTESIAN_POINT('',(0.056119636,13.434085995,-38.));
#5377=DIRECTION('',(0.,0.,1.));
#5378=DIRECTION('',(1.,0.,-0.));
#5379=AXIS2_PLACEMENT_3D('',#5376,#5377,#5378);
#5380=CIRCLE('',#5379,61.965069673);
#5381=EDGE_CURVE('',#5368,#4833,#5380,.T.);
#5382=ORIENTED_EDGE('',*,*,#5381,.F.);
#5383=EDGE_LOOP('',(#5374,#5375,#5382));
#5384=FACE_BOUND('',#5383,.T.);
#5385=ADVANCED_FACE('',(#5384),#5366,.T.);
#5386=CARTESIAN_POINT('',(0.056119636,13.434085995,-25.));
#5387=DIRECTION('',(0.,0.,-1.));
#5388=DIRECTION('',(-1.,0.,0.));
#5389=AXIS2_PLACEMENT_3D('',#5386,#5387,#5388);
#5390=CYLINDRICAL_SURFACE('',#5389,61.965069673);
#5391=CARTESIAN_POINT('',(25.,70.156856484,-52.357972302));
#5392=VERTEX_POINT('',#5391);
#5393=CARTESIAN_POINT('',(25.,70.156856484,-38.));
#5394=DIRECTION('',(0.,0.,-1.));
#5395=VECTOR('',#5394,14.357972302);
#5396=LINE('',#5393,#5395);
#5397=EDGE_CURVE('',#5368,#5392,#5396,.T.);
#5398=ORIENTED_EDGE('',*,*,#5397,.F.);
#5399=ORIENTED_EDGE('',*,*,#5381,.T.);
#5400=ORIENTED_EDGE('',*,*,#4838,.F.);
#5401=CARTESIAN_POINT('',(18.806441605,72.494184925,-56.));
#5402=CARTESIAN_POINT('',(18.806441605,72.494184925,-55.831003003));
#5403=CARTESIAN_POINT('',(18.840004291,72.483552393,-55.668240681));
#5404=CARTESIAN_POINT('',(18.89984022,72.464451521,-55.512122454));
#5405=CARTESIAN_POINT('',(18.959676149,72.445350648,-55.356004227));
#5406=CARTESIAN_POINT('',(19.042042655,72.418955597,-55.214264503));
#5407=CARTESIAN_POINT('',(19.138395877,72.387767755,-55.081500024));
#5408=CARTESIAN_POINT('',(19.234749098,72.356579913,-54.948735545));
#5409=CARTESIAN_POINT('',(19.344288736,72.320851575,-54.826741801));
#5410=CARTESIAN_POINT('',(19.459701222,72.2827978,-54.714168765));
#5411=CARTESIAN_POINT('',(19.575113708,72.244744026,-54.60159573));
#5412=CARTESIAN_POINT('',(19.69737955,72.20405036,-54.497440154));
#5413=CARTESIAN_POINT('',(19.824359452,72.161307572,-54.399158899));
#5414=CARTESIAN_POINT('',(20.078319257,72.075821995,-54.20259639));
#5415=CARTESIAN_POINT('',(20.350341885,71.982363717,-54.029794359));
#5416=CARTESIAN_POINT('',(20.627650272,71.884765947,-53.87366639));
#5417=CARTESIAN_POINT('',(20.90495866,71.787168176,-53.717538421));
#5418=CARTESIAN_POINT('',(21.187309095,71.685568432,-53.57846802));
#5419=CARTESIAN_POINT('',(21.472726592,71.580442769,-53.450861512));
#5420=CARTESIAN_POINT('',(22.043561586,71.370191441,-53.195648496));
#5421=CARTESIAN_POINT('',(22.626462318,71.145898745,-52.98570404));
#5422=CARTESIAN_POINT('',(23.215940361,70.908363403,-52.806005926));
#5423=CARTESIAN_POINT('',(23.805418404,70.67082806,-52.626307812));
#5424=CARTESIAN_POINT('',(24.402653075,70.419540237,-52.477647286));
#5425=CARTESIAN_POINT('',(25.,70.156856484,-52.357972302));
#5426=B_SPLINE_CURVE_WITH_KNOTS('',3,(#5401,#5402,#5403,#5404,#5405,#5406,#5407,#5408,#5409,#5410,#5411,#5412,#5413,#5414,#5415,#5416,#5417,#5418,#5419,#5420,#5421,#5422,#5423,#5424,#5425),.UNSPECIFIED.,.F.,.F.,(4,3,3,3,3,3,3,3,4),(-0.002843731,-0.002349665,-0.001855598,-0.001361531,-0.000867464,0.000120669,0.001108803,0.00308507,0.005061337),.UNSPECIFIED.);
#5427=EDGE_CURVE('',#4825,#5392,#5426,.T.);
#5428=ORIENTED_EDGE('',*,*,#5427,.T.);
#5429=EDGE_LOOP('',(#5398,#5399,#5400,#5428));
#5430=FACE_BOUND('',#5429,.T.);
#5431=ADVANCED_FACE('',(#5430),#5390,.F.);
#5432=CARTESIAN_POINT('',(-0.22706129,72.767453485,-198.));
#5433=DIRECTION('',(-0.001404456,0.999999014,0.));
#5434=DIRECTION('',(-0.999999014,-0.001404456,0.));
#5435=AXIS2_PLACEMENT_3D('',#5432,#5433,#5434);
#5436=PLANE('',#5435);
#5437=CARTESIAN_POINT('',(42.,72.82675958,-171.));
#5438=VERTEX_POINT('',#5437);
#5439=CARTESIAN_POINT('',(56.015431719,72.846443645,-171.));
#5440=VERTEX_POINT('',#5439);
#5441=CARTESIAN_POINT('',(42.,72.826759575,-171.));
#5442=DIRECTION('',(0.999999014,0.001404456,-0.));
#5443=VECTOR('',#5442,14.015445542);
#5444=LINE('',#5441,#5443);
#5445=EDGE_CURVE('',#5438,#5440,#5444,.T.);
#5446=ORIENTED_EDGE('',*,*,#5445,.T.);
#5447=CARTESIAN_POINT('',(56.015431719,72.846443645,-146.));
#5448=VERTEX_POINT('',#5447);
#5449=CARTESIAN_POINT('',(56.015431719,72.846443645,-146.));
#5450=DIRECTION('',(0.,0.,-1.));
#5451=VECTOR('',#5450,25.);
#5452=LINE('',#5449,#5451);
#5453=EDGE_CURVE('',#5448,#5440,#5452,.T.);
#5454=ORIENTED_EDGE('',*,*,#5453,.F.);
#5455=CARTESIAN_POINT('',(42.,72.826759575,-146.));
#5456=VERTEX_POINT('',#5455);
#5457=CARTESIAN_POINT('',(42.,72.826759575,-146.));
#5458=DIRECTION('',(0.999999014,0.001404456,0.));
#5459=VECTOR('',#5458,14.015445542);
#5460=LINE('',#5457,#5459);
#5461=EDGE_CURVE('',#5456,#5448,#5460,.T.);
#5462=ORIENTED_EDGE('',*,*,#5461,.F.);
#5463=CARTESIAN_POINT('',(42.,72.826759575,-171.));
#5464=DIRECTION('',(0.,0.,1.));
#5465=VECTOR('',#5464,25.);
#5466=LINE('',#5463,#5465);
#5467=EDGE_CURVE('',#5438,#5456,#5466,.T.);
#5468=ORIENTED_EDGE('',*,*,#5467,.F.);
#5469=EDGE_LOOP('',(#5446,#5454,#5462,#5468));
#5470=FACE_BOUND('',#5469,.T.);
#5471=ADVANCED_FACE('',(#5470),#5436,.F.);
#5472=CARTESIAN_POINT('',(54.655359867,67.104654731,-198.));
#5473=DIRECTION('',(0.,0.,-1.));
#5474=DIRECTION('',(-1.,0.,0.));
#5475=AXIS2_PLACEMENT_3D('',#5472,#5473,#5474);
#5476=CYLINDRICAL_SURFACE('',#5475,5.900672451);
#5477=ORIENTED_EDGE('',*,*,#4288,.F.);
#5478=CARTESIAN_POINT('',(54.655359867,67.104654731,-146.));
#5479=DIRECTION('',(0.,0.,1.));
#5480=DIRECTION('',(1.,0.,-0.));
#5481=AXIS2_PLACEMENT_3D('',#5478,#5479,#5480);
#5482=CIRCLE('',#5481,5.900672451);
#5483=EDGE_CURVE('',#4275,#5448,#5482,.T.);
#5484=ORIENTED_EDGE('',*,*,#5483,.T.);
#5485=ORIENTED_EDGE('',*,*,#5453,.T.);
#5486=CARTESIAN_POINT('',(54.655359867,67.104654731,-171.));
#5487=DIRECTION('',(-0.,-0.,-1.));
#5488=DIRECTION('',(0.,-1.,0.));
#5489=AXIS2_PLACEMENT_3D('',#5486,#5487,#5488);
#5490=CIRCLE('',#5489,5.900672451);
#5491=EDGE_CURVE('',#5440,#4283,#5490,.T.);
#5492=ORIENTED_EDGE('',*,*,#5491,.T.);
#5493=EDGE_LOOP('',(#5477,#5484,#5485,#5492));
#5494=FACE_BOUND('',#5493,.T.);
#5495=ADVANCED_FACE('',(#5494),#5476,.F.);
#5496=CARTESIAN_POINT('',(54.323779,-39.5102301,-198.));
#5497=DIRECTION('',(0.,0.,-1.));
#5498=DIRECTION('',(-1.,0.,0.));
#5499=AXIS2_PLACEMENT_3D('',#5496,#5497,#5498);
#5500=CYLINDRICAL_SURFACE('',#5499,6.280289178);
#5501=ORIENTED_EDGE('',*,*,#4352,.F.);
#5502=CARTESIAN_POINT('',(54.323779,-39.5102301,-146.));
#5503=DIRECTION('',(0.,0.,1.));
#5504=DIRECTION('',(1.,0.,-0.));
#5505=AXIS2_PLACEMENT_3D('',#5502,#5503,#5504);
#5506=CIRCLE('',#5505,6.280289178);
#5507=EDGE_CURVE('',#4339,#4299,#5506,.T.);
#5508=ORIENTED_EDGE('',*,*,#5507,.T.);
#5509=ORIENTED_EDGE('',*,*,#4304,.T.);
#5510=CARTESIAN_POINT('',(54.323779,-39.5102301,-171.));
#5511=DIRECTION('',(-0.,-0.,-1.));
#5512=DIRECTION('',(0.,-1.,0.));
#5513=AXIS2_PLACEMENT_3D('',#5510,#5511,#5512);
#5514=CIRCLE('',#5513,6.280289178);
#5515=EDGE_CURVE('',#4291,#4347,#5514,.T.);
#5516=ORIENTED_EDGE('',*,*,#5515,.T.);
#5517=EDGE_LOOP('',(#5501,#5508,#5509,#5516));
#5518=FACE_BOUND('',#5517,.T.);
#5519=ADVANCED_FACE('',(#5518),#5500,.F.);
#5520=CARTESIAN_POINT('',(-53.633993663,-38.912608933,-198.));
#5521=DIRECTION('',(0.,0.,-1.));
#5522=DIRECTION('',(-1.,0.,0.));
#5523=AXIS2_PLACEMENT_3D('',#5520,#5521,#5522);
#5524=CYLINDRICAL_SURFACE('',#5523,7.051848459);
#5525=ORIENTED_EDGE('',*,*,#4440,.F.);
#5526=CARTESIAN_POINT('',(-53.633993663,-38.912608933,-146.));
#5527=DIRECTION('',(0.,0.,1.));
#5528=DIRECTION('',(1.,0.,-0.));
#5529=AXIS2_PLACEMENT_3D('',#5526,#5527,#5528);
#5530=CIRCLE('',#5529,7.051848459);
#5531=EDGE_CURVE('',#4427,#4363,#5530,.T.);
#5532=ORIENTED_EDGE('',*,*,#5531,.T.);
#5533=ORIENTED_EDGE('',*,*,#4368,.T.);
#5534=CARTESIAN_POINT('',(-53.633993663,-38.912608933,-171.));
#5535=DIRECTION('',(-0.,-0.,-1.));
#5536=DIRECTION('',(0.,-1.,0.));
#5537=AXIS2_PLACEMENT_3D('',#5534,#5535,#5536);
#5538=CIRCLE('',#5537,7.051848459);
#5539=EDGE_CURVE('',#4355,#4435,#5538,.T.);
#5540=ORIENTED_EDGE('',*,*,#5539,.T.);
#5541=EDGE_LOOP('',(#5525,#5532,#5533,#5540));
#5542=FACE_BOUND('',#5541,.T.);
#5543=ADVANCED_FACE('',(#5542),#5524,.F.);
#5544=CARTESIAN_POINT('',(-54.519809045,66.899376986,-198.));
#5545=DIRECTION('',(0.,0.,-1.));
#5546=DIRECTION('',(-1.,0.,0.));
#5547=AXIS2_PLACEMENT_3D('',#5544,#5545,#5546);
#5548=CYLINDRICAL_SURFACE('',#5547,6.095754164);
#5549=ORIENTED_EDGE('',*,*,#1895,.F.);
#5550=CARTESIAN_POINT('',(-54.519809045,66.899376986,-146.));
#5551=DIRECTION('',(0.,0.,1.));
#5552=DIRECTION('',(1.,0.,-0.));
#5553=AXIS2_PLACEMENT_3D('',#5550,#5551,#5552);
#5554=CIRCLE('',#5553,6.095754164);
#5555=EDGE_CURVE('',#1882,#4451,#5554,.T.);
#5556=ORIENTED_EDGE('',*,*,#5555,.T.);
#5557=ORIENTED_EDGE('',*,*,#4456,.T.);
#5558=CARTESIAN_POINT('',(-54.519809045,66.899376986,-171.));
#5559=DIRECTION('',(-0.,-0.,-1.));
#5560=DIRECTION('',(0.,-1.,0.));
#5561=AXIS2_PLACEMENT_3D('',#5558,#5559,#5560);
#5562=CIRCLE('',#5561,6.095754164);
#5563=EDGE_CURVE('',#4443,#1890,#5562,.T.);
#5564=ORIENTED_EDGE('',*,*,#5563,.T.);
#5565=EDGE_LOOP('',(#5549,#5556,#5557,#5564));
#5566=FACE_BOUND('',#5565,.T.);
#5567=ADVANCED_FACE('',(#5566),#5548,.F.);
#5568=CARTESIAN_POINT('',(-0.236892479,79.767446581,-171.));
#5569=DIRECTION('',(0.999999014,0.001404456,-0.));
#5570=DIRECTION('',(-0.001404456,0.999999014,0.));
#5571=AXIS2_PLACEMENT_3D('',#5568,#5569,#5570);
#5572=CYLINDRICAL_SURFACE('',#5571,7.);
#5573=CARTESIAN_POINT('',(25.,79.80289071,-178.));
#5574=VERTEX_POINT('',#5573);
#5575=CARTESIAN_POINT('',(-57.342793178,79.687243802,-178.));
#5576=VERTEX_POINT('',#5575);
#5577=CARTESIAN_POINT('',(25.,79.80289071,-178.));
#5578=DIRECTION('',(-0.999999014,-0.001404456,0.));
#5579=VECTOR('',#5578,82.342874388);
#5580=LINE('',#5577,#5579);
#5581=EDGE_CURVE('',#5574,#5576,#5580,.T.);
#5582=ORIENTED_EDGE('',*,*,#5581,.F.);
#5583=CARTESIAN_POINT('',(25.,79.80289071,-171.));
#5584=DIRECTION('',(-1.,-0.,-0.));
#5585=DIRECTION('',(0.,1.,-0.));
#5586=AXIS2_PLACEMENT_3D('',#5583,#5584,#5585);
#5587=ELLIPSE('',#5586,7.000006904,7.);
#5588=EDGE_CURVE('',#5574,#1898,#5587,.T.);
#5589=ORIENTED_EDGE('',*,*,#5588,.T.);
#5590=ORIENTED_EDGE('',*,*,#1903,.F.);
#5591=CARTESIAN_POINT('',(-57.342793178,79.687243802,-178.));
#5592=CARTESIAN_POINT('',(-57.292142854,79.226165606,-178.));
#5593=CARTESIAN_POINT('',(-57.240600743,78.768520475,-177.954636388));
#5594=CARTESIAN_POINT('',(-57.188315892,78.317823884,-177.864699449));
#5595=CARTESIAN_POINT('',(-57.162173467,78.092475589,-177.81973098));
#5596=CARTESIAN_POINT('',(-57.135821277,77.868608674,-177.763408711));
#5597=CARTESIAN_POINT('',(-57.109717109,77.650102263,-177.696919346));
#5598=CARTESIAN_POINT('',(-57.083612942,77.431595851,-177.630429982));
#5599=CARTESIAN_POINT('',(-57.057640193,77.217434369,-177.55360296));
#5600=CARTESIAN_POINT('',(-57.031801824,77.007549377,-177.466599642));
#5601=CARTESIAN_POINT('',(-57.005963455,76.797664386,-177.379596323));
#5602=CARTESIAN_POINT('',(-56.980259623,76.592055866,-177.282416708));
#5603=CARTESIAN_POINT('',(-56.9547096,76.390777421,-177.174928104));
#5604=CARTESIAN_POINT('',(-56.929159578,76.189498976,-177.067439499));
#5605=CARTESIAN_POINT('',(-56.903643895,75.991643035,-176.949019481));
#5606=CARTESIAN_POINT('',(-56.878614665,75.800530987,-176.821376576));
#5607=CARTESIAN_POINT('',(-56.828556206,75.418306893,-176.566090765));
#5608=CARTESIAN_POINT('',(-56.780884296,75.066304803,-176.277064807));
#5609=CARTESIAN_POINT('',(-56.735961411,74.743727043,-175.955124936));
#5610=CARTESIAN_POINT('',(-56.713499969,74.582438163,-175.794155001));
#5611=CARTESIAN_POINT('',(-56.691733332,74.428558098,-175.624897203));
#5612=CARTESIAN_POINT('',(-56.670758837,74.282313307,-175.447086718));
#5613=CARTESIAN_POINT('',(-56.649784342,74.136068515,-175.269276233));
#5614=CARTESIAN_POINT('',(-56.629714574,73.998259769,-175.083688707));
#5615=CARTESIAN_POINT('',(-56.610945753,73.870982016,-174.893482767));
#5616=CARTESIAN_POINT('',(-56.573408109,73.616426509,-174.513070887));
#5617=CARTESIAN_POINT('',(-56.540626117,73.400837834,-174.110942217));
#5618=CARTESIAN_POINT('',(-56.513381181,73.22458455,-173.686830863));
#5619=CARTESIAN_POINT('',(-56.499758713,73.136457908,-173.474775186));
#5620=CARTESIAN_POINT('',(-56.487480264,73.057921174,-173.255949));
#5621=CARTESIAN_POINT('',(-56.476937627,72.990948959,-173.035543226));
#5622=CARTESIAN_POINT('',(-56.46639499,72.923976744,-172.815137452));
#5623=CARTESIAN_POINT('',(-56.45754344,72.868266504,-172.592787372));
#5624=CARTESIAN_POINT('',(-56.450412052,72.823571184,-172.368533866));
#5625=CARTESIAN_POINT('',(-56.436149277,72.734180543,-171.920026855));
#5626=CARTESIAN_POINT('',(-56.428744501,72.68852064,-171.463962213));
#5627=CARTESIAN_POINT('',(-56.428744501,72.68852064,-171.));
#5628=B_SPLINE_CURVE_WITH_KNOTS('',3,(#5591,#5592,#5593,#5594,#5595,#5596,#5597,#5598,#5599,#5600,#5601,#5602,#5603,#5604,#5605,#5606,#5607,#5608,#5609,#5610,#5611,#5612,#5613,#5614,#5615,#5616,
#5617,#5618,#5619,#5620,#5621,#5622,#5623,#5624,#5625,#5626,#5627),.UNSPECIFIED.,.F.,.F.,(4,3,3,3,3,3,3,3,3,3,3,3,4),(0.,0.001372033,0.002058049,0.002744065,0.003430081,0.004116098,0.00548813,0.006174146,0.006860163,0.008232195,0.008918211,0.009604228,0.01097626),.UNSPECIFIED.);
#5629=EDGE_CURVE('',#5576,#1890,#5628,.T.);
#5630=ORIENTED_EDGE('',*,*,#5629,.F.);
#5631=EDGE_LOOP('',(#5582,#5589,#5590,#5630));
#5632=FACE_BOUND('',#5631,.T.);
#5633=ADVANCED_FACE('',(#5632),#5572,.T.);
#5634=CARTESIAN_POINT('',(-0.236892479,79.767446581,-171.));
#5635=DIRECTION('',(0.999999014,0.001404456,-0.));
#5636=DIRECTION('',(-0.001404456,0.999999014,0.));
#5637=AXIS2_PLACEMENT_3D('',#5634,#5635,#5636);
#5638=CYLINDRICAL_SURFACE('',#5637,7.);
#5639=ORIENTED_EDGE('',*,*,#3909,.T.);
#5640=ORIENTED_EDGE('',*,*,#4150,.T.);
#5641=CARTESIAN_POINT('',(42.8,79.387836158,-177.986154376));
#5642=VERTEX_POINT('',#5641);
#5643=CARTESIAN_POINT('',(42.8,79.827890044,-171.));
#5644=DIRECTION('',(-1.,0.,0.));
#5645=DIRECTION('',(0.,1.,-0.));
#5646=AXIS2_PLACEMENT_3D('',#5643,#5644,#5645);
#5647=ELLIPSE('',#5646,7.000006904,7.);
#5648=EDGE_CURVE('',#4144,#5642,#5647,.T.);
#5649=ORIENTED_EDGE('',*,*,#5648,.T.);
#5650=CARTESIAN_POINT('',(54.,79.387836158,-177.985145778));
#5651=VERTEX_POINT('',#5650);
#5652=CARTESIAN_POINT('',(-270.526717189,79.387836158,-171.));
#5653=DIRECTION('',(-0.,1.,-0.));
#5654=DIRECTION('',(1.,0.,0.));
#5655=AXIS2_PLACEMENT_3D('',#5652,#5653,#5654);
#5656=ELLIPSE('',#5655,4984.13774734,7.);
#5657=EDGE_CURVE('',#5651,#5642,#5656,.T.);
#5658=ORIENTED_EDGE('',*,*,#5657,.F.);
#5659=CARTESIAN_POINT('',(54.,79.843619962,-178.));
#5660=VERTEX_POINT('',#5659);
#5661=CARTESIAN_POINT('',(54.,79.843619962,-171.));
#5662=DIRECTION('',(1.,-0.,-0.));
#5663=DIRECTION('',(0.,1.,-0.));
#5664=AXIS2_PLACEMENT_3D('',#5661,#5662,#5663);
#5665=ELLIPSE('',#5664,7.000006904,7.);
#5666=EDGE_CURVE('',#5651,#5660,#5665,.T.);
#5667=ORIENTED_EDGE('',*,*,#5666,.T.);
#5668=CARTESIAN_POINT('',(56.667978348,79.847367023,-178.));
#5669=VERTEX_POINT('',#5668);
#5670=CARTESIAN_POINT('',(56.667978348,79.847367023,-178.));
#5671=DIRECTION('',(-0.999999014,-0.001404456,0.));
#5672=VECTOR('',#5671,2.667980979);
#5673=LINE('',#5670,#5672);
#5674=EDGE_CURVE('',#5669,#5660,#5673,.T.);
#5675=ORIENTED_EDGE('',*,*,#5674,.F.);
#5676=CARTESIAN_POINT('',(56.667978348,79.847367023,-178.));
#5677=CARTESIAN_POINT('',(56.632037842,79.38565591,-178.));
#5678=CARTESIAN_POINT('',(56.595536092,78.928654996,-177.954711037));
#5679=CARTESIAN_POINT('',(56.558347487,78.4772329,-177.864630951));
#5680=CARTESIAN_POINT('',(56.539753184,78.251521852,-177.819590907));
#5681=CARTESIAN_POINT('',(56.521008846,78.02742046,-177.763196345));
#5682=CARTESIAN_POINT('',(56.502428506,77.808671608,-177.696616845));
#5683=CARTESIAN_POINT('',(56.483848167,77.589922756,-177.630037346));
#5684=CARTESIAN_POINT('',(56.465347096,77.37548887,-177.553090898));
#5685=CARTESIAN_POINT('',(56.446927571,77.165306772,-177.465928566));
#5686=CARTESIAN_POINT('',(56.428508045,76.955124674,-177.378766235));
#5687=CARTESIAN_POINT('',(56.410170202,76.749194332,-177.281388066));
#5688=CARTESIAN_POINT('',(56.391928,76.547574706,-177.173649703));
#5689=CARTESIAN_POINT('',(56.373685799,76.34595508,-177.06591134));
#5690=CARTESIAN_POINT('',(56.355444763,76.147642627,-176.947115241));
#5691=CARTESIAN_POINT('',(56.337576191,75.956473057,-176.819328554));
#5692=CARTESIAN_POINT('',(56.301839048,75.574133918,-176.563755179));
#5693=CARTESIAN_POINT('',(56.26775719,75.221991977,-176.274387513));
#5694=CARTESIAN_POINT('',(56.235604453,74.899294595,-175.952033582));
#5695=CARTESIAN_POINT('',(56.219528085,74.737945904,-175.790856617));
#5696=CARTESIAN_POINT('',(56.203939433,74.584011037,-175.621373847));
#5697=CARTESIAN_POINT('',(56.188910405,74.437722384,-175.443318769));
#5698=CARTESIAN_POINT('',(56.173881377,74.29143373,-175.265263691));
#5699=CARTESIAN_POINT('',(56.159520396,74.153859337,-175.079766555));
#5700=CARTESIAN_POINT('',(56.146076754,74.026730642,-174.889574696));
#5701=CARTESIAN_POINT('',(56.11918947,73.772473253,-174.509190978));
#5702=CARTESIAN_POINT('',(56.095685082,73.557181643,-174.107156037));
#5703=CARTESIAN_POINT('',(56.076143121,73.38121852,-173.683235867));
#5704=CARTESIAN_POINT('',(56.06637214,73.293236959,-173.471275782));
#5705=CARTESIAN_POINT('',(56.057564706,73.214860555,-173.252605149));
#5706=CARTESIAN_POINT('',(56.050004277,73.1480595,-173.032485023));
#5707=CARTESIAN_POINT('',(56.042443848,73.081258446,-172.812364897));
#5708=CARTESIAN_POINT('',(56.036094283,73.025694121,-172.590317649));
#5709=CARTESIAN_POINT('',(56.030978088,72.981118399,-172.36638488));
#5710=CARTESIAN_POINT('',(56.020745699,72.891966954,-171.918519343));
#5711=CARTESIAN_POINT('',(56.015431719,72.846443645,-171.463167292));
#5712=CARTESIAN_POINT('',(56.015431719,72.846443645,-171.));
#5713=B_SPLINE_CURVE_WITH_KNOTS('',3,(#5676,#5677,#5678,#5679,#5680,#5681,#5682,#5683,#5684,#5685,#5686,#5687,#5688,#5689,#5690,#5691,#5692,#5693,#5694,#5695,#5696,#5697,#5698,#5699,#5700,#5701,
#5702,#5703,#5704,#5705,#5706,#5707,#5708,#5709,#5710,#5711,#5712),.UNSPECIFIED.,.F.,.F.,(4,3,3,3,3,3,3,3,3,3,3,3,4),(0.,0.001369731,0.002054597,0.002739462,0.003424328,0.004109193,0.005478924,0.00616379,0.006848655,0.008218386,0.008903252,0.009588118,0.010957849),.UNSPECIFIED.);
#5714=EDGE_CURVE('',#5669,#5440,#5713,.T.);
#5715=ORIENTED_EDGE('',*,*,#5714,.T.);
#5716=ORIENTED_EDGE('',*,*,#5445,.F.);
#5717=CARTESIAN_POINT('',(42.,79.826766479,-171.));
#5718=DIRECTION('',(1.,-0.,-0.));
#5719=DIRECTION('',(0.,1.,-0.));
#5720=AXIS2_PLACEMENT_3D('',#5717,#5718,#5719);
#5721=ELLIPSE('',#5720,7.000006904,7.);
#5722=EDGE_CURVE('',#5438,#3901,#5721,.T.);
#5723=ORIENTED_EDGE('',*,*,#5722,.T.);
#5724=EDGE_LOOP('',(#5639,#5640,#5649,#5658,#5667,#5675,#5715,#5716,#5723));
#5725=FACE_BOUND('',#5724,.T.);
#5726=ADVANCED_FACE('',(#5725),#5638,.T.);
#5727=CARTESIAN_POINT('',(279.,13.361186745,-178.));
#5728=DIRECTION('',(0.,0.,1.));
#5729=DIRECTION('',(0.,-1.,0.));
#5730=AXIS2_PLACEMENT_3D('',#5727,#5728,#5729);
#5731=PLANE('',#5730);
#5732=CARTESIAN_POINT('',(-69.223738358,71.93017744,-178.));
#5733=VERTEX_POINT('',#5732);
#5734=CARTESIAN_POINT('',(-69.223738358,71.93017744,-178.));
#5735=DIRECTION('',(-1.,0.,0.));
#5736=VECTOR('',#5735,7.978324499);
#5737=LINE('',#5734,#5736);
#5738=EDGE_CURVE('',#5733,#4593,#5737,.T.);
#5739=ORIENTED_EDGE('',*,*,#5738,.F.);
#5740=CARTESIAN_POINT('',(-66.413487994,72.380177855,-178.));
#5741=VERTEX_POINT('',#5740);
#5742=CARTESIAN_POINT('',(-69.223738358,80.93017744,-178.));
#5743=DIRECTION('',(0.,0.,1.));
#5744=DIRECTION('',(0.,-1.,0.));
#5745=AXIS2_PLACEMENT_3D('',#5742,#5743,#5744);
#5746=CIRCLE('',#5745,9.);
#5747=EDGE_CURVE('',#5733,#5741,#5746,.T.);
#5748=ORIENTED_EDGE('',*,*,#5747,.T.);
#5749=CARTESIAN_POINT('',(-67.605424708,67.414585517,-178.));
#5750=VERTEX_POINT('',#5749);
#5751=CARTESIAN_POINT('',(-54.519809045,66.899376986,-178.));
#5752=DIRECTION('',(0.,0.,1.));
#5753=DIRECTION('',(0.,-1.,0.));
#5754=AXIS2_PLACEMENT_3D('',#5751,#5752,#5753);
#5755=CIRCLE('',#5754,13.095754164);
#5756=EDGE_CURVE('',#5741,#5750,#5755,.T.);
#5757=ORIENTED_EDGE('',*,*,#5756,.T.);
#5758=CARTESIAN_POINT('',(-67.467605957,-41.379513072,-178.));
#5759=VERTEX_POINT('',#5758);
#5760=CARTESIAN_POINT('',(-67.605424708,67.414585517,-178.));
#5761=DIRECTION('',(0.001266784,-0.999999198,0.));
#5762=VECTOR('',#5761,108.794185882);
#5763=LINE('',#5760,#5762);
#5764=EDGE_CURVE('',#5750,#5759,#5763,.T.);
#5765=ORIENTED_EDGE('',*,*,#5764,.T.);
#5766=CARTESIAN_POINT('',(-65.844724121,-45.866205616,-178.));
#5767=VERTEX_POINT('',#5766);
#5768=CARTESIAN_POINT('',(-53.633993663,-38.912608933,-178.));
#5769=DIRECTION('',(0.,0.,1.));
#5770=DIRECTION('',(0.,-1.,0.));
#5771=AXIS2_PLACEMENT_3D('',#5768,#5769,#5770);
#5772=CIRCLE('',#5771,14.051848459);
#5773=EDGE_CURVE('',#5759,#5767,#5772,.T.);
#5774=ORIENTED_EDGE('',*,*,#5773,.T.);
#5775=CARTESIAN_POINT('',(-69.223738358,-45.207803951,-178.));
#5776=VERTEX_POINT('',#5775);
#5777=CARTESIAN_POINT('',(-69.223738358,-54.207803951,-178.));
#5778=DIRECTION('',(0.,0.,1.));
#5779=DIRECTION('',(0.,-1.,0.));
#5780=AXIS2_PLACEMENT_3D('',#5777,#5778,#5779);
#5781=CIRCLE('',#5780,9.);
#5782=EDGE_CURVE('',#5767,#5776,#5781,.T.);
#5783=ORIENTED_EDGE('',*,*,#5782,.T.);
#5784=CARTESIAN_POINT('',(-69.223738358,-54.207803951,-178.));
#5785=DIRECTION('',(0.,0.,1.));
#5786=DIRECTION('',(0.,-1.,0.));
#5787=AXIS2_PLACEMENT_3D('',#5784,#5785,#5786);
#5788=CIRCLE('',#5787,9.);
#5789=EDGE_CURVE('',#5776,#2504,#5788,.T.);
#5790=ORIENTED_EDGE('',*,*,#5789,.T.);
#5791=ORIENTED_EDGE('',*,*,#2512,.T.);
#5792=CARTESIAN_POINT('',(-77.109866215,-43.898853247,-178.));
#5793=DIRECTION('',(-0.001195954,0.999999285,-0.));
#5794=VECTOR('',#5793,114.523635299);
#5795=LINE('',#5792,#5794);
#5796=EDGE_CURVE('',#2506,#4602,#5795,.T.);
#5797=ORIENTED_EDGE('',*,*,#5796,.T.);
#5798=ORIENTED_EDGE('',*,*,#4608,.T.);
#5799=EDGE_LOOP('',(#5739,#5748,#5757,#5765,#5774,#5783,#5790,#5791,#5797,#5798));
#5800=FACE_BOUND('',#5799,.T.);
#5801=ADVANCED_FACE('',(#5800),#5731,.F.);
#5802=CARTESIAN_POINT('',(279.,13.361186745,-178.));
#5803=DIRECTION('',(0.,0.,1.));
#5804=DIRECTION('',(0.,-1.,0.));
#5805=AXIS2_PLACEMENT_3D('',#5802,#5803,#5804);
#5806=PLANE('',#5805);
#5807=CARTESIAN_POINT('',(-54.860147439,-52.910858539,-178.));
#5808=VERTEX_POINT('',#5807);
#5809=CARTESIAN_POINT('',(56.045621436,-52.67842433,-178.));
#5810=VERTEX_POINT('',#5809);
#5811=CARTESIAN_POINT('',(-54.860147439,-52.910858539,-178.));
#5812=DIRECTION('',(0.999997804,0.002095776,-0.));
#5813=VECTOR('',#5812,110.906012439);
#5814=LINE('',#5811,#5813);
#5815=EDGE_CURVE('',#5808,#5810,#5814,.T.);
#5816=ORIENTED_EDGE('',*,*,#5815,.T.);
#5817=CARTESIAN_POINT('',(60.63097489,-51.197204073,-178.));
#5818=VERTEX_POINT('',#5817);
#5819=CARTESIAN_POINT('',(54.323779,-39.5102301,-178.));
#5820=DIRECTION('',(0.,0.,1.));
#5821=DIRECTION('',(0.,-1.,0.));
#5822=AXIS2_PLACEMENT_3D('',#5819,#5820,#5821);
#5823=CIRCLE('',#5822,13.280289178);
#5824=EDGE_CURVE('',#5810,#5818,#5823,.T.);
#5825=ORIENTED_EDGE('',*,*,#5824,.T.);
#5826=CARTESIAN_POINT('',(60.11250119,-54.207803951,-178.000000629));
#5827=VERTEX_POINT('',#5826);
#5828=CARTESIAN_POINT('',(69.11250119,-54.207803951,-178.));
#5829=DIRECTION('',(0.,0.,1.));
#5830=DIRECTION('',(0.,-1.,0.));
#5831=AXIS2_PLACEMENT_3D('',#5828,#5829,#5830);
#5832=CIRCLE('',#5831,9.);
#5833=EDGE_CURVE('',#5818,#5827,#5832,.T.);
#5834=ORIENTED_EDGE('',*,*,#5833,.T.);
#5835=CARTESIAN_POINT('',(60.11250119,-61.98689071,-178.000000629));
#5836=VERTEX_POINT('',#5835);
#5837=CARTESIAN_POINT('',(60.11250119,-61.98689071,-178.000000629));
#5838=DIRECTION('',(0.,1.,0.));
#5839=VECTOR('',#5838,7.779086759);
#5840=LINE('',#5837,#5839);
#5841=EDGE_CURVE('',#5836,#5827,#5840,.T.);
#5842=ORIENTED_EDGE('',*,*,#5841,.F.);
#5843=CARTESIAN_POINT('',(58.974026488,-62.024378853,-178.000000629));
#5844=VERTEX_POINT('',#5843);
#5845=CARTESIAN_POINT('',(58.90084024,-43.606551274,-178.000000629));
#5846=DIRECTION('',(-0.,-0.,-1.));
#5847=DIRECTION('',(-0.715673855,0.69843463,0.));
#5848=AXIS2_PLACEMENT_3D('',#5845,#5846,#5847);
#5849=ELLIPSE('',#5848,18.436601974,18.4);
#5850=EDGE_CURVE('',#5836,#5844,#5849,.T.);
#5851=ORIENTED_EDGE('',*,*,#5850,.T.);
#5852=CARTESIAN_POINT('',(58.974026488,-62.024378853,-178.000000629));
#5853=DIRECTION('',(-0.999998026,-0.001986718,0.));
#5854=VECTOR('',#5853,117.665529966);
#5855=LINE('',#5852,#5854);
#5856=EDGE_CURVE('',#5844,#2545,#5855,.T.);
#5857=ORIENTED_EDGE('',*,*,#5856,.T.);
#5858=ORIENTED_EDGE('',*,*,#2551,.T.);
#5859=CARTESIAN_POINT('',(-60.223738358,-54.207803951,-178.000000629));
#5860=VERTEX_POINT('',#5859);
#5861=CARTESIAN_POINT('',(-60.223738358,-62.197331286,-178.000000629));
#5862=DIRECTION('',(0.,1.,0.));
#5863=VECTOR('',#5862,7.989527336);
#5864=LINE('',#5861,#5863);
#5865=EDGE_CURVE('',#2536,#5860,#5864,.T.);
#5866=ORIENTED_EDGE('',*,*,#5865,.T.);
#5867=CARTESIAN_POINT('',(-60.819211837,-50.98849751,-178.));
#5868=VERTEX_POINT('',#5867);
#5869=CARTESIAN_POINT('',(-69.223738358,-54.207803951,-178.));
#5870=DIRECTION('',(0.,0.,1.));
#5871=DIRECTION('',(0.,-1.,0.));
#5872=AXIS2_PLACEMENT_3D('',#5869,#5870,#5871);
#5873=CIRCLE('',#5872,9.);
#5874=EDGE_CURVE('',#5860,#5868,#5873,.T.);
#5875=ORIENTED_EDGE('',*,*,#5874,.T.);
#5876=CARTESIAN_POINT('',(-53.633993663,-38.912608933,-178.));
#5877=DIRECTION('',(0.,0.,1.));
#5878=DIRECTION('',(0.,-1.,0.));
#5879=AXIS2_PLACEMENT_3D('',#5876,#5877,#5878);
#5880=CIRCLE('',#5879,14.051848459);
#5881=EDGE_CURVE('',#5868,#5808,#5880,.T.);
#5882=ORIENTED_EDGE('',*,*,#5881,.T.);
#5883=EDGE_LOOP('',(#5816,#5825,#5834,#5842,#5851,#5857,#5858,#5866,#5875,#5882));
#5884=FACE_BOUND('',#5883,.T.);
#5885=ADVANCED_FACE('',(#5884),#5806,.F.);
#5886=CARTESIAN_POINT('',(279.,13.361186745,-178.));
#5887=DIRECTION('',(0.,0.,1.));
#5888=DIRECTION('',(0.,-1.,0.));
#5889=AXIS2_PLACEMENT_3D('',#5886,#5887,#5888);
#5890=PLANE('',#5889);
#5891=CARTESIAN_POINT('',(77.252999509,-45.207803951,-178.));
#5892=VERTEX_POINT('',#5891);
#5893=CARTESIAN_POINT('',(69.11250119,-45.207803951,-178.));
#5894=VERTEX_POINT('',#5893);
#5895=CARTESIAN_POINT('',(77.252999509,-45.207803951,-178.));
#5896=DIRECTION('',(-1.,0.,0.));
#5897=VECTOR('',#5896,8.14049832);
#5898=LINE('',#5895,#5897);
#5899=EDGE_CURVE('',#5892,#5894,#5898,.T.);
#5900=ORIENTED_EDGE('',*,*,#5899,.T.);
#5901=CARTESIAN_POINT('',(66.049522988,-45.745052357,-178.));
#5902=VERTEX_POINT('',#5901);
#5903=CARTESIAN_POINT('',(69.11250119,-54.207803951,-178.));
#5904=DIRECTION('',(0.,0.,1.));
#5905=DIRECTION('',(0.,-1.,0.));
#5906=AXIS2_PLACEMENT_3D('',#5903,#5904,#5905);
#5907=CIRCLE('',#5906,9.);
#5908=EDGE_CURVE('',#5894,#5902,#5907,.T.);
#5909=ORIENTED_EDGE('',*,*,#5908,.T.);
#5910=CARTESIAN_POINT('',(67.494014487,-41.216388904,-178.));
#5911=VERTEX_POINT('',#5910);
#5912=CARTESIAN_POINT('',(54.323779,-39.5102301,-178.));
#5913=DIRECTION('',(0.,0.,1.));
#5914=DIRECTION('',(0.,-1.,0.));
#5915=AXIS2_PLACEMENT_3D('',#5912,#5913,#5914);
#5916=CIRCLE('',#5915,13.280289178);
#5917=EDGE_CURVE('',#5902,#5911,#5916,.T.);
#5918=ORIENTED_EDGE('',*,*,#5917,.T.);
#5919=CARTESIAN_POINT('',(67.494014487,68.36810131,-178.));
#5920=VERTEX_POINT('',#5919);
#5921=CARTESIAN_POINT('',(67.494014487,-41.216388904,-178.));
#5922=DIRECTION('',(-0.,1.,-0.));
#5923=VECTOR('',#5922,109.584490214);
#5924=LINE('',#5921,#5923);
#5925=EDGE_CURVE('',#5911,#5920,#5924,.T.);
#5926=ORIENTED_EDGE('',*,*,#5925,.T.);
#5927=CARTESIAN_POINT('',(66.448918522,72.333356669,-178.));
#5928=VERTEX_POINT('',#5927);
#5929=CARTESIAN_POINT('',(54.655359867,67.104654731,-178.));
#5930=DIRECTION('',(0.,0.,1.));
#5931=DIRECTION('',(0.,-1.,0.));
#5932=AXIS2_PLACEMENT_3D('',#5929,#5930,#5931);
#5933=CIRCLE('',#5932,12.900672451);
#5934=EDGE_CURVE('',#5920,#5928,#5933,.T.);
#5935=ORIENTED_EDGE('',*,*,#5934,.T.);
#5936=CARTESIAN_POINT('',(69.11250119,71.93017744,-178.));
#5937=VERTEX_POINT('',#5936);
#5938=CARTESIAN_POINT('',(69.11250119,80.93017744,-178.));
#5939=DIRECTION('',(0.,0.,1.));
#5940=DIRECTION('',(0.,-1.,0.));
#5941=AXIS2_PLACEMENT_3D('',#5938,#5939,#5940);
#5942=CIRCLE('',#5941,9.);
#5943=EDGE_CURVE('',#5928,#5937,#5942,.T.);
#5944=ORIENTED_EDGE('',*,*,#5943,.T.);
#5945=CARTESIAN_POINT('',(77.147247746,71.93017744,-178.));
#5946=VERTEX_POINT('',#5945);
#5947=CARTESIAN_POINT('',(77.147247746,71.93017744,-178.));
#5948=DIRECTION('',(-1.,0.,0.));
#5949=VECTOR('',#5948,8.034746557);
#5950=LINE('',#5947,#5949);
#5951=EDGE_CURVE('',#5946,#5937,#5950,.T.);
#5952=ORIENTED_EDGE('',*,*,#5951,.F.);
#5953=CARTESIAN_POINT('',(77.182729585,70.809390923,-178.));
#5954=VERTEX_POINT('',#5953);
#5955=CARTESIAN_POINT('',(58.764074127,70.750718487,-178.));
#5956=DIRECTION('',(-0.,-0.,-1.));
#5957=DIRECTION('',(-0.713501845,-0.70065335,0.));
#5958=AXIS2_PLACEMENT_3D('',#5955,#5956,#5957);
#5959=ELLIPSE('',#5958,18.436653053,18.4);
#5960=EDGE_CURVE('',#5946,#5954,#5959,.T.);
#5961=ORIENTED_EDGE('',*,*,#5960,.T.);
#5962=CARTESIAN_POINT('',(77.319583258,-43.621115603,-178.));
#5963=VERTEX_POINT('',#5962);
#5964=CARTESIAN_POINT('',(77.182729585,70.809390923,-178.));
#5965=DIRECTION('',(0.001195954,-0.999999285,0.));
#5966=VECTOR('',#5965,114.430588362);
#5967=LINE('',#5964,#5966);
#5968=EDGE_CURVE('',#5954,#5963,#5967,.T.);
#5969=ORIENTED_EDGE('',*,*,#5968,.T.);
#5970=CARTESIAN_POINT('',(77.319596429,-43.643141438,-178.));
#5971=VERTEX_POINT('',#5970);
#5972=CARTESIAN_POINT('',(58.900840212,-43.606551247,-178.));
#5973=DIRECTION('',(-0.,-0.,-1.));
#5974=DIRECTION('',(-0.715673855,0.69843463,-0.));
#5975=AXIS2_PLACEMENT_3D('',#5972,#5973,#5974);
#5976=ELLIPSE('',#5975,18.436601974,18.4);
#5977=EDGE_CURVE('',#5963,#5971,#5976,.T.);
#5978=ORIENTED_EDGE('',*,*,#5977,.T.);
#5979=CARTESIAN_POINT('',(58.900840212,-43.606551247,-178.));
#5980=DIRECTION('',(-0.,-0.,-1.));
#5981=DIRECTION('',(-0.715673855,0.69843463,-0.));
#5982=AXIS2_PLACEMENT_3D('',#5979,#5980,#5981);
#5983=ELLIPSE('',#5982,18.436601974,18.4);
#5984=EDGE_CURVE('',#5971,#5892,#5983,.T.);
#5985=ORIENTED_EDGE('',*,*,#5984,.T.);
#5986=EDGE_LOOP('',(#5900,#5909,#5918,#5926,#5935,#5944,#5952,#5961,#5969,#5978,#5985));
#5987=FACE_BOUND('',#5986,.T.);
#5988=ADVANCED_FACE('',(#5987),#5890,.F.);
#5989=CARTESIAN_POINT('',(0.,0.,-206.));
#5990=DIRECTION('',(0.,0.,1.));
#5991=DIRECTION('',(1.,0.,0.));
#5992=AXIS2_PLACEMENT_3D('',#5989,#5990,#5991);
#5993=PLANE('',#5992);
#5994=ORIENTED_EDGE('',*,*,#2533,.T.);
#5995=CARTESIAN_POINT('',(-69.223738358,-45.207803951,-206.));
#5996=VERTEX_POINT('',#5995);
#5997=CARTESIAN_POINT('',(-69.223738358,-54.207803951,-206.));
#5998=DIRECTION('',(-0.,-0.,-1.));
#5999=DIRECTION('',(1.,0.,-0.));
#6000=AXIS2_PLACEMENT_3D('',#5997,#5998,#5999);
#6001=CIRCLE('',#6000,9.);
#6002=EDGE_CURVE('',#2515,#5996,#6001,.T.);
#6003=ORIENTED_EDGE('',*,*,#6002,.T.);
#6004=CARTESIAN_POINT('',(-60.223738358,-54.207803951,-206.));
#6005=VERTEX_POINT('',#6004);
#6006=CARTESIAN_POINT('',(-69.223738358,-54.207803951,-206.));
#6007=DIRECTION('',(-0.,-0.,-1.));
#6008=DIRECTION('',(1.,0.,-0.));
#6009=AXIS2_PLACEMENT_3D('',#6006,#6007,#6008);
#6010=CIRCLE('',#6009,9.);
#6011=EDGE_CURVE('',#5996,#6005,#6010,.T.);
#6012=ORIENTED_EDGE('',*,*,#6011,.T.);
#6013=CARTESIAN_POINT('',(-60.223738358,-63.49583436,-206.));
#6014=DIRECTION('',(0.,1.,0.));
#6015=VECTOR('',#6014,9.28803041);
#6016=LINE('',#6013,#6015);
#6017=EDGE_CURVE('',#2527,#6005,#6016,.T.);
#6018=ORIENTED_EDGE('',*,*,#6017,.F.);
#6019=EDGE_LOOP('',(#5994,#6003,#6012,#6018));
#6020=FACE_BOUND('',#6019,.T.);
#6021=ADVANCED_FACE('',(#6020),#5993,.F.);
#6022=CARTESIAN_POINT('',(0.107629059,-54.174198401,2.392630812));
#6023=DIRECTION('',(0.001984783,-0.999024161,0.044122406));
#6024=DIRECTION('',(0.,-0.044122493,-0.999026129));
#6025=AXIS2_PLACEMENT_3D('',#6022,#6023,#6024);
#6026=PLANE('',#6025);
#6027=ORIENTED_EDGE('',*,*,#2559,.T.);
#6028=ORIENTED_EDGE('',*,*,#5856,.F.);
#6029=CARTESIAN_POINT('',(51.517485362,-54.7474565,-12.899737838));
#6030=VERTEX_POINT('',#6029);
#6031=CARTESIAN_POINT('',(58.974026488,-62.024378853,-178.000000629));
#6032=DIRECTION('',(-0.045074021,0.043988274,0.998014711));
#6033=VECTOR('',#6032,165.428686684);
#6034=LINE('',#6031,#6033);
#6035=EDGE_CURVE('',#5844,#6030,#6034,.T.);
#6036=ORIENTED_EDGE('',*,*,#6035,.T.);
#6037=CARTESIAN_POINT('',(51.517485362,-54.7474565,-12.899737838));
#6038=CARTESIAN_POINT('',(17.260927845,-54.815516377,-12.899774714));
#6039=CARTESIAN_POINT('',(-16.995629672,-54.883576296,-12.899812547));
#6040=CARTESIAN_POINT('',(-51.252187188,-54.951636258,-12.899851343));
#6041=B_SPLINE_CURVE_WITH_KNOTS('',3,(#6037,#6038,#6039,#6040),.UNSPECIFIED.,.F.,.F.,(4,4),(0.,0.102769875),.UNSPECIFIED.);
#6042=EDGE_CURVE('',#6030,#2554,#6041,.T.);
#6043=ORIENTED_EDGE('',*,*,#6042,.T.);
#6044=EDGE_LOOP('',(#6027,#6028,#6036,#6043));
#6045=FACE_BOUND('',#6044,.T.);
#6046=ADVANCED_FACE('',(#6045),#6026,.T.);
#6047=CARTESIAN_POINT('',(0.,0.,-206.));
#6048=DIRECTION('',(0.,0.,1.));
#6049=DIRECTION('',(1.,0.,0.));
#6050=AXIS2_PLACEMENT_3D('',#6047,#6048,#6049);
#6051=PLANE('',#6050);
#6052=ORIENTED_EDGE('',*,*,#4590,.T.);
#6053=CARTESIAN_POINT('',(-60.223738358,80.93017744,-206.));
#6054=VERTEX_POINT('',#6053);
#6055=CARTESIAN_POINT('',(-60.223738358,80.93017744,-206.));
#6056=DIRECTION('',(0.,1.,0.));
#6057=VECTOR('',#6056,9.333464544);
#6058=LINE('',#6055,#6057);
#6059=EDGE_CURVE('',#6054,#4573,#6058,.T.);
#6060=ORIENTED_EDGE('',*,*,#6059,.F.);
#6061=CARTESIAN_POINT('',(-69.223738358,71.93017744,-206.));
#6062=VERTEX_POINT('',#6061);
#6063=CARTESIAN_POINT('',(-69.223738358,80.93017744,-206.));
#6064=DIRECTION('',(-0.,-0.,-1.));
#6065=DIRECTION('',(1.,0.,-0.));
#6066=AXIS2_PLACEMENT_3D('',#6063,#6064,#6065);
#6067=CIRCLE('',#6066,9.);
#6068=EDGE_CURVE('',#6054,#6062,#6067,.T.);
#6069=ORIENTED_EDGE('',*,*,#6068,.T.);
#6070=CARTESIAN_POINT('',(-69.223738358,71.93017744,-206.));
#6071=DIRECTION('',(-1.,0.,0.));
#6072=VECTOR('',#6071,9.287627999);
#6073=LINE('',#6070,#6072);
#6074=EDGE_CURVE('',#6062,#4584,#6073,.T.);
#6075=ORIENTED_EDGE('',*,*,#6074,.T.);
#6076=EDGE_LOOP('',(#6052,#6060,#6069,#6075));
#6077=FACE_BOUND('',#6076,.T.);
#6078=ADVANCED_FACE('',(#6077),#6051,.F.);
#6079=CARTESIAN_POINT('',(69.096950302,0.082636805,3.117030577));
#6080=DIRECTION('',(0.998983337,0.001194739,0.045065109));
#6081=DIRECTION('',(0.045065141,0.,-0.99898405));
#6082=AXIS2_PLACEMENT_3D('',#6079,#6080,#6081);
#6083=PLANE('',#6082);
#6084=ORIENTED_EDGE('',*,*,#5968,.F.);
#6085=CARTESIAN_POINT('',(69.743690212,63.504306326,-12.901009143));
#6086=VERTEX_POINT('',#6085);
#6087=CARTESIAN_POINT('',(77.182729585,70.809390923,-178.));
#6088=DIRECTION('',(-0.044968477,-0.0441587,0.998011946));
#6089=VECTOR('',#6088,165.427870535);
#6090=LINE('',#6087,#6089);
#6091=EDGE_CURVE('',#5954,#6086,#6090,.T.);
#6092=ORIENTED_EDGE('',*,*,#6091,.T.);
#6093=CARTESIAN_POINT('',(69.863043451,-36.344184843,-12.89965675));
#6094=VERTEX_POINT('',#6093);
#6095=CARTESIAN_POINT('',(69.743690212,63.504306326,-12.901009143));
#6096=CARTESIAN_POINT('',(69.783515302,30.221475979,-12.901460045));
#6097=CARTESIAN_POINT('',(69.823247268,-3.06135446,-12.899846635));
#6098=CARTESIAN_POINT('',(69.863043451,-36.344184843,-12.89965675));
#6099=B_SPLINE_CURVE_WITH_KNOTS('',3,(#6095,#6096,#6097,#6098),.UNSPECIFIED.,.F.,.F.,(4,4),(0.,0.099848563),.UNSPECIFIED.);
#6100=EDGE_CURVE('',#6086,#6094,#6099,.T.);
#6101=ORIENTED_EDGE('',*,*,#6100,.T.);
#6102=CARTESIAN_POINT('',(69.863043448,-36.344189684,-12.899656537));
#6103=DIRECTION('',(0.045074021,-0.043988274,-0.998014711));
#6104=VECTOR('',#6103,165.428767294);
#6105=LINE('',#6102,#6104);
#6106=EDGE_CURVE('',#6094,#5963,#6105,.T.);
#6107=ORIENTED_EDGE('',*,*,#6106,.T.);
#6108=EDGE_LOOP('',(#6084,#6092,#6101,#6107));
#6109=FACE_BOUND('',#6108,.T.);
#6110=ADVANCED_FACE('',(#6109),#6083,.T.);
#6111=CARTESIAN_POINT('',(-68.992128654,-0.082511443,3.112297462));
#6112=DIRECTION('',(-0.99898334,-0.001194739,0.045065044));
#6113=DIRECTION('',(0.045065076,-0.,0.998984053));
#6114=AXIS2_PLACEMENT_3D('',#6111,#6112,#6113);
#6115=PLANE('',#6114);
#6116=ORIENTED_EDGE('',*,*,#5796,.F.);
#6117=ORIENTED_EDGE('',*,*,#2616,.T.);
#6118=CARTESIAN_POINT('',(-69.670772029,-36.592322812,-12.899516596));
#6119=CARTESIAN_POINT('',(-69.710598505,-3.282408737,-12.899280209));
#6120=CARTESIAN_POINT('',(-69.750513933,30.027505208,-12.901015686));
#6121=CARTESIAN_POINT('',(-69.790339926,63.337419286,-12.900768581));
#6122=B_SPLINE_CURVE_WITH_KNOTS('',3,(#6118,#6119,#6120,#6121),.UNSPECIFIED.,.F.,.F.,(4,4),(0.,0.099929814),.UNSPECIFIED.);
#6123=EDGE_CURVE('',#2562,#4611,#6122,.T.);
#6124=ORIENTED_EDGE('',*,*,#6123,.T.);
#6125=ORIENTED_EDGE('',*,*,#4616,.T.);
#6126=EDGE_LOOP('',(#6116,#6117,#6124,#6125));
#6127=FACE_BOUND('',#6126,.T.);
#6128=ADVANCED_FACE('',(#6127),#6115,.T.);
#6129=CARTESIAN_POINT('',(0.,0.,-206.));
#6130=DIRECTION('',(0.,0.,1.));
#6131=DIRECTION('',(1.,0.,0.));
#6132=AXIS2_PLACEMENT_3D('',#6129,#6130,#6131);
#6133=PLANE('',#6132);
#6134=CARTESIAN_POINT('',(60.11250119,-63.258751124,-206.));
#6135=VERTEX_POINT('',#6134);
#6136=CARTESIAN_POINT('',(60.11250119,-54.207803951,-206.));
#6137=VERTEX_POINT('',#6136);
#6138=CARTESIAN_POINT('',(60.11250119,-63.258751124,-206.));
#6139=DIRECTION('',(0.,1.,0.));
#6140=VECTOR('',#6139,9.050947173);
#6141=LINE('',#6138,#6140);
#6142=EDGE_CURVE('',#6135,#6137,#6141,.T.);
#6143=ORIENTED_EDGE('',*,*,#6142,.T.);
#6144=CARTESIAN_POINT('',(69.11250119,-45.207803951,-206.));
#6145=VERTEX_POINT('',#6144);
#6146=CARTESIAN_POINT('',(69.11250119,-54.207803951,-206.));
#6147=DIRECTION('',(-0.,-0.,-1.));
#6148=DIRECTION('',(1.,0.,-0.));
#6149=AXIS2_PLACEMENT_3D('',#6146,#6147,#6148);
#6150=CIRCLE('',#6149,9.);
#6151=EDGE_CURVE('',#6137,#6145,#6150,.T.);
#6152=ORIENTED_EDGE('',*,*,#6151,.T.);
#6153=CARTESIAN_POINT('',(78.581213028,-45.207803951,-206.));
#6154=VERTEX_POINT('',#6153);
#6155=CARTESIAN_POINT('',(78.581213028,-45.207803951,-206.));
#6156=DIRECTION('',(-1.,0.,0.));
#6157=VECTOR('',#6156,9.468711838);
#6158=LINE('',#6155,#6157);
#6159=EDGE_CURVE('',#6154,#6145,#6158,.T.);
#6160=ORIENTED_EDGE('',*,*,#6159,.F.);
#6161=CARTESIAN_POINT('',(60.238605256,-63.25850059,-206.));
#6162=VERTEX_POINT('',#6161);
#6163=CARTESIAN_POINT('',(60.165423376,-44.840673002,-206.));
#6164=DIRECTION('',(-0.,-0.,-1.));
#6165=DIRECTION('',(-0.715673855,0.69843463,0.));
#6166=AXIS2_PLACEMENT_3D('',#6163,#6164,#6165);
#6167=ELLIPSE('',#6166,18.436601974,18.4);
#6168=EDGE_CURVE('',#6154,#6162,#6167,.T.);
#6169=ORIENTED_EDGE('',*,*,#6168,.T.);
#6170=CARTESIAN_POINT('',(60.238605256,-63.25850059,-206.));
#6171=DIRECTION('',(-0.999998026,-0.001986718,0.));
#6172=VECTOR('',#6171,0.126104316);
#6173=LINE('',#6170,#6172);
#6174=EDGE_CURVE('',#6162,#6135,#6173,.T.);
#6175=ORIENTED_EDGE('',*,*,#6174,.T.);
#6176=EDGE_LOOP('',(#6143,#6152,#6160,#6169,#6175));
#6177=FACE_BOUND('',#6176,.T.);
#6178=ADVANCED_FACE('',(#6177),#6133,.F.);
#6179=CARTESIAN_POINT('',(54.655359867,67.104654731,-198.));
#6180=DIRECTION('',(0.,0.,-1.));
#6181=DIRECTION('',(-1.,0.,0.));
#6182=AXIS2_PLACEMENT_3D('',#6179,#6180,#6181);
#6183=CYLINDRICAL_SURFACE('',#6182,5.900672451);
#6184=ORIENTED_EDGE('',*,*,#4932,.F.);
#6185=CARTESIAN_POINT('',(54.655359867,67.104654731,-56.));
#6186=DIRECTION('',(0.,0.,1.));
#6187=DIRECTION('',(1.,0.,-0.));
#6188=AXIS2_PLACEMENT_3D('',#6185,#6186,#6187);
#6189=CIRCLE('',#6188,5.900672451);
#6190=EDGE_CURVE('',#4919,#4750,#6189,.T.);
#6191=ORIENTED_EDGE('',*,*,#6190,.T.);
#6192=ORIENTED_EDGE('',*,*,#4755,.T.);
#6193=CARTESIAN_POINT('',(54.655359867,67.104654731,-117.));
#6194=DIRECTION('',(-0.,-0.,-1.));
#6195=DIRECTION('',(1.,0.,-0.));
#6196=AXIS2_PLACEMENT_3D('',#6193,#6194,#6195);
#6197=CIRCLE('',#6196,5.900672451);
#6198=EDGE_CURVE('',#4742,#4927,#6197,.T.);
#6199=ORIENTED_EDGE('',*,*,#6198,.T.);
#6200=EDGE_LOOP('',(#6184,#6191,#6192,#6199));
#6201=FACE_BOUND('',#6200,.T.);
#6202=ADVANCED_FACE('',(#6201),#6183,.F.);
#6203=CARTESIAN_POINT('',(54.323779,-39.5102301,-198.));
#6204=DIRECTION('',(0.,0.,-1.));
#6205=DIRECTION('',(-1.,0.,0.));
#6206=AXIS2_PLACEMENT_3D('',#6203,#6204,#6205);
#6207=CYLINDRICAL_SURFACE('',#6206,6.280289178);
#6208=ORIENTED_EDGE('',*,*,#5147,.F.);
#6209=CARTESIAN_POINT('',(54.323779,-39.5102301,-56.));
#6210=DIRECTION('',(0.,0.,1.));
#6211=DIRECTION('',(1.,0.,-0.));
#6212=AXIS2_PLACEMENT_3D('',#6209,#6210,#6211);
#6213=CIRCLE('',#6212,6.280289178);
#6214=EDGE_CURVE('',#5134,#4943,#6213,.T.);
#6215=ORIENTED_EDGE('',*,*,#6214,.T.);
#6216=ORIENTED_EDGE('',*,*,#4948,.T.);
#6217=CARTESIAN_POINT('',(54.323779,-39.5102301,-117.));
#6218=DIRECTION('',(-0.,-0.,-1.));
#6219=DIRECTION('',(1.,0.,-0.));
#6220=AXIS2_PLACEMENT_3D('',#6217,#6218,#6219);
#6221=CIRCLE('',#6220,6.280289178);
#6222=EDGE_CURVE('',#4935,#5142,#6221,.T.);
#6223=ORIENTED_EDGE('',*,*,#6222,.T.);
#6224=EDGE_LOOP('',(#6208,#6215,#6216,#6223));
#6225=FACE_BOUND('',#6224,.T.);
#6226=ADVANCED_FACE('',(#6225),#6207,.F.);
#6227=CARTESIAN_POINT('',(-53.633993663,-38.912608933,-198.));
#6228=DIRECTION('',(0.,0.,-1.));
#6229=DIRECTION('',(-1.,0.,0.));
#6230=AXIS2_PLACEMENT_3D('',#6227,#6228,#6229);
#6231=CYLINDRICAL_SURFACE('',#6230,7.051848459);
#6232=ORIENTED_EDGE('',*,*,#5306,.F.);
#6233=CARTESIAN_POINT('',(-53.633993663,-38.912608933,-56.));
#6234=DIRECTION('',(0.,0.,1.));
#6235=DIRECTION('',(1.,0.,-0.));
#6236=AXIS2_PLACEMENT_3D('',#6233,#6234,#6235);
#6237=CIRCLE('',#6236,7.051848459);
#6238=EDGE_CURVE('',#5293,#5068,#6237,.T.);
#6239=ORIENTED_EDGE('',*,*,#6238,.T.);
#6240=ORIENTED_EDGE('',*,*,#5075,.T.);
#6241=CARTESIAN_POINT('',(-53.633993663,-38.912608933,-117.));
#6242=DIRECTION('',(-0.,-0.,-1.));
#6243=DIRECTION('',(1.,0.,-0.));
#6244=AXIS2_PLACEMENT_3D('',#6241,#6242,#6243);
#6245=CIRCLE('',#6244,7.051848459);
#6246=EDGE_CURVE('',#5070,#5301,#6245,.T.);
#6247=ORIENTED_EDGE('',*,*,#6246,.T.);
#6248=EDGE_LOOP('',(#6232,#6239,#6240,#6247));
#6249=FACE_BOUND('',#6248,.T.);
#6250=ADVANCED_FACE('',(#6249),#6231,.F.);
#6251=CARTESIAN_POINT('',(-54.519809045,66.899376986,-198.));
#6252=DIRECTION('',(0.,0.,-1.));
#6253=DIRECTION('',(-1.,0.,0.));
#6254=AXIS2_PLACEMENT_3D('',#6251,#6252,#6253);
#6255=CYLINDRICAL_SURFACE('',#6254,6.095754164);
#6256=ORIENTED_EDGE('',*,*,#4707,.F.);
#6257=CARTESIAN_POINT('',(-54.519809045,66.899376986,-56.));
#6258=DIRECTION('',(0.,0.,1.));
#6259=DIRECTION('',(1.,0.,-0.));
#6260=AXIS2_PLACEMENT_3D('',#6257,#6258,#6259);
#6261=CIRCLE('',#6260,6.095754164);
#6262=EDGE_CURVE('',#4694,#5227,#6261,.T.);
#6263=ORIENTED_EDGE('',*,*,#6262,.T.);
#6264=ORIENTED_EDGE('',*,*,#5234,.T.);
#6265=CARTESIAN_POINT('',(-54.519809045,66.899376986,-117.));
#6266=DIRECTION('',(-0.,-0.,-1.));
#6267=DIRECTION('',(1.,0.,-0.));
#6268=AXIS2_PLACEMENT_3D('',#6265,#6266,#6267);
#6269=CIRCLE('',#6268,6.095754164);
#6270=EDGE_CURVE('',#5229,#4702,#6269,.T.);
#6271=ORIENTED_EDGE('',*,*,#6270,.T.);
#6272=EDGE_LOOP('',(#6256,#6263,#6264,#6271));
#6273=FACE_BOUND('',#6272,.T.);
#6274=ADVANCED_FACE('',(#6273),#6255,.F.);
#6275=CARTESIAN_POINT('',(69.096950302,0.082636805,3.117030577));
#6276=DIRECTION('',(0.998983337,0.001194739,0.045065109));
#6277=DIRECTION('',(0.045065141,0.,-0.99898405));
#6278=AXIS2_PLACEMENT_3D('',#6275,#6276,#6277);
#6279=PLANE('',#6278);
#6280=CARTESIAN_POINT('',(78.444496386,71.93017744,-206.));
#6281=VERTEX_POINT('',#6280);
#6282=CARTESIAN_POINT('',(78.324068947,71.93017744,-203.330417983));
#6283=VERTEX_POINT('',#6282);
#6284=CARTESIAN_POINT('',(78.444496386,71.93017744,-206.));
#6285=DIRECTION('',(-0.045065141,0.,0.99898405));
#6286=VECTOR('',#6285,2.672296936);
#6287=LINE('',#6284,#6286);
#6288=EDGE_CURVE('',#6281,#6283,#6287,.T.);
#6289=ORIENTED_EDGE('',*,*,#6288,.F.);
#6290=CARTESIAN_POINT('',(78.444355125,72.04829296,-206.));
#6291=VERTEX_POINT('',#6290);
#6292=CARTESIAN_POINT('',(78.444355125,72.04829296,-206.));
#6293=DIRECTION('',(0.001195954,-0.999999285,0.));
#6294=VECTOR('',#6293,0.118115605);
#6295=LINE('',#6292,#6294);
#6296=EDGE_CURVE('',#6291,#6281,#6295,.T.);
#6297=ORIENTED_EDGE('',*,*,#6296,.F.);
#6298=CARTESIAN_POINT('',(78.444355111,72.048297532,-205.999999798));
#6299=DIRECTION('',(-0.044968477,-0.0441587,0.998011946));
#6300=VECTOR('',#6299,2.674899659);
#6301=LINE('',#6298,#6300);
#6302=EDGE_CURVE('',#6291,#6283,#6301,.T.);
#6303=ORIENTED_EDGE('',*,*,#6302,.T.);
#6304=EDGE_LOOP('',(#6289,#6297,#6303));
#6305=FACE_BOUND('',#6304,.T.);
#6306=ADVANCED_FACE('',(#6305),#6279,.T.);
#6307=CARTESIAN_POINT('',(0.107629059,-54.174198401,2.392630812));
#6308=DIRECTION('',(0.001984783,-0.999024161,0.044122406));
#6309=DIRECTION('',(0.,-0.044122493,-0.999026129));
#6310=AXIS2_PLACEMENT_3D('',#6307,#6308,#6309);
#6311=PLANE('',#6310);
#6312=CARTESIAN_POINT('',(60.11250119,-63.13542986,-203.207746979));
#6313=VERTEX_POINT('',#6312);
#6314=CARTESIAN_POINT('',(60.11250119,-63.258751124,-206.));
#6315=DIRECTION('',(0.,0.044122493,0.999026129));
#6316=VECTOR('',#6315,2.794974968);
#6317=LINE('',#6314,#6316);
#6318=EDGE_CURVE('',#6135,#6313,#6317,.T.);
#6319=ORIENTED_EDGE('',*,*,#6318,.F.);
#6320=ORIENTED_EDGE('',*,*,#6174,.F.);
#6321=CARTESIAN_POINT('',(60.238609615,-63.258500573,-205.999999804));
#6322=DIRECTION('',(-0.045074021,0.043988274,0.998014711));
#6323=VECTOR('',#6322,2.79780728);
#6324=LINE('',#6321,#6323);
#6325=EDGE_CURVE('',#6162,#6313,#6324,.T.);
#6326=ORIENTED_EDGE('',*,*,#6325,.T.);
#6327=EDGE_LOOP('',(#6319,#6320,#6326));
#6328=FACE_BOUND('',#6327,.T.);
#6329=ADVANCED_FACE('',(#6328),#6311,.T.);
#6330=CARTESIAN_POINT('',(-73.517540729,-88.167295272,0.998823284));
#6331=CARTESIAN_POINT('',(-73.517540729,-78.317935534,0.999212588));
#6332=CARTESIAN_POINT('',(-73.517540729,-68.468575795,0.999601891));
#6333=CARTESIAN_POINT('',(-73.517540729,-58.619216056,0.999991195));
#6334=CARTESIAN_POINT('',(-73.517540729,-9.372417363,1.001937713));
#6335=CARTESIAN_POINT('',(-73.517540729,39.87438133,0.997629649));
#6336=CARTESIAN_POINT('',(-73.517540729,89.121180024,0.999888804));
#6337=CARTESIAN_POINT('',(-23.255510129,-88.167295272,0.999119948));
#6338=CARTESIAN_POINT('',(-23.255510129,-78.317935534,0.999436989));
#6339=CARTESIAN_POINT('',(-23.255510129,-68.468575795,0.99975403));
#6340=CARTESIAN_POINT('',(-23.255510129,-58.619216056,1.000071071));
#6341=CARTESIAN_POINT('',(-23.255510129,-9.372417363,1.001656275));
#6342=CARTESIAN_POINT('',(-23.255510129,39.87438133,0.997489459));
#6343=CARTESIAN_POINT('',(-23.255510129,89.121180024,0.999859215));
#6344=CARTESIAN_POINT('',(27.006520471,-88.167295272,0.999416612));
#6345=CARTESIAN_POINT('',(27.006520471,-78.317935534,0.99966139));
#6346=CARTESIAN_POINT('',(27.006520471,-68.468575795,0.999906168));
#6347=CARTESIAN_POINT('',(27.006520471,-58.619216056,1.000150946));
#6348=CARTESIAN_POINT('',(27.006520471,-9.372417363,1.001374837));
#6349=CARTESIAN_POINT('',(27.006520471,39.87438133,0.99734927));
#6350=CARTESIAN_POINT('',(27.006520471,89.121180024,0.999829626));
#6351=CARTESIAN_POINT('',(77.268551071,-88.167295272,0.999713276));
#6352=CARTESIAN_POINT('',(77.268551071,-78.317935534,0.999885791));
#6353=CARTESIAN_POINT('',(77.268551071,-68.468575795,1.000058306));
#6354=CARTESIAN_POINT('',(77.268551071,-58.619216056,1.000230822));
#6355=CARTESIAN_POINT('',(77.268551071,-9.372417363,1.001093399));
#6356=CARTESIAN_POINT('',(77.268551071,39.87438133,0.997209081));
#6357=CARTESIAN_POINT('',(77.268551071,89.121180024,0.999800037));
#6358=CARTESIAN_POINT('',(87.320957191,-88.167295272,0.999772608));
#6359=CARTESIAN_POINT('',(87.320957191,-78.317935534,0.999930671));
#6360=CARTESIAN_POINT('',(87.320957191,-68.468575795,1.000088734));
#6361=CARTESIAN_POINT('',(87.320957191,-58.619216056,1.000246797));
#6362=CARTESIAN_POINT('',(87.320957191,-9.372417363,1.001037111));
#6363=CARTESIAN_POINT('',(87.320957191,39.87438133,0.997181043));
#6364=CARTESIAN_POINT('',(87.320957191,89.121180024,0.999794119));
#6365=CARTESIAN_POINT('',(97.373363311,-88.167295272,0.999831941));
#6366=CARTESIAN_POINT('',(97.373363311,-78.317935534,0.999975552));
#6367=CARTESIAN_POINT('',(97.373363311,-68.468575795,1.000119162));
#6368=CARTESIAN_POINT('',(97.373363311,-58.619216056,1.000262772));
#6369=CARTESIAN_POINT('',(97.373363311,-9.372417363,1.000980824));
#6370=CARTESIAN_POINT('',(97.373363311,39.87438133,0.997153005));
#6371=CARTESIAN_POINT('',(97.373363311,89.121180024,0.999788201));
#6372=CARTESIAN_POINT('',(107.425769431,-88.167295272,0.999891274));
#6373=CARTESIAN_POINT('',(107.425769431,-78.317935534,1.000020432));
#6374=CARTESIAN_POINT('',(107.425769431,-68.468575795,1.00014959));
#6375=CARTESIAN_POINT('',(107.425769431,-58.619216056,1.000278747));
#6376=CARTESIAN_POINT('',(107.425769431,-9.372417363,1.000924536));
#6377=CARTESIAN_POINT('',(107.425769431,39.87438133,0.997124967));
#6378=CARTESIAN_POINT('',(107.425769431,89.121180024,0.999782283));
#6379=B_SPLINE_SURFACE_WITH_KNOTS('',3,3,((#6330,#6331,#6332,#6333,#6334,#6335,#6336),(#6337,#6338,#6339,#6340,#6341,#6342,#6343),(#6344,#6345,#6346,#6347,#6348,#6349,#6350),(#6351,#6352,#6353,#6354,#6355,#6356,#6357),(#6358,#6359,#6360,#6361,#6362,#6363,#6364),(#6365,#6366,#6367,#6368,#6369,#6370,#6371),(#6372,#6373,#6374,#6375,#6376,#6377,#6378)),.UNSPECIFIED.,.F.,.F.,.U.,(4,3,4),(4,3,4),(-0.073521906,0.077264186,0.107421404),(-0.089781913,-0.060233834,0.087506562),.UNSPECIFIED.);
#6380=OFFSET_SURFACE('',#6379,-13.9,.F.);
#6381=ORIENTED_EDGE('',*,*,#4796,.T.);
#6382=ORIENTED_EDGE('',*,*,#4890,.F.);
#6383=ORIENTED_EDGE('',*,*,#4987,.T.);
#6384=ORIENTED_EDGE('',*,*,#5049,.F.);
#6385=ORIENTED_EDGE('',*,*,#5114,.T.);
#6386=ORIENTED_EDGE('',*,*,#5208,.F.);
#6387=ORIENTED_EDGE('',*,*,#5273,.T.);
#6388=ORIENTED_EDGE('',*,*,#5349,.F.);
#6389=EDGE_LOOP('',(#6381,#6382,#6383,#6384,#6385,#6386,#6387,#6388));
#6390=FACE_BOUND('',#6389,.T.);
#6391=ORIENTED_EDGE('',*,*,#4665,.T.);
#6392=ORIENTED_EDGE('',*,*,#6123,.F.);
#6393=ORIENTED_EDGE('',*,*,#2610,.T.);
#6394=ORIENTED_EDGE('',*,*,#6042,.F.);
#6395=CARTESIAN_POINT('',(69.863056748,-36.366215523,-12.899656624));
#6396=VERTEX_POINT('',#6395);
#6397=CARTESIAN_POINT('',(51.517485362,-54.7474565,-12.899737838));
#6398=CARTESIAN_POINT('',(52.730646999,-54.745046554,-12.899736532));
#6399=CARTESIAN_POINT('',(53.923376414,-54.623991962,-12.899733314));
#6400=CARTESIAN_POINT('',(55.096486092,-54.389010608,-12.899728582));
#6401=CARTESIAN_POINT('',(55.68304093,-54.271519931,-12.899726216));
#6402=CARTESIAN_POINT('',(56.264654646,-54.125337424,-12.899723472));
#6403=CARTESIAN_POINT('',(56.841212709,-53.949798051,-12.899720409));
#6404=CARTESIAN_POINT('',(57.417770773,-53.774258679,-12.899717345));
#6405=CARTESIAN_POINT('',(57.990909375,-53.568351237,-12.899713948));
#6406=CARTESIAN_POINT('',(58.546626432,-53.337219811,-12.899710379));
#6407=CARTESIAN_POINT('',(59.658060547,-52.874956958,-12.899703242));
#6408=CARTESIAN_POINT('',(60.712145351,-52.309695859,-12.899695366));
#6409=CARTESIAN_POINT('',(61.709383987,-51.642340148,-12.899687456));
#6410=CARTESIAN_POINT('',(61.958693646,-51.47550122,-12.899685479));
#6411=CARTESIAN_POINT('',(62.204418567,-51.302224174,-12.8996835));
#6412=CARTESIAN_POINT('',(62.446501572,-51.122406317,-12.89968153));
#6413=CARTESIAN_POINT('',(62.688584578,-50.94258846,-12.89967956));
#6414=CARTESIAN_POINT('',(62.927616643,-50.755735565,-12.899677595));
#6415=CARTESIAN_POINT('',(63.161428037,-50.563432869,-12.899675663));
#6416=CARTESIAN_POINT('',(63.629050825,-50.178827478,-12.899671799));
#6417=CARTESIAN_POINT('',(64.074040094,-49.774167092,-12.899668085));
#6418=CARTESIAN_POINT('',(64.497109047,-49.350083663,-12.8996646));
#6419=CARTESIAN_POINT('',(65.343246953,-48.501916805,-12.899657629));
#6420=CARTESIAN_POINT('',(66.102322729,-47.576606375,-12.899651576));
#6421=CARTESIAN_POINT('',(66.772340252,-46.572383659,-12.899647029));
#6422=CARTESIAN_POINT('',(66.939844633,-46.32132798,-12.899645893));
#6423=CARTESIAN_POINT('',(67.102156193,-46.064557551,-12.899644848));
#6424=CARTESIAN_POINT('',(67.257382589,-45.804978475,-12.899643914));
#6425=CARTESIAN_POINT('',(67.412608984,-45.545399399,-12.899642981));
#6426=CARTESIAN_POINT('',(67.560844837,-45.282965399,-12.899642157));
#6427=CARTESIAN_POINT('',(67.702221343,-45.017730054,-12.899641448));
#6428=CARTESIAN_POINT('',(67.984974353,-44.487259366,-12.899640029));
#6429=CARTESIAN_POINT('',(68.240338417,-43.945603085,-12.899639066));
#6430=CARTESIAN_POINT('',(68.468747262,-43.392938346,-12.899638585));
#6431=CARTESIAN_POINT('',(68.697156106,-42.840273606,-12.899638105));
#6432=CARTESIAN_POINT('',(68.898609307,-42.276600234,-12.899638107));
#6433=CARTESIAN_POINT('',(69.07276292,-41.701777765,-12.899638616));
#6434=CARTESIAN_POINT('',(69.159839727,-41.41436653,-12.899638871));
#6435=CARTESIAN_POINT('',(69.240079603,-41.124163106,-12.899639252));
#6436=CARTESIAN_POINT('',(69.313363627,-40.831118926,-12.899639763));
#6437=CARTESIAN_POINT('',(69.386647652,-40.538074746,-12.899640273));
#6438=CARTESIAN_POINT('',(69.453064755,-40.241620888,-12.899640915));
#6439=CARTESIAN_POINT('',(69.511894775,-39.944804612,-12.899641683));
#6440=CARTESIAN_POINT('',(69.747214855,-38.757539506,-12.899644752));
#6441=CARTESIAN_POINT('',(69.864494359,-37.557358078,-12.899649828));
#6442=CARTESIAN_POINT('',(69.863043451,-36.344184843,-12.89965675));
#6443=B_SPLINE_CURVE_WITH_KNOTS('',3,(#6397,#6398,#6399,#6400,#6401,#6402,#6403,#6404,#6405,#6406,#6407,#6408,#6409,#6410,#6411,#6412,#6413,#6414,#6415,#6416,#6417,#6418,#6419,#6420,#6421,#6422,
#6423,#6424,#6425,#6426,#6427,#6428,#6429,#6430,#6431,#6432,#6433,#6434,#6435,#6436,#6437,#6438,#6439,#6440,#6441,#6442),.UNSPECIFIED.,.F.,.F.,(4,3,3,3,3,3,3,3,3,3,3,3,3,3,3,4),(0.,0.003587914,0.005381872,0.007175829,0.010763743,0.011660722,0.0125577,0.014351658,0.017939572,0.018836551,0.019733529,0.021527486,0.023321444,0.024218422,0.025115401,0.028703315),.UNSPECIFIED.);
#6444=EDGE_CURVE('',#6030,#6396,#6443,.T.);
#6445=ORIENTED_EDGE('',*,*,#6444,.T.);
#6446=CARTESIAN_POINT('',(51.517485362,-54.7474565,-12.899737838));
#6447=CARTESIAN_POINT('',(52.730646999,-54.745046554,-12.899736532));
#6448=CARTESIAN_POINT('',(53.923376414,-54.623991962,-12.899733314));
#6449=CARTESIAN_POINT('',(55.096486092,-54.389010608,-12.899728582));
#6450=CARTESIAN_POINT('',(55.68304093,-54.271519931,-12.899726216));
#6451=CARTESIAN_POINT('',(56.264654646,-54.125337424,-12.899723472));
#6452=CARTESIAN_POINT('',(56.841212709,-53.949798051,-12.899720409));
#6453=CARTESIAN_POINT('',(57.417770773,-53.774258679,-12.899717345));
#6454=CARTESIAN_POINT('',(57.990909375,-53.568351237,-12.899713948));
#6455=CARTESIAN_POINT('',(58.546626432,-53.337219811,-12.899710379));
#6456=CARTESIAN_POINT('',(59.658060547,-52.874956958,-12.899703242));
#6457=CARTESIAN_POINT('',(60.712145351,-52.309695859,-12.899695366));
#6458=CARTESIAN_POINT('',(61.709383987,-51.642340148,-12.899687456));
#6459=CARTESIAN_POINT('',(61.958693646,-51.47550122,-12.899685479));
#6460=CARTESIAN_POINT('',(62.204418567,-51.302224174,-12.8996835));
#6461=CARTESIAN_POINT('',(62.446501572,-51.122406317,-12.89968153));
#6462=CARTESIAN_POINT('',(62.688584578,-50.94258846,-12.89967956));
#6463=CARTESIAN_POINT('',(62.927616643,-50.755735565,-12.899677595));
#6464=CARTESIAN_POINT('',(63.161428037,-50.563432869,-12.899675663));
#6465=CARTESIAN_POINT('',(63.629050825,-50.178827478,-12.899671799));
#6466=CARTESIAN_POINT('',(64.074040094,-49.774167092,-12.899668085));
#6467=CARTESIAN_POINT('',(64.497109047,-49.350083663,-12.8996646));
#6468=CARTESIAN_POINT('',(65.343246953,-48.501916805,-12.899657629));
#6469=CARTESIAN_POINT('',(66.102322729,-47.576606375,-12.899651576));
#6470=CARTESIAN_POINT('',(66.772340252,-46.572383659,-12.899647029));
#6471=CARTESIAN_POINT('',(66.939844633,-46.32132798,-12.899645893));
#6472=CARTESIAN_POINT('',(67.102156193,-46.064557551,-12.899644848));
#6473=CARTESIAN_POINT('',(67.257382589,-45.804978475,-12.899643914));
#6474=CARTESIAN_POINT('',(67.412608984,-45.545399399,-12.899642981));
#6475=CARTESIAN_POINT('',(67.560844837,-45.282965399,-12.899642157));
#6476=CARTESIAN_POINT('',(67.702221343,-45.017730054,-12.899641448));
#6477=CARTESIAN_POINT('',(67.984974353,-44.487259366,-12.899640029));
#6478=CARTESIAN_POINT('',(68.240338417,-43.945603085,-12.899639066));
#6479=CARTESIAN_POINT('',(68.468747262,-43.392938346,-12.899638585));
#6480=CARTESIAN_POINT('',(68.697156106,-42.840273606,-12.899638105));
#6481=CARTESIAN_POINT('',(68.898609307,-42.276600234,-12.899638107));
#6482=CARTESIAN_POINT('',(69.07276292,-41.701777765,-12.899638616));
#6483=CARTESIAN_POINT('',(69.159839727,-41.41436653,-12.899638871));
#6484=CARTESIAN_POINT('',(69.240079603,-41.124163106,-12.899639252));
#6485=CARTESIAN_POINT('',(69.313363627,-40.831118926,-12.899639763));
#6486=CARTESIAN_POINT('',(69.386647652,-40.538074746,-12.899640273));
#6487=CARTESIAN_POINT('',(69.453064755,-40.241620888,-12.899640915));
#6488=CARTESIAN_POINT('',(69.511894775,-39.944804612,-12.899641683));
#6489=CARTESIAN_POINT('',(69.747214855,-38.757539506,-12.899644752));
#6490=CARTESIAN_POINT('',(69.864494359,-37.557358078,-12.899649828));
#6491=CARTESIAN_POINT('',(69.863043451,-36.344184843,-12.89965675));
#6492=B_SPLINE_CURVE_WITH_KNOTS('',3,(#6446,#6447,#6448,#6449,#6450,#6451,#6452,#6453,#6454,#6455,#6456,#6457,#6458,#6459,#6460,#6461,#6462,#6463,#6464,#6465,#6466,#6467,#6468,#6469,#6470,#6471,
#6472,#6473,#6474,#6475,#6476,#6477,#6478,#6479,#6480,#6481,#6482,#6483,#6484,#6485,#6486,#6487,#6488,#6489,#6490,#6491),.UNSPECIFIED.,.F.,.F.,(4,3,3,3,3,3,3,3,3,3,3,3,3,3,3,4),(0.,0.003587914,0.005381872,0.007175829,0.010763743,0.011660722,0.0125577,0.014351658,0.017939572,0.018836551,0.019733529,0.021527486,0.023321444,0.024218422,0.025115401,0.028703315),.UNSPECIFIED.);
#6493=EDGE_CURVE('',#6396,#6094,#6492,.T.);
#6494=ORIENTED_EDGE('',*,*,#6493,.T.);
#6495=ORIENTED_EDGE('',*,*,#6100,.F.);
#6496=CARTESIAN_POINT('',(69.743690212,63.504306326,-12.901009143));
#6497=CARTESIAN_POINT('',(69.74223817,64.718082717,-12.900992699));
#6498=CARTESIAN_POINT('',(69.621992087,65.911497481,-12.900973579));
#6499=CARTESIAN_POINT('',(69.387675646,67.085360272,-12.900951946));
#6500=CARTESIAN_POINT('',(69.270517426,67.672291667,-12.900941129));
#6501=CARTESIAN_POINT('',(69.124630997,68.254298968,-12.900929684));
#6502=CARTESIAN_POINT('',(68.94934907,68.8312678,-12.900917634));
#6503=CARTESIAN_POINT('',(68.774067143,69.408236632,-12.900905585));
#6504=CARTESIAN_POINT('',(68.568386946,69.981778084,-12.900892886));
#6505=CARTESIAN_POINT('',(68.337449617,70.537887505,-12.900879909));
#6506=CARTESIAN_POINT('',(67.875574958,71.650106346,-12.900853955));
#6507=CARTESIAN_POINT('',(67.310552726,72.704999561,-12.90082665));
#6508=CARTESIAN_POINT('',(66.643274408,73.703062606,-12.900798672));
#6509=CARTESIAN_POINT('',(66.476454828,73.952578367,-12.900791678));
#6510=CARTESIAN_POINT('',(66.30318689,74.198510368,-12.900784643));
#6511=CARTESIAN_POINT('',(66.123367392,74.440801253,-12.900777578));
#6512=CARTESIAN_POINT('',(65.943547893,74.683092137,-12.900770513));
#6513=CARTESIAN_POINT('',(65.756673744,74.922343327,-12.900763401));
#6514=CARTESIAN_POINT('',(65.564375343,75.156329885,-12.900756319));
#6515=CARTESIAN_POINT('',(65.179778543,75.624303002,-12.900742156));
#6516=CARTESIAN_POINT('',(64.775091673,76.069640015,-12.900728168));
#6517=CARTESIAN_POINT('',(64.350945917,76.493052095,-12.900714459));
#6518=CARTESIAN_POINT('',(63.502654404,77.339876256,-12.900687043));
#6519=CARTESIAN_POINT('',(62.577077755,78.099620854,-12.900660734));
#6520=CARTESIAN_POINT('',(61.572422278,78.77026488,-12.900636472));
#6521=CARTESIAN_POINT('',(61.321258409,78.937925887,-12.900630407));
#6522=CARTESIAN_POINT('',(61.06437194,79.100388604,-12.900624455));
#6523=CARTESIAN_POINT('',(60.804718898,79.255732933,-12.9006187));
#6524=CARTESIAN_POINT('',(60.545065857,79.411077263,-12.900612944));
#6525=CARTESIAN_POINT('',(60.282550128,79.559428785,-12.900607382));
#6526=CARTESIAN_POINT('',(60.017225219,79.700918204,-12.900602021));
#6527=CARTESIAN_POINT('',(59.486575399,79.983897041,-12.900591299));
#6528=CARTESIAN_POINT('',(58.94470871,80.239475961,-12.900581384));
#6529=CARTESIAN_POINT('',(58.391800903,80.468084279,-12.900572354));
#6530=CARTESIAN_POINT('',(57.838893096,80.696692596,-12.900563323));
#6531=CARTESIAN_POINT('',(57.274944016,80.898329935,-12.900555177));
#6532=CARTESIAN_POINT('',(56.699810578,81.072646776,-12.900548));
#6533=CARTESIAN_POINT('',(56.41224386,81.159805196,-12.900544412));
#6534=CARTESIAN_POINT('',(56.121876116,81.240121435,-12.900541066));
#6535=CARTESIAN_POINT('',(55.828658307,81.313475701,-12.900537975));
#6536=CARTESIAN_POINT('',(55.535440499,81.386829967,-12.900534884));
#6537=CARTESIAN_POINT('',(55.23883151,81.453304017,-12.900532044));
#6538=CARTESIAN_POINT('',(54.941893065,81.512178563,-12.900529491));
#6539=CARTESIAN_POINT('',(53.754139288,81.747676748,-12.90051928));
#6540=CARTESIAN_POINT('',(52.553409981,81.865058263,-12.900513561));
#6541=CARTESIAN_POINT('',(51.339626396,81.86360626,-12.900512505));
#6542=B_SPLINE_CURVE_WITH_KNOTS('',3,(#6496,#6497,#6498,#6499,#6500,#6501,#6502,#6503,#6504,#6505,#6506,#6507,#6508,#6509,#6510,#6511,#6512,#6513,#6514,#6515,#6516,#6517,#6518,#6519,#6520,#6521,
#6522,#6523,#6524,#6525,#6526,#6527,#6528,#6529,#6530,#6531,#6532,#6533,#6534,#6535,#6536,#6537,#6538,#6539,#6540,#6541),.UNSPECIFIED.,.F.,.F.,(4,3,3,3,3,3,3,3,3,3,3,3,3,3,3,4),(0.,0.003589726,0.00538459,0.007179453,0.010769179,0.011666611,0.012564042,0.014358906,0.017948632,0.018846064,0.019743495,0.021538359,0.023333222,0.024230653,0.025128085,0.028717811),.UNSPECIFIED.);
#6543=EDGE_CURVE('',#6086,#2904,#6542,.T.);
#6544=ORIENTED_EDGE('',*,*,#6543,.T.);
#6545=ORIENTED_EDGE('',*,*,#2910,.F.);
#6546=EDGE_LOOP('',(#6391,#6392,#6393,#6394,#6445,#6494,#6495,#6544,#6545));
#6547=FACE_BOUND('',#6546,.T.);
#6548=ADVANCED_FACE('',(#6390,#6547),#6380,.T.);
#6549=CARTESIAN_POINT('',(0.,0.,-206.));
#6550=DIRECTION('',(0.,0.,1.));
#6551=DIRECTION('',(1.,0.,0.));
#6552=AXIS2_PLACEMENT_3D('',#6549,#6550,#6551);
#6553=PLANE('',#6552);
#6554=CARTESIAN_POINT('',(66.069073382,89.399979514,-206.));
#6555=VERTEX_POINT('',#6554);
#6556=CARTESIAN_POINT('',(60.025699661,71.989625105,-206.));
#6557=DIRECTION('',(0.,0.,1.));
#6558=DIRECTION('',(-0.713501845,-0.70065335,0.));
#6559=AXIS2_PLACEMENT_3D('',#6556,#6557,#6558);
#6560=ELLIPSE('',#6559,18.436653053,18.4);
#6561=EDGE_CURVE('',#6291,#6555,#6560,.T.);
#6562=ORIENTED_EDGE('',*,*,#6561,.F.);
#6563=ORIENTED_EDGE('',*,*,#6296,.T.);
#6564=CARTESIAN_POINT('',(69.11250119,71.93017744,-206.));
#6565=VERTEX_POINT('',#6564);
#6566=CARTESIAN_POINT('',(78.444496386,71.93017744,-206.));
#6567=DIRECTION('',(-1.,0.,0.));
#6568=VECTOR('',#6567,9.331995197);
#6569=LINE('',#6566,#6568);
#6570=EDGE_CURVE('',#6281,#6565,#6569,.T.);
#6571=ORIENTED_EDGE('',*,*,#6570,.T.);
#6572=CARTESIAN_POINT('',(69.11250119,80.93017744,-206.));
#6573=DIRECTION('',(-0.,-0.,-1.));
#6574=DIRECTION('',(1.,0.,-0.));
#6575=AXIS2_PLACEMENT_3D('',#6572,#6573,#6574);
#6576=CIRCLE('',#6575,9.);
#6577=EDGE_CURVE('',#6565,#6555,#6576,.T.);
#6578=ORIENTED_EDGE('',*,*,#6577,.T.);
#6579=EDGE_LOOP('',(#6562,#6563,#6571,#6578));
#6580=FACE_BOUND('',#6579,.T.);
#6581=ADVANCED_FACE('',(#6580),#6553,.F.);
#6582=CARTESIAN_POINT('',(50.516274583,62.651442469,5.048282451));
#6583=DIRECTION('',(-0.044968477,-0.0441587,0.998011946));
#6584=DIRECTION('',(0.998986429,-0.,0.045012385));
#6585=AXIS2_PLACEMENT_3D('',#6582,#6583,#6584);
#6586=CYLINDRICAL_SURFACE('',#6585,18.4);
#6587=ORIENTED_EDGE('',*,*,#2916,.F.);
#6588=ORIENTED_EDGE('',*,*,#6543,.F.);
#6589=ORIENTED_EDGE('',*,*,#6091,.F.);
#6590=ORIENTED_EDGE('',*,*,#5960,.F.);
#6591=CARTESIAN_POINT('',(59.965161852,71.93017744,-204.656448683));
#6592=DIRECTION('',(-0.,-1.,0.));
#6593=DIRECTION('',(-0.045012385,0.,0.998986429));
#6594=AXIS2_PLACEMENT_3D('',#6591,#6592,#6593);
#6595=ELLIPSE('',#6594,416.67893132,18.4);
#6596=EDGE_CURVE('',#6283,#5946,#6595,.T.);
#6597=ORIENTED_EDGE('',*,*,#6596,.F.);
#6598=ORIENTED_EDGE('',*,*,#6302,.F.);
#6599=ORIENTED_EDGE('',*,*,#6561,.T.);
#6600=CARTESIAN_POINT('',(64.08391167,88.394310842,-178.));
#6601=VERTEX_POINT('',#6600);
#6602=CARTESIAN_POINT('',(64.08391167,88.394310842,-178.));
#6603=CARTESIAN_POINT('',(64.360956591,88.580956111,-182.669645048));
#6604=CARTESIAN_POINT('',(64.660318768,88.760526751,-187.338078101));
#6605=CARTESIAN_POINT('',(64.988457465,88.929693885,-192.004996608));
#6606=CARTESIAN_POINT('',(65.316596162,89.09886102,-196.671915114));
#6607=CARTESIAN_POINT('',(65.673336551,89.257780622,-201.337299487));
#6608=CARTESIAN_POINT('',(66.069073382,89.399979514,-206.));
#6609=B_SPLINE_CURVE_WITH_KNOTS('',3,(#6602,#6603,#6604,#6605,#6606,#6607,#6608),.UNSPECIFIED.,.F.,.F.,(4,3,4),(0.,0.014044364,0.028088728),.UNSPECIFIED.);
#6610=EDGE_CURVE('',#6601,#6555,#6609,.T.);
#6611=ORIENTED_EDGE('',*,*,#6610,.F.);
#6612=CARTESIAN_POINT('',(58.764074155,70.750718515,-178.000000629));
#6613=DIRECTION('',(-0.,-0.,-1.));
#6614=DIRECTION('',(-0.713501845,-0.70065335,0.));
#6615=AXIS2_PLACEMENT_3D('',#6612,#6613,#6614);
#6616=ELLIPSE('',#6615,18.436653053,18.4);
#6617=EDGE_CURVE('',#2888,#6601,#6616,.T.);
#6618=ORIENTED_EDGE('',*,*,#6617,.F.);
#6619=EDGE_LOOP('',(#6587,#6588,#6589,#6590,#6597,#6598,#6599,#6611,#6618));
#6620=FACE_BOUND('',#6619,.T.);
#6621=ADVANCED_FACE('',(#6620),#6586,.T.);
#6622=CARTESIAN_POINT('',(50.687465842,-35.591021476,3.857934637));
#6623=DIRECTION('',(-0.045074021,0.043988274,0.998014711));
#6624=DIRECTION('',(0.998981678,0.,0.045117693));
#6625=AXIS2_PLACEMENT_3D('',#6622,#6623,#6624);
#6626=CYLINDRICAL_SURFACE('',#6625,18.4);
#6627=CARTESIAN_POINT('',(69.863056623,-36.366215523,-12.89965663));
#6628=DIRECTION('',(0.045074021,-0.043988274,-0.998014711));
#6629=VECTOR('',#6628,165.428767201);
#6630=LINE('',#6627,#6629);
#6631=EDGE_CURVE('',#6396,#5971,#6630,.T.);
#6632=ORIENTED_EDGE('',*,*,#6631,.T.);
#6633=ORIENTED_EDGE('',*,*,#5977,.F.);
#6634=ORIENTED_EDGE('',*,*,#6106,.F.);
#6635=ORIENTED_EDGE('',*,*,#6493,.F.);
#6636=EDGE_LOOP('',(#6632,#6633,#6634,#6635));
#6637=FACE_BOUND('',#6636,.T.);
#6638=ADVANCED_FACE('',(#6637),#6626,.T.);
#6639=CARTESIAN_POINT('',(52.761394531,65.482251346,-53.));
#6640=DIRECTION('',(0.,0.,1.));
#6641=DIRECTION('',(1.,0.,-0.));
#6642=AXIS2_PLACEMENT_3D('',#6639,#6640,#6641);
#6643=CYLINDRICAL_SURFACE('',#6642,2.5);
#6644=CARTESIAN_POINT('',(55.261394531,65.482251346,-38.));
#6645=VERTEX_POINT('',#6644);
#6646=CARTESIAN_POINT('',(55.261394531,65.482251346,-52.));
#6647=VERTEX_POINT('',#6646);
#6648=CARTESIAN_POINT('',(55.261394531,65.482251346,-38.));
#6649=DIRECTION('',(-0.,-0.,-1.));
#6650=VECTOR('',#6649,14.);
#6651=LINE('',#6648,#6650);
#6652=EDGE_CURVE('',#6645,#6647,#6651,.T.);
#6653=ORIENTED_EDGE('',*,*,#6652,.F.);
#6654=CARTESIAN_POINT('',(52.761394531,65.482251346,-38.));
#6655=DIRECTION('',(0.,0.,1.));
#6656=DIRECTION('',(1.,0.,-0.));
#6657=AXIS2_PLACEMENT_3D('',#6654,#6655,#6656);
#6658=CIRCLE('',#6657,2.5);
#6659=EDGE_CURVE('',#6645,#6645,#6658,.T.);
#6660=ORIENTED_EDGE('',*,*,#6659,.T.);
#6661=ORIENTED_EDGE('',*,*,#6652,.T.);
#6662=CARTESIAN_POINT('',(52.761394531,65.482251346,-52.));
#6663=DIRECTION('',(0.,0.,1.));
#6664=DIRECTION('',(1.,0.,-0.));
#6665=AXIS2_PLACEMENT_3D('',#6662,#6663,#6664);
#6666=CIRCLE('',#6665,2.5);
#6667=EDGE_CURVE('',#6647,#6647,#6666,.T.);
#6668=ORIENTED_EDGE('',*,*,#6667,.F.);
#6669=EDGE_LOOP('',(#6653,#6660,#6661,#6668));
#6670=FACE_BOUND('',#6669,.T.);
#6671=ADVANCED_FACE('',(#6670),#6643,.F.);
#6672=CARTESIAN_POINT('',(0.,0.,-52.));
#6673=DIRECTION('',(0.,0.,1.));
#6674=DIRECTION('',(0.,-1.,0.));
#6675=AXIS2_PLACEMENT_3D('',#6672,#6673,#6674);
#6676=PLANE('',#6675);
#6677=ORIENTED_EDGE('',*,*,#6667,.T.);
#6678=EDGE_LOOP('',(#6677));
#6679=FACE_BOUND('',#6678,.T.);
#6680=CARTESIAN_POINT('',(55.894030264,68.546268901,-52.));
#6681=VERTEX_POINT('',#6680);
#6682=CARTESIAN_POINT('',(56.494014487,67.586219843,-52.));
#6683=VERTEX_POINT('',#6682);
#6684=CARTESIAN_POINT('',(54.655359867,67.104654731,-52.));
#6685=DIRECTION('',(-0.,-0.,-1.));
#6686=DIRECTION('',(1.,0.,-0.));
#6687=AXIS2_PLACEMENT_3D('',#6684,#6685,#6686);
#6688=CIRCLE('',#6687,1.900672451);
#6689=EDGE_CURVE('',#6681,#6683,#6688,.T.);
#6690=ORIENTED_EDGE('',*,*,#6689,.T.);
#6691=CARTESIAN_POINT('',(56.494014487,39.015991404,-52.));
#6692=VERTEX_POINT('',#6691);
#6693=CARTESIAN_POINT('',(56.494014487,67.586219843,-52.));
#6694=DIRECTION('',(0.,-1.,0.));
#6695=VECTOR('',#6694,28.57022844);
#6696=LINE('',#6693,#6695);
#6697=EDGE_CURVE('',#6683,#6692,#6696,.T.);
#6698=ORIENTED_EDGE('',*,*,#6697,.T.);
#6699=CARTESIAN_POINT('',(35.871733555,64.,-52.));
#6700=VERTEX_POINT('',#6699);
#6701=CARTESIAN_POINT('',(0.056119636,13.434085995,-52.));
#6702=DIRECTION('',(0.,0.,1.));
#6703=DIRECTION('',(1.,0.,-0.));
#6704=AXIS2_PLACEMENT_3D('',#6701,#6702,#6703);
#6705=CIRCLE('',#6704,61.965069673);
#6706=EDGE_CURVE('',#6692,#6700,#6705,.T.);
#6707=ORIENTED_EDGE('',*,*,#6706,.T.);
#6708=CARTESIAN_POINT('',(46.60511253,64.,-52.));
#6709=VERTEX_POINT('',#6708);
#6710=CARTESIAN_POINT('',(35.871733555,64.,-52.));
#6711=DIRECTION('',(1.,0.,-0.));
#6712=VECTOR('',#6711,10.733378976);
#6713=LINE('',#6710,#6712);
#6714=EDGE_CURVE('',#6700,#6709,#6713,.T.);
#6715=ORIENTED_EDGE('',*,*,#6714,.T.);
#6716=CARTESIAN_POINT('',(46.60511253,68.533223016,-52.));
#6717=VERTEX_POINT('',#6716);
#6718=CARTESIAN_POINT('',(46.60511253,64.,-52.));
#6719=DIRECTION('',(0.,1.,0.));
#6720=VECTOR('',#6719,4.533223016);
#6721=LINE('',#6718,#6720);
#6722=EDGE_CURVE('',#6709,#6717,#6721,.T.);
#6723=ORIENTED_EDGE('',*,*,#6722,.T.);
#6724=CARTESIAN_POINT('',(46.60511253,68.533223016,-52.));
#6725=DIRECTION('',(0.999999014,0.001404456,0.));
#6726=VECTOR('',#6725,9.288926895);
#6727=LINE('',#6724,#6726);
#6728=EDGE_CURVE('',#6717,#6681,#6727,.T.);
#6729=ORIENTED_EDGE('',*,*,#6728,.T.);
#6730=EDGE_LOOP('',(#6690,#6698,#6707,#6715,#6723,#6729));
#6731=FACE_BOUND('',#6730,.T.);
#6732=ADVANCED_FACE('',(#6679,#6731),#6676,.F.);
#6733=CARTESIAN_POINT('',(0.,0.,-38.));
#6734=DIRECTION('',(0.,0.,1.));
#6735=DIRECTION('',(0.,-1.,0.));
#6736=AXIS2_PLACEMENT_3D('',#6733,#6734,#6735);
#6737=PLANE('',#6736);
#6738=CARTESIAN_POINT('',(35.871733555,64.,-38.));
#6739=VERTEX_POINT('',#6738);
#6740=CARTESIAN_POINT('',(46.60511253,64.,-38.));
#6741=VERTEX_POINT('',#6740);
#6742=CARTESIAN_POINT('',(35.871733555,64.,-38.));
#6743=DIRECTION('',(1.,0.,-0.));
#6744=VECTOR('',#6743,10.733378976);
#6745=LINE('',#6742,#6744);
#6746=EDGE_CURVE('',#6739,#6741,#6745,.T.);
#6747=ORIENTED_EDGE('',*,*,#6746,.F.);
#6748=CARTESIAN_POINT('',(0.056119636,13.434085995,-38.));
#6749=DIRECTION('',(0.,0.,1.));
#6750=DIRECTION('',(1.,0.,-0.));
#6751=AXIS2_PLACEMENT_3D('',#6748,#6749,#6750);
#6752=CIRCLE('',#6751,61.965069673);
#6753=EDGE_CURVE('',#4909,#6739,#6752,.T.);
#6754=ORIENTED_EDGE('',*,*,#6753,.F.);
#6755=ORIENTED_EDGE('',*,*,#4994,.F.);
#6756=ORIENTED_EDGE('',*,*,#4898,.T.);
#6757=ORIENTED_EDGE('',*,*,#4779,.F.);
#6758=CARTESIAN_POINT('',(46.60511253,64.,-38.));
#6759=DIRECTION('',(0.,1.,0.));
#6760=VECTOR('',#6759,8.533226961);
#6761=LINE('',#6758,#6760);
#6762=EDGE_CURVE('',#6741,#4766,#6761,.T.);
#6763=ORIENTED_EDGE('',*,*,#6762,.F.);
#6764=EDGE_LOOP('',(#6747,#6754,#6755,#6756,#6757,#6763));
#6765=FACE_BOUND('',#6764,.T.);
#6766=ORIENTED_EDGE('',*,*,#6659,.F.);
#6767=EDGE_LOOP('',(#6766));
#6768=FACE_BOUND('',#6767,.T.);
#6769=ADVANCED_FACE('',(#6765,#6768),#6737,.T.);
#6770=CARTESIAN_POINT('',(0.056119636,13.434085995,-25.));
#6771=DIRECTION('',(0.,0.,-1.));
#6772=DIRECTION('',(-1.,0.,0.));
#6773=AXIS2_PLACEMENT_3D('',#6770,#6771,#6772);
#6774=CYLINDRICAL_SURFACE('',#6773,61.965069673);
#6775=CARTESIAN_POINT('',(35.871733555,64.,-52.));
#6776=DIRECTION('',(-0.,-0.,1.));
#6777=VECTOR('',#6776,14.);
#6778=LINE('',#6775,#6777);
#6779=EDGE_CURVE('',#6700,#6739,#6778,.T.);
#6780=ORIENTED_EDGE('',*,*,#6779,.F.);
#6781=ORIENTED_EDGE('',*,*,#6706,.F.);
#6782=CARTESIAN_POINT('',(56.494014487,39.015991404,-52.));
#6783=CARTESIAN_POINT('',(56.969512133,37.966965316,-52.));
#6784=CARTESIAN_POINT('',(57.409999701,36.917604743,-52.082299909));
#6785=CARTESIAN_POINT('',(57.818491401,35.865721414,-52.225644306));
#6786=CARTESIAN_POINT('',(58.226983102,34.813838085,-52.368988703));
#6787=CARTESIAN_POINT('',(58.603416373,33.759403358,-52.573345419));
#6788=CARTESIAN_POINT('',(58.948946003,32.703358477,-52.841945021));
#6789=CARTESIAN_POINT('',(59.121710818,32.175336036,-52.976244822));
#6790=CARTESIAN_POINT('',(59.287087422,31.645720307,-53.127275755));
#6791=CARTESIAN_POINT('',(59.443754015,31.119637791,-53.298327053));
#6792=CARTESIAN_POINT('',(59.600420609,30.593555275,-53.469378351));
#6793=CARTESIAN_POINT('',(59.748443489,30.070733802,-53.6597757));
#6794=CARTESIAN_POINT('',(59.886555936,29.558252692,-53.880881666));
#6795=CARTESIAN_POINT('',(59.955612159,29.302012137,-53.991434648));
#6796=CARTESIAN_POINT('',(60.022132161,29.048603879,-54.109674845));
#6797=CARTESIAN_POINT('',(60.085821971,28.799784713,-54.239625325));
#6798=CARTESIAN_POINT('',(60.149511781,28.550965546,-54.369575806));
#6799=CARTESIAN_POINT('',(60.210021737,28.30804715,-54.510044869));
#6800=CARTESIAN_POINT('',(60.26633816,28.076471212,-54.669746601));
#6801=CARTESIAN_POINT('',(60.294496371,27.960683243,-54.749597467));
#6802=CARTESIAN_POINT('',(60.321658721,27.84751718,-54.834550505));
#6803=CARTESIAN_POINT('',(60.347304018,27.739432734,-54.926612937));
#6804=CARTESIAN_POINT('',(60.372949315,27.631348288,-55.018675369));
#6805=CARTESIAN_POINT('',(60.39690795,27.529054777,-55.116985187));
#6806=CARTESIAN_POINT('',(60.418368727,27.436540929,-55.225762442));
#6807=CARTESIAN_POINT('',(60.439829504,27.344027081,-55.334539697));
#6808=CARTESIAN_POINT('',(60.458426459,27.262858353,-55.451978392));
#6809=CARTESIAN_POINT('',(60.472034669,27.203148064,-55.581245381));
#6810=CARTESIAN_POINT('',(60.478838774,27.17329292,-55.645878875));
#6811=CARTESIAN_POINT('',(60.484446302,27.148585225,-55.714667278));
#6812=CARTESIAN_POINT('',(60.488232097,27.131883007,-55.784998421));
#6813=CARTESIAN_POINT('',(60.492017893,27.115180789,-55.855329564));
#6814=CARTESIAN_POINT('',(60.494014487,27.106347166,-55.926944419));
#6815=CARTESIAN_POINT('',(60.494014487,27.106347166,-56.));
#6816=B_SPLINE_CURVE_WITH_KNOTS('',3,(#6782,#6783,#6784,#6785,#6786,#6787,#6788,#6789,#6790,#6791,#6792,#6793,#6794,#6795,#6796,#6797,#6798,#6799,#6800,#6801,#6802,#6803,#6804,#6805,#6806,#6807,
#6808,#6809,#6810,#6811,#6812,#6813,#6814,#6815),.UNSPECIFIED.,.F.,.F.,(4,3,3,3,3,3,3,3,3,3,3,4),(0.,0.003411685,0.006823369,0.008529212,0.010235054,0.011087975,0.011940897,0.012367357,0.012793818,0.013220278,0.013433509,0.013646739),.UNSPECIFIED.);
#6817=EDGE_CURVE('',#6692,#4911,#6816,.T.);
#6818=ORIENTED_EDGE('',*,*,#6817,.T.);
#6819=ORIENTED_EDGE('',*,*,#4916,.F.);
#6820=ORIENTED_EDGE('',*,*,#6753,.T.);
#6821=EDGE_LOOP('',(#6780,#6781,#6818,#6819,#6820));
#6822=FACE_BOUND('',#6821,.T.);
#6823=ADVANCED_FACE('',(#6822),#6774,.F.);
#6824=CARTESIAN_POINT('',(-52.807159722,65.366774797,-53.));
#6825=DIRECTION('',(0.,0.,1.));
#6826=DIRECTION('',(1.,0.,-0.));
#6827=AXIS2_PLACEMENT_3D('',#6824,#6825,#6826);
#6828=CYLINDRICAL_SURFACE('',#6827,2.5);
#6829=CARTESIAN_POINT('',(-50.307159722,65.366774797,-38.));
#6830=VERTEX_POINT('',#6829);
#6831=CARTESIAN_POINT('',(-50.307159722,65.366774797,-52.));
#6832=VERTEX_POINT('',#6831);
#6833=CARTESIAN_POINT('',(-50.307159722,65.366774797,-38.));
#6834=DIRECTION('',(-0.,-0.,-1.));
#6835=VECTOR('',#6834,14.);
#6836=LINE('',#6833,#6835);
#6837=EDGE_CURVE('',#6830,#6832,#6836,.T.);
#6838=ORIENTED_EDGE('',*,*,#6837,.F.);
#6839=CARTESIAN_POINT('',(-52.807159722,65.366774797,-38.));
#6840=DIRECTION('',(0.,0.,1.));
#6841=DIRECTION('',(1.,0.,-0.));
#6842=AXIS2_PLACEMENT_3D('',#6839,#6840,#6841);
#6843=CIRCLE('',#6842,2.5);
#6844=EDGE_CURVE('',#6830,#6830,#6843,.T.);
#6845=ORIENTED_EDGE('',*,*,#6844,.T.);
#6846=ORIENTED_EDGE('',*,*,#6837,.T.);
#6847=CARTESIAN_POINT('',(-52.807159722,65.366774797,-52.));
#6848=DIRECTION('',(0.,0.,1.));
#6849=DIRECTION('',(1.,0.,-0.));
#6850=AXIS2_PLACEMENT_3D('',#6847,#6848,#6849);
#6851=CIRCLE('',#6850,2.5);
#6852=EDGE_CURVE('',#6832,#6832,#6851,.T.);
#6853=ORIENTED_EDGE('',*,*,#6852,.F.);
#6854=EDGE_LOOP('',(#6838,#6845,#6846,#6853));
#6855=FACE_BOUND('',#6854,.T.);
#6856=ADVANCED_FACE('',(#6855),#6828,.F.);
#6857=CARTESIAN_POINT('',(0.,0.,-38.));
#6858=DIRECTION('',(0.,0.,1.));
#6859=DIRECTION('',(0.,-1.,0.));
#6860=AXIS2_PLACEMENT_3D('',#6857,#6858,#6859);
#6861=PLANE('',#6860);
#6862=ORIENTED_EDGE('',*,*,#6844,.F.);
#6863=EDGE_LOOP('',(#6862));
#6864=FACE_BOUND('',#6863,.T.);
#6865=ORIENTED_EDGE('',*,*,#5258,.F.);
#6866=CARTESIAN_POINT('',(0.056119636,13.434085995,-38.));
#6867=DIRECTION('',(0.,0.,1.));
#6868=DIRECTION('',(1.,0.,-0.));
#6869=AXIS2_PLACEMENT_3D('',#6866,#6867,#6868);
#6870=CIRCLE('',#6869,61.965069673);
#6871=EDGE_CURVE('',#4684,#5245,#6870,.T.);
#6872=ORIENTED_EDGE('',*,*,#6871,.F.);
#6873=ORIENTED_EDGE('',*,*,#4810,.F.);
#6874=ORIENTED_EDGE('',*,*,#5357,.T.);
#6875=EDGE_LOOP('',(#6865,#6872,#6873,#6874));
#6876=FACE_BOUND('',#6875,.T.);
#6877=ADVANCED_FACE('',(#6864,#6876),#6861,.T.);
#6878=CARTESIAN_POINT('',(0.,0.,-52.));
#6879=DIRECTION('',(0.,0.,1.));
#6880=DIRECTION('',(0.,-1.,0.));
#6881=AXIS2_PLACEMENT_3D('',#6878,#6879,#6880);
#6882=PLANE('',#6881);
#6883=ORIENTED_EDGE('',*,*,#6852,.T.);
#6884=EDGE_LOOP('',(#6883));
#6885=FACE_BOUND('',#6884,.T.);
#6886=CARTESIAN_POINT('',(-56.605029077,67.109241074,-52.));
#6887=VERTEX_POINT('',#6886);
#6888=CARTESIAN_POINT('',(-55.993861246,68.389127174,-52.));
#6889=VERTEX_POINT('',#6888);
#6890=CARTESIAN_POINT('',(-54.519809045,66.899376986,-52.));
#6891=DIRECTION('',(-0.,-0.,-1.));
#6892=DIRECTION('',(1.,0.,-0.));
#6893=AXIS2_PLACEMENT_3D('',#6890,#6891,#6892);
#6894=CIRCLE('',#6893,2.095754164);
#6895=EDGE_CURVE('',#6887,#6889,#6894,.T.);
#6896=ORIENTED_EDGE('',*,*,#6895,.T.);
#6897=CARTESIAN_POINT('',(-28.498521445,68.427743195,-52.));
#6898=VERTEX_POINT('',#6897);
#6899=CARTESIAN_POINT('',(-55.993861246,68.389127174,-52.));
#6900=DIRECTION('',(0.999999014,0.001404456,0.));
#6901=VECTOR('',#6900,27.495366918);
#6902=LINE('',#6899,#6901);
#6903=EDGE_CURVE('',#6889,#6898,#6902,.T.);
#6904=ORIENTED_EDGE('',*,*,#6903,.T.);
#6905=CARTESIAN_POINT('',(-56.568912793,38.599052953,-52.));
#6906=VERTEX_POINT('',#6905);
#6907=CARTESIAN_POINT('',(0.056119636,13.434085995,-52.));
#6908=DIRECTION('',(0.,0.,1.));
#6909=DIRECTION('',(1.,0.,-0.));
#6910=AXIS2_PLACEMENT_3D('',#6907,#6908,#6909);
#6911=CIRCLE('',#6910,61.965069673);
#6912=EDGE_CURVE('',#6898,#6906,#6911,.T.);
#6913=ORIENTED_EDGE('',*,*,#6912,.T.);
#6914=CARTESIAN_POINT('',(-56.568912793,38.599052953,-52.));
#6915=DIRECTION('',(-0.001266784,0.999999198,0.));
#6916=VECTOR('',#6915,28.510210997);
#6917=LINE('',#6914,#6916);
#6918=EDGE_CURVE('',#6906,#6887,#6917,.T.);
#6919=ORIENTED_EDGE('',*,*,#6918,.T.);
#6920=EDGE_LOOP('',(#6896,#6904,#6913,#6919));
#6921=FACE_BOUND('',#6920,.T.);
#6922=ADVANCED_FACE('',(#6885,#6921),#6882,.F.);
#6923=CARTESIAN_POINT('',(0.056119636,13.434085995,-25.));
#6924=DIRECTION('',(0.,0.,-1.));
#6925=DIRECTION('',(-1.,0.,0.));
#6926=AXIS2_PLACEMENT_3D('',#6923,#6924,#6925);
#6927=CYLINDRICAL_SURFACE('',#6926,61.965069673);
#6928=ORIENTED_EDGE('',*,*,#5250,.F.);
#6929=CARTESIAN_POINT('',(-60.553366646,26.324393681,-56.));
#6930=CARTESIAN_POINT('',(-60.553366646,26.324393681,-55.924476336));
#6931=CARTESIAN_POINT('',(-60.551247438,26.334368108,-55.850796845));
#6932=CARTESIAN_POINT('',(-60.547277408,26.352991765,-55.778717009));
#6933=CARTESIAN_POINT('',(-60.543307378,26.371615421,-55.706637172));
#6934=CARTESIAN_POINT('',(-60.537428171,26.39915338,-55.636080622));
#6935=CARTESIAN_POINT('',(-60.530315548,26.432306308,-55.569924914));
#6936=CARTESIAN_POINT('',(-60.516090303,26.498612163,-55.437613499));
#6937=CARTESIAN_POINT('',(-60.496599103,26.588872783,-55.317517791));
#6938=CARTESIAN_POINT('',(-60.4748772,26.688077151,-55.20919812));
#6939=CARTESIAN_POINT('',(-60.453155298,26.78728152,-55.100878449));
#6940=CARTESIAN_POINT('',(-60.42907393,26.89606776,-55.003243929));
#6941=CARTESIAN_POINT('',(-60.40339244,27.010435249,-54.911886239));
#6942=CARTESIAN_POINT('',(-60.377710951,27.124802738,-54.820528549));
#6943=CARTESIAN_POINT('',(-60.350416585,27.244800405,-54.73574996));
#6944=CARTESIAN_POINT('',(-60.322341685,27.366467992,-54.656580953));
#6945=CARTESIAN_POINT('',(-60.266191884,27.609803166,-54.498242937));
#6946=CARTESIAN_POINT('',(-60.206380557,27.862214257,-54.359866871));
#6947=CARTESIAN_POINT('',(-60.14369909,28.119169751,-54.231997928));
#6948=CARTESIAN_POINT('',(-60.081017624,28.376125244,-54.104128985));
#6949=CARTESIAN_POINT('',(-60.015421146,28.637854896,-53.987248885));
#6950=CARTESIAN_POINT('',(-59.947174535,28.902587804,-53.877684636));
#6951=CARTESIAN_POINT('',(-59.878927924,29.167320712,-53.768120387));
#6952=CARTESIAN_POINT('',(-59.807850072,29.435728883,-53.665775861));
#6953=CARTESIAN_POINT('',(-59.734711735,29.704499128,-53.569719134));
#6954=CARTESIAN_POINT('',(-59.661573398,29.973269374,-53.473662406));
#6955=CARTESIAN_POINT('',(-59.586375806,30.242450428,-53.38386655));
#6956=CARTESIAN_POINT('',(-59.509142593,30.511831606,-53.29912722));
#6957=CARTESIAN_POINT('',(-59.354676167,31.050593962,-53.129648558));
#6958=CARTESIAN_POINT('',(-59.192077148,31.590110954,-52.980124628));
#6959=CARTESIAN_POINT('',(-59.021344494,32.129622668,-52.846379209));
#6960=CARTESIAN_POINT('',(-58.679879187,33.208646097,-52.578888371));
#6961=CARTESIAN_POINT('',(-58.30597275,34.287484052,-52.373426303));
#6962=CARTESIAN_POINT('',(-57.898077957,35.365361401,-52.228738079));
#6963=CARTESIAN_POINT('',(-57.490183165,36.44323875,-52.084049856));
#6964=CARTESIAN_POINT('',(-57.048387347,37.520161722,-52.));
#6965=CARTESIAN_POINT('',(-56.568912793,38.599052953,-52.));
#6966=B_SPLINE_CURVE_WITH_KNOTS('',3,(#6929,#6930,#6931,#6932,#6933,#6934,#6935,#6936,#6937,#6938,#6939,#6940,#6941,#6942,#6943,#6944,#6945,#6946,#6947,#6948,#6949,#6950,#6951,#6952,#6953,#6954,
#6955,#6956,#6957,#6958,#6959,#6960,#6961,#6962,#6963,#6964,#6965),.UNSPECIFIED.,.F.,.F.,(4,3,3,3,3,3,3,3,3,3,3,3,4),(0.,0.000222954,0.000445908,0.000891817,0.001337725,0.001783633,0.00267545,0.003567266,0.004459083,0.0053509,0.007134533,0.010701799,0.014269065),.UNSPECIFIED.);
#6967=EDGE_CURVE('',#5237,#6906,#6966,.T.);
#6968=ORIENTED_EDGE('',*,*,#6967,.T.);
#6969=ORIENTED_EDGE('',*,*,#6912,.F.);
#6970=CARTESIAN_POINT('',(-28.498521445,68.427743195,-52.));
#6971=CARTESIAN_POINT('',(-27.620312538,68.883740149,-52.));
#6972=CARTESIAN_POINT('',(-26.743279514,69.312479397,-52.075394055));
#6973=CARTESIAN_POINT('',(-25.866042855,69.716510884,-52.212045789));
#6974=CARTESIAN_POINT('',(-25.427424525,69.918526627,-52.280371656));
#6975=CARTESIAN_POINT('',(-24.988802997,70.114329337,-52.364369285));
#6976=CARTESIAN_POINT('',(-24.550310708,70.304055621,-52.46443265));
#6977=CARTESIAN_POINT('',(-24.111818419,70.493781906,-52.564496015));
#6978=CARTESIAN_POINT('',(-23.673443386,70.677434333,-52.680551767));
#6979=CARTESIAN_POINT('',(-23.235624898,70.855027263,-52.815014668));
#6980=CARTESIAN_POINT('',(-22.79780641,71.032620194,-52.949477568));
#6981=CARTESIAN_POINT('',(-22.358879598,71.204763749,-53.10282486));
#6982=CARTESIAN_POINT('',(-21.926839226,71.368698959,-53.278787233));
#6983=CARTESIAN_POINT('',(-21.71081904,71.450666563,-53.36676842));
#6984=CARTESIAN_POINT('',(-21.496485338,71.530610145,-53.460447858));
#6985=CARTESIAN_POINT('',(-21.28438933,71.60841484,-53.561209768));
#6986=CARTESIAN_POINT('',(-21.072293322,71.686219536,-53.661971678));
#6987=CARTESIAN_POINT('',(-20.862274913,71.761935139,-53.769897291));
#6988=CARTESIAN_POINT('',(-20.657231391,71.834659184,-53.886267761));
#6989=CARTESIAN_POINT('',(-20.452187869,71.907383229,-54.002638232));
#6990=CARTESIAN_POINT('',(-20.251672759,71.977277877,-54.127519041));
#6991=CARTESIAN_POINT('',(-20.058089565,72.043713598,-54.264957583));
#6992=CARTESIAN_POINT('',(-19.961297968,72.076931458,-54.333676854));
#6993=CARTESIAN_POINT('',(-19.866261862,72.109278009,-54.405573834));
#6994=CARTESIAN_POINT('',(-19.773536016,72.140598549,-54.481587789));
#6995=CARTESIAN_POINT('',(-19.68081017,72.17191909,-54.557601743));
#6996=CARTESIAN_POINT('',(-19.59028185,72.202249041,-54.637876522));
#6997=CARTESIAN_POINT('',(-19.504270481,72.230863101,-54.722412402));
#6998=CARTESIAN_POINT('',(-19.418259112,72.259477161,-54.806948282));
#6999=CARTESIAN_POINT('',(-19.336432954,72.286487429,-54.895943285));
#7000=CARTESIAN_POINT('',(-19.260477223,72.311407141,-54.991143089));
#7001=CARTESIAN_POINT('',(-19.184521492,72.336326853,-55.086342892));
#7002=CARTESIAN_POINT('',(-19.114985746,72.358973997,-55.187284745));
#7003=CARTESIAN_POINT('',(-19.056017118,72.378094073,-55.293346955));
#7004=CARTESIAN_POINT('',(-18.997048489,72.397214148,-55.399409165));
#7005=CARTESIAN_POINT('',(-18.94807751,72.412994739,-55.511123271));
#7006=CARTESIAN_POINT('',(-18.913409022,72.424143141,-55.630898872));
#7007=CARTESIAN_POINT('',(-18.878740534,72.435291542,-55.750674473));
#7008=CARTESIAN_POINT('',(-18.86002277,72.441283997,-55.874275168));
#7009=CARTESIAN_POINT('',(-18.86002277,72.441283997,-56.));
#7010=B_SPLINE_CURVE_WITH_KNOTS('',3,(#6970,#6971,#6972,#6973,#6974,#6975,#6976,#6977,#6978,#6979,#6980,#6981,#6982,#6983,#6984,#6985,#6986,#6987,#6988,#6989,#6990,#6991,#6992,#6993,#6994,#6995,
#6996,#6997,#6998,#6999,#7000,#7001,#7002,#7003,#7004,#7005,#7006,#7007,#7008,#7009),.UNSPECIFIED.,.F.,.F.,(4,3,3,3,3,3,3,3,3,3,3,3,3,4),(0.,0.002925557,0.004388336,0.005851115,0.007313893,0.008045283,0.008776672,0.009508061,0.009873756,0.010239451,0.010605145,0.01097084,0.011336535,0.011702229),.UNSPECIFIED.);
#7011=EDGE_CURVE('',#6898,#4686,#7010,.T.);
#7012=ORIENTED_EDGE('',*,*,#7011,.T.);
#7013=ORIENTED_EDGE('',*,*,#4691,.F.);
#7014=ORIENTED_EDGE('',*,*,#6871,.T.);
#7015=EDGE_LOOP('',(#6928,#6968,#6969,#7012,#7013,#7014));
#7016=FACE_BOUND('',#7015,.T.);
#7017=ADVANCED_FACE('',(#7016),#6927,.F.);
#7018=CARTESIAN_POINT('',(-52.815183997,-38.357332349,-53.));
#7019=DIRECTION('',(0.,0.,1.));
#7020=DIRECTION('',(1.,0.,-0.));
#7021=AXIS2_PLACEMENT_3D('',#7018,#7019,#7020);
#7022=CYLINDRICAL_SURFACE('',#7021,2.5);
#7023=CARTESIAN_POINT('',(-50.315183997,-38.357332349,-38.));
#7024=VERTEX_POINT('',#7023);
#7025=CARTESIAN_POINT('',(-50.315183997,-38.357332349,-52.));
#7026=VERTEX_POINT('',#7025);
#7027=CARTESIAN_POINT('',(-50.315183997,-38.357332349,-38.));
#7028=DIRECTION('',(-0.,-0.,-1.));
#7029=VECTOR('',#7028,14.);
#7030=LINE('',#7027,#7029);
#7031=EDGE_CURVE('',#7024,#7026,#7030,.T.);
#7032=ORIENTED_EDGE('',*,*,#7031,.F.);
#7033=CARTESIAN_POINT('',(-52.815183997,-38.357332349,-38.));
#7034=DIRECTION('',(0.,0.,1.));
#7035=DIRECTION('',(1.,0.,-0.));
#7036=AXIS2_PLACEMENT_3D('',#7033,#7034,#7035);
#7037=CIRCLE('',#7036,2.5);
#7038=EDGE_CURVE('',#7024,#7024,#7037,.T.);
#7039=ORIENTED_EDGE('',*,*,#7038,.T.);
#7040=ORIENTED_EDGE('',*,*,#7031,.T.);
#7041=CARTESIAN_POINT('',(-52.815183997,-38.357332349,-52.));
#7042=DIRECTION('',(0.,0.,1.));
#7043=DIRECTION('',(1.,0.,-0.));
#7044=AXIS2_PLACEMENT_3D('',#7041,#7042,#7043);
#7045=CIRCLE('',#7044,2.5);
#7046=EDGE_CURVE('',#7026,#7026,#7045,.T.);
#7047=ORIENTED_EDGE('',*,*,#7046,.F.);
#7048=EDGE_LOOP('',(#7032,#7039,#7040,#7047));
#7049=FACE_BOUND('',#7048,.T.);
#7050=ADVANCED_FACE('',(#7049),#7022,.F.);
#7051=CARTESIAN_POINT('',(0.,0.,-38.));
#7052=DIRECTION('',(0.,0.,1.));
#7053=DIRECTION('',(0.,-1.,0.));
#7054=AXIS2_PLACEMENT_3D('',#7051,#7052,#7053);
#7055=PLANE('',#7054);
#7056=ORIENTED_EDGE('',*,*,#7038,.F.);
#7057=EDGE_LOOP('',(#7056));
#7058=FACE_BOUND('',#7057,.T.);
#7059=ORIENTED_EDGE('',*,*,#5099,.F.);
#7060=CARTESIAN_POINT('',(0.056119636,13.434085995,-38.));
#7061=DIRECTION('',(0.,0.,1.));
#7062=DIRECTION('',(1.,0.,-0.));
#7063=AXIS2_PLACEMENT_3D('',#7060,#7061,#7062);
#7064=CIRCLE('',#7063,61.965069673);
#7065=EDGE_CURVE('',#5277,#5086,#7064,.T.);
#7066=ORIENTED_EDGE('',*,*,#7065,.F.);
#7067=ORIENTED_EDGE('',*,*,#5282,.F.);
#7068=ORIENTED_EDGE('',*,*,#5216,.T.);
#7069=EDGE_LOOP('',(#7059,#7066,#7067,#7068));
#7070=FACE_BOUND('',#7069,.T.);
#7071=ADVANCED_FACE('',(#7058,#7070),#7055,.T.);
#7072=CARTESIAN_POINT('',(0.,0.,-52.));
#7073=DIRECTION('',(0.,0.,1.));
#7074=DIRECTION('',(0.,-1.,0.));
#7075=AXIS2_PLACEMENT_3D('',#7072,#7073,#7074);
#7076=PLANE('',#7075);
#7077=ORIENTED_EDGE('',*,*,#7046,.T.);
#7078=EDGE_LOOP('',(#7077));
#7079=FACE_BOUND('',#7078,.T.);
#7080=CARTESIAN_POINT('',(-54.210693904,-41.909473269,-52.));
#7081=VERTEX_POINT('',#7080);
#7082=CARTESIAN_POINT('',(-56.469291843,-40.041707356,-52.));
#7083=VERTEX_POINT('',#7082);
#7084=CARTESIAN_POINT('',(-53.633993663,-38.912608933,-52.));
#7085=DIRECTION('',(-0.,-0.,-1.));
#7086=DIRECTION('',(1.,0.,-0.));
#7087=AXIS2_PLACEMENT_3D('',#7084,#7085,#7086);
#7088=CIRCLE('',#7087,3.051848459);
#7089=EDGE_CURVE('',#7081,#7083,#7088,.T.);
#7090=ORIENTED_EDGE('',*,*,#7089,.T.);
#7091=CARTESIAN_POINT('',(-56.504973944,-11.87426347,-52.));
#7092=VERTEX_POINT('',#7091);
#7093=CARTESIAN_POINT('',(-56.469291843,-40.041707356,-52.));
#7094=DIRECTION('',(-0.001266784,0.999999198,0.));
#7095=VECTOR('',#7094,28.167466487);
#7096=LINE('',#7093,#7095);
#7097=EDGE_CURVE('',#7083,#7092,#7096,.T.);
#7098=ORIENTED_EDGE('',*,*,#7097,.T.);
#7099=CARTESIAN_POINT('',(-27.923431566,-41.854380923,-52.));
#7100=VERTEX_POINT('',#7099);
#7101=CARTESIAN_POINT('',(0.056119636,13.434085995,-52.));
#7102=DIRECTION('',(0.,0.,1.));
#7103=DIRECTION('',(1.,0.,-0.));
#7104=AXIS2_PLACEMENT_3D('',#7101,#7102,#7103);
#7105=CIRCLE('',#7104,61.965069673);
#7106=EDGE_CURVE('',#7092,#7100,#7105,.T.);
#7107=ORIENTED_EDGE('',*,*,#7106,.T.);
#7108=CARTESIAN_POINT('',(-27.923431566,-41.854380923,-52.));
#7109=DIRECTION('',(-0.999997804,-0.002095776,0.));
#7110=VECTOR('',#7109,26.287320069);
#7111=LINE('',#7108,#7110);
#7112=EDGE_CURVE('',#7100,#7081,#7111,.T.);
#7113=ORIENTED_EDGE('',*,*,#7112,.T.);
#7114=EDGE_LOOP('',(#7090,#7098,#7107,#7113));
#7115=FACE_BOUND('',#7114,.T.);
#7116=ADVANCED_FACE('',(#7079,#7115),#7076,.F.);
#7117=CARTESIAN_POINT('',(0.056119636,13.434085995,-25.));
#7118=DIRECTION('',(0.,0.,-1.));
#7119=DIRECTION('',(-1.,0.,0.));
#7120=AXIS2_PLACEMENT_3D('',#7117,#7118,#7119);
#7121=CYLINDRICAL_SURFACE('',#7120,61.965069673);
#7122=ORIENTED_EDGE('',*,*,#5091,.F.);
#7123=CARTESIAN_POINT('',(-18.0271713,-45.833649312,-56.));
#7124=CARTESIAN_POINT('',(-18.0271713,-45.833649312,-55.871558593));
#7125=CARTESIAN_POINT('',(-18.047214128,-45.827542797,-55.747230141));
#7126=CARTESIAN_POINT('',(-18.084008981,-45.816277661,-55.626342487));
#7127=CARTESIAN_POINT('',(-18.102406408,-45.810645092,-55.565898659));
#7128=CARTESIAN_POINT('',(-18.12518662,-45.803661192,-55.506037628));
#7129=CARTESIAN_POINT('',(-18.151012217,-45.795722457,-55.448608735));
#7130=CARTESIAN_POINT('',(-18.176837815,-45.787783722,-55.391179843));
#7131=CARTESIAN_POINT('',(-18.205793545,-45.778864228,-55.335755325));
#7132=CARTESIAN_POINT('',(-18.237331504,-45.769119196,-55.281987306));
#7133=CARTESIAN_POINT('',(-18.300407423,-45.749629133,-55.174451266));
#7134=CARTESIAN_POINT('',(-18.374228904,-45.726704577,-55.072900227));
#7135=CARTESIAN_POINT('',(-18.454248412,-45.701657294,-54.977534647));
#7136=CARTESIAN_POINT('',(-18.534267919,-45.67661001,-54.882169067));
#7137=CARTESIAN_POINT('',(-18.619831375,-45.649647056,-54.793562072));
#7138=CARTESIAN_POINT('',(-18.70922372,-45.621241862,-54.709664658));
#7139=CARTESIAN_POINT('',(-18.888008409,-45.564431474,-54.541869829));
#7140=CARTESIAN_POINT('',(-19.082751195,-45.501628813,-54.392059162));
#7141=CARTESIAN_POINT('',(-19.284292016,-45.435416608,-54.25465251));
#7142=CARTESIAN_POINT('',(-19.485832836,-45.369204403,-54.117245858));
#7143=CARTESIAN_POINT('',(-19.692686666,-45.300092961,-53.993425193));
#7144=CARTESIAN_POINT('',(-19.902822023,-45.228598119,-53.878446595));
#7145=CARTESIAN_POINT('',(-20.323092737,-45.085608435,-53.648489398));
#7146=CARTESIAN_POINT('',(-20.756289334,-44.933138944,-53.453430663));
#7147=CARTESIAN_POINT('',(-21.196334657,-44.772469015,-53.279279613));
#7148=CARTESIAN_POINT('',(-21.636379979,-44.611799085,-53.105128564));
#7149=CARTESIAN_POINT('',(-22.085226218,-44.442191957,-52.95217924));
#7150=CARTESIAN_POINT('',(-22.534596127,-44.266255606,-52.817504093));
#7151=CARTESIAN_POINT('',(-22.983966035,-44.090319256,-52.682828946));
#7152=CARTESIAN_POINT('',(-23.433588088,-43.908227929,-52.566509604));
#7153=CARTESIAN_POINT('',(-23.88306742,-43.719961829,-52.466169617));
#7154=CARTESIAN_POINT('',(-24.332546751,-43.531695729,-52.36582963));
#7155=CARTESIAN_POINT('',(-24.781894677,-43.337252695,-52.281544562));
#7156=CARTESIAN_POINT('',(-25.230996489,-43.136503693,-52.212960624));
#7157=CARTESIAN_POINT('',(-26.129200111,-42.735005689,-52.075792747));
#7158=CARTESIAN_POINT('',(-27.026245387,-42.308415336,-52.));
#7159=CARTESIAN_POINT('',(-27.923431566,-41.854380923,-52.));
#7160=B_SPLINE_CURVE_WITH_KNOTS('',3,(#7123,#7124,#7125,#7126,#7127,#7128,#7129,#7130,#7131,#7132,#7133,#7134,#7135,#7136,#7137,#7138,#7139,#7140,#7141,#7142,#7143,#7144,#7145,#7146,#7147,#7148,
#7149,#7150,#7151,#7152,#7153,#7154,#7155,#7156,#7157,#7158,#7159),.UNSPECIFIED.,.F.,.F.,(4,3,3,3,3,3,3,3,3,3,3,3,4),(0.,0.000378108,0.000567162,0.000756216,0.001134324,0.001512433,0.002268649,0.003024865,0.004537298,0.00604973,0.007562163,0.009074596,0.012099461),.UNSPECIFIED.);
#7161=EDGE_CURVE('',#5078,#7100,#7160,.T.);
#7162=ORIENTED_EDGE('',*,*,#7161,.T.);
#7163=ORIENTED_EDGE('',*,*,#7106,.F.);
#7164=CARTESIAN_POINT('',(-56.504973944,-11.87426347,-52.));
#7165=CARTESIAN_POINT('',(-56.985951122,-10.799337774,-52.));
#7166=CARTESIAN_POINT('',(-57.430659914,-9.723496643,-52.083711995));
#7167=CARTESIAN_POINT('',(-57.842121882,-8.644489336,-52.228665595));
#7168=CARTESIAN_POINT('',(-58.25358385,-7.56548203,-52.373619195));
#7169=CARTESIAN_POINT('',(-58.631733433,-6.483290848,-52.579858881));
#7170=CARTESIAN_POINT('',(-58.977746614,-5.398664605,-52.849459247));
#7171=CARTESIAN_POINT('',(-59.150753205,-4.856351483,-52.98425943));
#7172=CARTESIAN_POINT('',(-59.316044051,-4.312243589,-53.135573223));
#7173=CARTESIAN_POINT('',(-59.472178311,-3.772064158,-53.306207842));
#7174=CARTESIAN_POINT('',(-59.628312572,-3.231884726,-53.476842461));
#7175=CARTESIAN_POINT('',(-59.775620956,-2.694457234,-53.666420184));
#7176=CARTESIAN_POINT('',(-59.912880917,-2.166838088,-53.885797332));
#7177=CARTESIAN_POINT('',(-59.981510898,-1.903028515,-53.995485905));
#7178=CARTESIAN_POINT('',(-60.047663322,-1.641558759,-54.112799652));
#7179=CARTESIAN_POINT('',(-60.110904406,-1.384789724,-54.241324303));
#7180=CARTESIAN_POINT('',(-60.174145489,-1.128020689,-54.369848955));
#7181=CARTESIAN_POINT('',(-60.234311197,-0.876578266,-54.508723352));
#7182=CARTESIAN_POINT('',(-60.290522547,-0.635478209,-54.666871133));
#7183=CARTESIAN_POINT('',(-60.318628221,-0.51492818,-54.745945024));
#7184=CARTESIAN_POINT('',(-60.345814649,-0.396660207,-54.830245579));
#7185=CARTESIAN_POINT('',(-60.37138548,-0.28402193,-54.921016193));
#7186=CARTESIAN_POINT('',(-60.396956311,-0.171383653,-55.011786808));
#7187=CARTESIAN_POINT('',(-60.420989663,-0.064032546,-55.108944189));
#7188=CARTESIAN_POINT('',(-60.442715747,0.034057008,-55.217190623));
#7189=CARTESIAN_POINT('',(-60.464441832,0.132146563,-55.325437057));
#7190=CARTESIAN_POINT('',(-60.483471605,0.219236772,-55.442414314));
#7191=CARTESIAN_POINT('',(-60.497687734,0.284703023,-55.574532424));
#7192=CARTESIAN_POINT('',(-60.504795799,0.317436148,-55.640591479));
#7193=CARTESIAN_POINT('',(-60.510510664,0.343879707,-55.70928795));
#7194=CARTESIAN_POINT('',(-60.514440114,0.362087253,-55.780303758));
#7195=CARTESIAN_POINT('',(-60.518369564,0.380294798,-55.851319566));
#7196=CARTESIAN_POINT('',(-60.520513672,0.390261529,-55.925573966));
#7197=CARTESIAN_POINT('',(-60.520513672,0.390261529,-56.));
#7198=B_SPLINE_CURVE_WITH_KNOTS('',3,(#7164,#7165,#7166,#7167,#7168,#7169,#7170,#7171,#7172,#7173,#7174,#7175,#7176,#7177,#7178,#7179,#7180,#7181,#7182,#7183,#7184,#7185,#7186,#7187,#7188,#7189,
#7190,#7191,#7192,#7193,#7194,#7195,#7196,#7197),.UNSPECIFIED.,.F.,.F.,(4,3,3,3,3,3,3,3,3,3,3,4),(0.,0.00349107,0.006982139,0.008727674,0.010473209,0.011345976,0.012218744,0.012655127,0.013091511,0.013527895,0.013746087,0.013964278),.UNSPECIFIED.);
#7199=EDGE_CURVE('',#7092,#5285,#7198,.T.);
#7200=ORIENTED_EDGE('',*,*,#7199,.T.);
#7201=ORIENTED_EDGE('',*,*,#5290,.F.);
#7202=ORIENTED_EDGE('',*,*,#7065,.T.);
#7203=EDGE_LOOP('',(#7122,#7162,#7163,#7200,#7201,#7202));
#7204=FACE_BOUND('',#7203,.T.);
#7205=ADVANCED_FACE('',(#7204),#7121,.F.);
#7206=CARTESIAN_POINT('',(0.056119636,13.434085995,-25.));
#7207=DIRECTION('',(0.,0.,-1.));
#7208=DIRECTION('',(-1.,0.,0.));
#7209=AXIS2_PLACEMENT_3D('',#7206,#7207,#7208);
#7210=CYLINDRICAL_SURFACE('',#7209,61.965069673);
#7211=CARTESIAN_POINT('',(0.056119636,13.434085995,-38.));
#7212=DIRECTION('',(0.,0.,1.));
#7213=DIRECTION('',(1.,0.,-0.));
#7214=AXIS2_PLACEMENT_3D('',#7211,#7212,#7213);
#7215=CIRCLE('',#7214,61.965069673);
#7216=EDGE_CURVE('',#5118,#4959,#7215,.T.);
#7217=ORIENTED_EDGE('',*,*,#7216,.T.);
#7218=ORIENTED_EDGE('',*,*,#4964,.F.);
#7219=CARTESIAN_POINT('',(56.494014487,-12.147819414,-52.));
#7220=VERTEX_POINT('',#7219);
#7221=CARTESIAN_POINT('',(60.494014487,-0.238175176,-56.));
#7222=CARTESIAN_POINT('',(60.494014487,-0.238175176,-55.926212338));
#7223=CARTESIAN_POINT('',(60.491978711,-0.247182144,-55.854088814));
#7224=CARTESIAN_POINT('',(60.48814708,-0.264086091,-55.783424782));
#7225=CARTESIAN_POINT('',(60.484315449,-0.280990038,-55.712760751));
#7226=CARTESIAN_POINT('',(60.478607919,-0.306137898,-55.643106888));
#7227=CARTESIAN_POINT('',(60.471635689,-0.336726603,-55.577472399));
#7228=CARTESIAN_POINT('',(60.457691229,-0.397904012,-55.446203422));
#7229=CARTESIAN_POINT('',(60.438462443,-0.481796748,-55.326425142));
#7230=CARTESIAN_POINT('',(60.416704172,-0.575542622,-55.217372609));
#7231=CARTESIAN_POINT('',(60.394945901,-0.669288496,-55.108320076));
#7232=CARTESIAN_POINT('',(60.370732426,-0.772597914,-55.00994515));
#7233=CARTESIAN_POINT('',(60.344866377,-0.881530511,-54.917900318));
#7234=CARTESIAN_POINT('',(60.319000328,-0.990463108,-54.825855486));
#7235=CARTESIAN_POINT('',(60.291336772,-1.105619058,-54.740002662));
#7236=CARTESIAN_POINT('',(60.262808167,-1.222807116,-54.659778303));
#7237=CARTESIAN_POINT('',(60.205750957,-1.457183233,-54.499329585));
#7238=CARTESIAN_POINT('',(60.144954464,-1.700891107,-54.359469345));
#7239=CARTESIAN_POINT('',(60.081299786,-1.949268889,-54.230428249));
#7240=CARTESIAN_POINT('',(60.017645107,-2.197646671,-54.101387153));
#7241=CARTESIAN_POINT('',(59.951082608,-2.450931479,-53.983664628));
#7242=CARTESIAN_POINT('',(59.881912354,-2.707301342,-53.873465721));
#7243=CARTESIAN_POINT('',(59.743571847,-3.220041067,-53.653067908));
#7244=CARTESIAN_POINT('',(59.594378471,-3.746285026,-53.462061227));
#7245=CARTESIAN_POINT('',(59.437993109,-4.270799274,-53.292050614));
#7246=CARTESIAN_POINT('',(59.281607747,-4.795313522,-53.122040001));
#7247=CARTESIAN_POINT('',(59.117392211,-5.320689209,-52.972575691));
#7248=CARTESIAN_POINT('',(58.94536766,-5.846119573,-52.839166625));
#7249=CARTESIAN_POINT('',(58.601318557,-6.8969803,-52.572348494));
#7250=CARTESIAN_POINT('',(58.22612377,-7.947897522,-52.368674617));
#7251=CARTESIAN_POINT('',(57.818359729,-8.997888483,-52.225598103));
#7252=CARTESIAN_POINT('',(57.410595688,-10.047879444,-52.082521589));
#7253=CARTESIAN_POINT('',(56.970340806,-11.096965137,-52.));
#7254=CARTESIAN_POINT('',(56.494014487,-12.147819414,-52.));
#7255=B_SPLINE_CURVE_WITH_KNOTS('',3,(#7221,#7222,#7223,#7224,#7225,#7226,#7227,#7228,#7229,#7230,#7231,#7232,#7233,#7234,#7235,#7236,#7237,#7238,#7239,#7240,#7241,#7242,#7243,#7244,#7245,#7246,
#7247,#7248,#7249,#7250,#7251,#7252,#7253,#7254),.UNSPECIFIED.,.F.,.F.,(4,3,3,3,3,3,3,3,3,3,3,4),(0.,0.000217854,0.000435707,0.000871414,0.001307121,0.001742829,0.002614243,0.003485657,0.005228486,0.006971314,0.010456972,0.013942629),.UNSPECIFIED.);
#7256=EDGE_CURVE('',#4951,#7220,#7255,.T.);
#7257=ORIENTED_EDGE('',*,*,#7256,.T.);
#7258=CARTESIAN_POINT('',(28.267169075,-41.736617726,-52.));
#7259=VERTEX_POINT('',#7258);
#7260=CARTESIAN_POINT('',(0.056119636,13.434085995,-52.));
#7261=DIRECTION('',(0.,0.,1.));
#7262=DIRECTION('',(1.,0.,-0.));
#7263=AXIS2_PLACEMENT_3D('',#7260,#7261,#7262);
#7264=CIRCLE('',#7263,61.965069673);
#7265=EDGE_CURVE('',#7259,#7220,#7264,.T.);
#7266=ORIENTED_EDGE('',*,*,#7265,.F.);
#7267=CARTESIAN_POINT('',(28.267169075,-41.736617726,-52.));
#7268=CARTESIAN_POINT('',(27.370802333,-42.1949669,-52.));
#7269=CARTESIAN_POINT('',(26.475504058,-42.62527728,-52.07595076));
#7270=CARTESIAN_POINT('',(25.579797241,-43.030165891,-52.213011803));
#7271=CARTESIAN_POINT('',(25.131943833,-43.232610196,-52.281542324));
#7272=CARTESIAN_POINT('',(24.684036386,-43.428662519,-52.365712251));
#7273=CARTESIAN_POINT('',(24.236193363,-43.618467796,-52.465826793));
#7274=CARTESIAN_POINT('',(23.788350339,-43.808273074,-52.565941335));
#7275=CARTESIAN_POINT('',(23.340560129,-43.991833605,-52.68192941));
#7276=CARTESIAN_POINT('',(22.893240856,-44.169175665,-52.816078751));
#7277=CARTESIAN_POINT('',(22.445921584,-44.346517726,-52.950228091));
#7278=CARTESIAN_POINT('',(21.997416719,-44.518237191,-53.1029804));
#7279=CARTESIAN_POINT('',(21.555101784,-44.681863848,-53.278194197));
#7280=CARTESIAN_POINT('',(21.333944316,-44.763677176,-53.365801095));
#7281=CARTESIAN_POINT('',(21.114419494,-44.843449461,-53.459025223));
#7282=CARTESIAN_POINT('',(20.897062268,-44.921076328,-53.559220603));
#7283=CARTESIAN_POINT('',(20.679705042,-44.998703195,-53.659415983));
#7284=CARTESIAN_POINT('',(20.464219416,-45.074281126,-53.76672065));
#7285=CARTESIAN_POINT('',(20.253501124,-45.146931755,-53.882435723));
#7286=CARTESIAN_POINT('',(20.042782831,-45.219582383,-53.998150797));
#7287=CARTESIAN_POINT('',(19.836447269,-45.289442122,-54.122298372));
#7288=CARTESIAN_POINT('',(19.63685507,-45.355918763,-54.25893245));
#7289=CARTESIAN_POINT('',(19.53705897,-45.389157083,-54.327249488));
#7290=CARTESIAN_POINT('',(19.438970835,-45.421543406,-54.398726507));
#7291=CARTESIAN_POINT('',(19.343137802,-45.452931163,-54.474308109));
#7292=CARTESIAN_POINT('',(19.247304769,-45.484318921,-54.549889711));
#7293=CARTESIAN_POINT('',(19.153582055,-45.514752791,-54.629735492));
#7294=CARTESIAN_POINT('',(19.064282869,-45.543533405,-54.713946431));
#7295=CARTESIAN_POINT('',(18.974983682,-45.572314019,-54.79815737));
#7296=CARTESIAN_POINT('',(18.889790163,-45.599545507,-54.886905075));
#7297=CARTESIAN_POINT('',(18.810427052,-45.624747492,-54.982041474));
#7298=CARTESIAN_POINT('',(18.731063942,-45.649949477,-55.077177873));
#7299=CARTESIAN_POINT('',(18.658138969,-45.672927058,-55.178169041));
#7300=CARTESIAN_POINT('',(18.595937596,-45.69243098,-55.28476734));
#7301=CARTESIAN_POINT('',(18.533736223,-45.711934901,-55.39136564));
#7302=CARTESIAN_POINT('',(18.481679971,-45.728149347,-55.504044544));
#7303=CARTESIAN_POINT('',(18.444636806,-45.739660682,-55.625693607));
#7304=CARTESIAN_POINT('',(18.407593642,-45.751172018,-55.747342671));
#7305=CARTESIAN_POINT('',(18.387675021,-45.757331767,-55.872095114));
#7306=CARTESIAN_POINT('',(18.387675021,-45.757331767,-56.));
#7307=B_SPLINE_CURVE_WITH_KNOTS('',3,(#7267,#7268,#7269,#7270,#7271,#7272,#7273,#7274,#7275,#7276,#7277,#7278,#7279,#7280,#7281,#7282,#7283,#7284,#7285,#7286,#7287,#7288,#7289,#7290,#7291,#7292,
#7293,#7294,#7295,#7296,#7297,#7298,#7299,#7300,#7301,#7302,#7303,#7304,#7305,#7306),.UNSPECIFIED.,.F.,.F.,(4,3,3,3,3,3,3,3,3,3,3,3,3,4),(0.,0.0029766,0.0044649,0.0059532,0.0074415,0.008185649,0.008929799,0.009673949,0.010046024,0.010418099,0.010790174,0.011162249,0.011534324,0.011906399),.UNSPECIFIED.);
#7308=EDGE_CURVE('',#7259,#5126,#7307,.T.);
#7309=ORIENTED_EDGE('',*,*,#7308,.T.);
#7310=ORIENTED_EDGE('',*,*,#5131,.F.);
#7311=EDGE_LOOP('',(#7217,#7218,#7257,#7266,#7309,#7310));
#7312=FACE_BOUND('',#7311,.T.);
#7313=ADVANCED_FACE('',(#7312),#7210,.F.);
#7314=CARTESIAN_POINT('',(0.,0.,-38.));
#7315=DIRECTION('',(0.,0.,1.));
#7316=DIRECTION('',(0.,-1.,0.));
#7317=AXIS2_PLACEMENT_3D('',#7314,#7315,#7316);
#7318=PLANE('',#7317);
#7319=ORIENTED_EDGE('',*,*,#7216,.F.);
#7320=ORIENTED_EDGE('',*,*,#5123,.F.);
#7321=ORIENTED_EDGE('',*,*,#5057,.T.);
#7322=ORIENTED_EDGE('',*,*,#4972,.F.);
#7323=EDGE_LOOP('',(#7319,#7320,#7321,#7322));
#7324=FACE_BOUND('',#7323,.T.);
#7325=CARTESIAN_POINT('',(55.5,-38.4,-38.));
#7326=VERTEX_POINT('',#7325);
#7327=CARTESIAN_POINT('',(53.,-38.4,-38.));
#7328=DIRECTION('',(0.,0.,1.));
#7329=DIRECTION('',(1.,0.,-0.));
#7330=AXIS2_PLACEMENT_3D('',#7327,#7328,#7329);
#7331=CIRCLE('',#7330,2.5);
#7332=EDGE_CURVE('',#7326,#7326,#7331,.T.);
#7333=ORIENTED_EDGE('',*,*,#7332,.F.);
#7334=EDGE_LOOP('',(#7333));
#7335=FACE_BOUND('',#7334,.T.);
#7336=ADVANCED_FACE('',(#7324,#7335),#7318,.T.);
#7337=CARTESIAN_POINT('',(0.,0.,-52.));
#7338=DIRECTION('',(0.,0.,1.));
#7339=DIRECTION('',(0.,-1.,0.));
#7340=AXIS2_PLACEMENT_3D('',#7337,#7338,#7339);
#7341=PLANE('',#7340);
#7342=CARTESIAN_POINT('',(56.494014487,-40.210084846,-52.));
#7343=VERTEX_POINT('',#7342);
#7344=CARTESIAN_POINT('',(55.023395087,-41.680542535,-52.));
#7345=VERTEX_POINT('',#7344);
#7346=CARTESIAN_POINT('',(54.323779,-39.5102301,-52.));
#7347=DIRECTION('',(-0.,-0.,-1.));
#7348=DIRECTION('',(1.,0.,-0.));
#7349=AXIS2_PLACEMENT_3D('',#7346,#7347,#7348);
#7350=CIRCLE('',#7349,2.280289178);
#7351=EDGE_CURVE('',#7343,#7345,#7350,.T.);
#7352=ORIENTED_EDGE('',*,*,#7351,.T.);
#7353=CARTESIAN_POINT('',(55.023395087,-41.680542535,-52.));
#7354=DIRECTION('',(-0.999997804,-0.002095776,0.));
#7355=VECTOR('',#7354,26.756284773);
#7356=LINE('',#7353,#7355);
#7357=EDGE_CURVE('',#7345,#7259,#7356,.T.);
#7358=ORIENTED_EDGE('',*,*,#7357,.T.);
#7359=ORIENTED_EDGE('',*,*,#7265,.T.);
#7360=CARTESIAN_POINT('',(56.494014487,-12.147819414,-52.));
#7361=DIRECTION('',(0.,-1.,0.));
#7362=VECTOR('',#7361,28.062265432);
#7363=LINE('',#7360,#7362);
#7364=EDGE_CURVE('',#7220,#7343,#7363,.T.);
#7365=ORIENTED_EDGE('',*,*,#7364,.T.);
#7366=EDGE_LOOP('',(#7352,#7358,#7359,#7365));
#7367=FACE_BOUND('',#7366,.T.);
#7368=CARTESIAN_POINT('',(55.5,-38.4,-52.));
#7369=VERTEX_POINT('',#7368);
#7370=CARTESIAN_POINT('',(53.,-38.4,-52.));
#7371=DIRECTION('',(0.,0.,1.));
#7372=DIRECTION('',(1.,0.,-0.));
#7373=AXIS2_PLACEMENT_3D('',#7370,#7371,#7372);
#7374=CIRCLE('',#7373,2.5);
#7375=EDGE_CURVE('',#7369,#7369,#7374,.T.);
#7376=ORIENTED_EDGE('',*,*,#7375,.T.);
#7377=EDGE_LOOP('',(#7376));
#7378=FACE_BOUND('',#7377,.T.);
#7379=ADVANCED_FACE('',(#7367,#7378),#7341,.F.);
#7380=CARTESIAN_POINT('',(53.,-38.4,-53.));
#7381=DIRECTION('',(0.,0.,1.));
#7382=DIRECTION('',(1.,0.,-0.));
#7383=AXIS2_PLACEMENT_3D('',#7380,#7381,#7382);
#7384=CYLINDRICAL_SURFACE('',#7383,2.5);
#7385=CARTESIAN_POINT('',(55.5,-38.4,-38.));
#7386=DIRECTION('',(-0.,-0.,-1.));
#7387=VECTOR('',#7386,14.);
#7388=LINE('',#7385,#7387);
#7389=EDGE_CURVE('',#7326,#7369,#7388,.T.);
#7390=ORIENTED_EDGE('',*,*,#7389,.F.);
#7391=ORIENTED_EDGE('',*,*,#7332,.T.);
#7392=ORIENTED_EDGE('',*,*,#7389,.T.);
#7393=ORIENTED_EDGE('',*,*,#7375,.F.);
#7394=EDGE_LOOP('',(#7390,#7391,#7392,#7393));
#7395=FACE_BOUND('',#7394,.T.);
#7396=ADVANCED_FACE('',(#7395),#7384,.F.);
#7397=CARTESIAN_POINT('',(279.,71.93017744,-193.));
#7398=DIRECTION('',(0.,1.,-0.));
#7399=DIRECTION('',(0.,0.,1.));
#7400=AXIS2_PLACEMENT_3D('',#7397,#7398,#7399);
#7401=PLANE('',#7400);
#7402=ORIENTED_EDGE('',*,*,#6074,.F.);
#7403=CARTESIAN_POINT('',(-69.223738358,71.93017744,-206.));
#7404=DIRECTION('',(0.,0.,1.));
#7405=VECTOR('',#7404,28.);
#7406=LINE('',#7403,#7405);
#7407=EDGE_CURVE('',#6062,#5733,#7406,.T.);
#7408=ORIENTED_EDGE('',*,*,#7407,.T.);
#7409=ORIENTED_EDGE('',*,*,#5738,.T.);
#7410=ORIENTED_EDGE('',*,*,#4599,.T.);
#7411=EDGE_LOOP('',(#7402,#7408,#7409,#7410));
#7412=FACE_BOUND('',#7411,.T.);
#7413=ADVANCED_FACE('',(#7412),#7401,.F.);
#7414=CARTESIAN_POINT('',(279.,71.93017744,-193.));
#7415=DIRECTION('',(0.,1.,-0.));
#7416=DIRECTION('',(0.,0.,1.));
#7417=AXIS2_PLACEMENT_3D('',#7414,#7415,#7416);
#7418=PLANE('',#7417);
#7419=ORIENTED_EDGE('',*,*,#5951,.T.);
#7420=CARTESIAN_POINT('',(69.11250119,71.93017744,-178.));
#7421=DIRECTION('',(-0.,-0.,-1.));
#7422=VECTOR('',#7421,28.);
#7423=LINE('',#7420,#7422);
#7424=EDGE_CURVE('',#5937,#6565,#7423,.T.);
#7425=ORIENTED_EDGE('',*,*,#7424,.T.);
#7426=ORIENTED_EDGE('',*,*,#6570,.F.);
#7427=ORIENTED_EDGE('',*,*,#6288,.T.);
#7428=ORIENTED_EDGE('',*,*,#6596,.T.);
#7429=EDGE_LOOP('',(#7419,#7425,#7426,#7427,#7428));
#7430=FACE_BOUND('',#7429,.T.);
#7431=ADVANCED_FACE('',(#7430),#7418,.F.);
#7432=CARTESIAN_POINT('',(279.,-45.207803951,-193.));
#7433=DIRECTION('',(0.,-1.,0.));
#7434=DIRECTION('',(0.,-0.,-1.));
#7435=AXIS2_PLACEMENT_3D('',#7432,#7433,#7434);
#7436=PLANE('',#7435);
#7437=ORIENTED_EDGE('',*,*,#6159,.T.);
#7438=CARTESIAN_POINT('',(69.11250119,-45.207803951,-206.));
#7439=DIRECTION('',(0.,0.,1.));
#7440=VECTOR('',#7439,28.);
#7441=LINE('',#7438,#7440);
#7442=EDGE_CURVE('',#6145,#5894,#7441,.T.);
#7443=ORIENTED_EDGE('',*,*,#7442,.T.);
#7444=ORIENTED_EDGE('',*,*,#5899,.F.);
#7445=CARTESIAN_POINT('',(60.541616093,-45.207803951,-214.329540021));
#7446=DIRECTION('',(-0.,1.,-0.));
#7447=DIRECTION('',(-0.045117693,0.,0.998981678));
#7448=AXIS2_PLACEMENT_3D('',#7445,#7446,#7447);
#7449=ELLIPSE('',#7448,418.293294722,18.4);
#7450=EDGE_CURVE('',#5892,#6154,#7449,.T.);
#7451=ORIENTED_EDGE('',*,*,#7450,.T.);
#7452=EDGE_LOOP('',(#7437,#7443,#7444,#7451));
#7453=FACE_BOUND('',#7452,.T.);
#7454=ADVANCED_FACE('',(#7453),#7436,.F.);
#7455=CARTESIAN_POINT('',(279.,13.361186745,-178.));
#7456=DIRECTION('',(0.,0.,1.));
#7457=DIRECTION('',(0.,-1.,0.));
#7458=AXIS2_PLACEMENT_3D('',#7455,#7456,#7457);
#7459=PLANE('',#7458);
#7460=ORIENTED_EDGE('',*,*,#6617,.T.);
#7461=CARTESIAN_POINT('',(60.405342336,78.653033462,-178.));
#7462=VERTEX_POINT('',#7461);
#7463=CARTESIAN_POINT('',(69.11250119,80.93017744,-178.));
#7464=DIRECTION('',(0.,0.,1.));
#7465=DIRECTION('',(0.,-1.,0.));
#7466=AXIS2_PLACEMENT_3D('',#7463,#7464,#7465);
#7467=CIRCLE('',#7466,9.);
#7468=EDGE_CURVE('',#6601,#7462,#7467,.T.);
#7469=ORIENTED_EDGE('',*,*,#7468,.T.);
#7470=CARTESIAN_POINT('',(54.655359867,67.104654731,-178.));
#7471=DIRECTION('',(0.,0.,1.));
#7472=DIRECTION('',(0.,-1.,0.));
#7473=AXIS2_PLACEMENT_3D('',#7470,#7471,#7472);
#7474=CIRCLE('',#7473,12.900672451);
#7475=EDGE_CURVE('',#7462,#5669,#7474,.T.);
#7476=ORIENTED_EDGE('',*,*,#7475,.T.);
#7477=ORIENTED_EDGE('',*,*,#5674,.T.);
#7478=CARTESIAN_POINT('',(54.,79.387836158,-178.));
#7479=VERTEX_POINT('',#7478);
#7480=CARTESIAN_POINT('',(54.,79.387836158,-178.));
#7481=DIRECTION('',(0.,1.,-0.));
#7482=VECTOR('',#7481,0.455783804);
#7483=LINE('',#7480,#7482);
#7484=EDGE_CURVE('',#7479,#5660,#7483,.T.);
#7485=ORIENTED_EDGE('',*,*,#7484,.F.);
#7486=CARTESIAN_POINT('',(42.8,79.387836158,-178.));
#7487=VERTEX_POINT('',#7486);
#7488=CARTESIAN_POINT('',(54.,79.387836158,-178.));
#7489=DIRECTION('',(-1.,0.,0.));
#7490=VECTOR('',#7489,11.2);
#7491=LINE('',#7488,#7490);
#7492=EDGE_CURVE('',#7479,#7487,#7491,.T.);
#7493=ORIENTED_EDGE('',*,*,#7492,.T.);
#7494=CARTESIAN_POINT('',(42.8,79.387836158,-178.));
#7495=DIRECTION('',(0.,1.,-0.));
#7496=VECTOR('',#7495,0.440053886);
#7497=LINE('',#7494,#7496);
#7498=EDGE_CURVE('',#7487,#4144,#7497,.T.);
#7499=ORIENTED_EDGE('',*,*,#7498,.T.);
#7500=ORIENTED_EDGE('',*,*,#4157,.T.);
#7501=ORIENTED_EDGE('',*,*,#4027,.T.);
#7502=CARTESIAN_POINT('',(25.,81.,-178.));
#7503=DIRECTION('',(0.,-1.,0.));
#7504=VECTOR('',#7503,1.19710929);
#7505=LINE('',#7502,#7504);
#7506=EDGE_CURVE('',#4014,#5574,#7505,.T.);
#7507=ORIENTED_EDGE('',*,*,#7506,.T.);
#7508=ORIENTED_EDGE('',*,*,#5581,.T.);
#7509=CARTESIAN_POINT('',(-60.551525915,78.52336807,-178.));
#7510=VERTEX_POINT('',#7509);
#7511=CARTESIAN_POINT('',(-54.519809045,66.899376986,-178.));
#7512=DIRECTION('',(0.,0.,1.));
#7513=DIRECTION('',(0.,-1.,0.));
#7514=AXIS2_PLACEMENT_3D('',#7511,#7512,#7513);
#7515=CIRCLE('',#7514,13.095754164);
#7516=EDGE_CURVE('',#5576,#7510,#7515,.T.);
#7517=ORIENTED_EDGE('',*,*,#7516,.T.);
#7518=CARTESIAN_POINT('',(-60.223738358,80.93017744,-178.000000629));
#7519=VERTEX_POINT('',#7518);
#7520=CARTESIAN_POINT('',(-69.223738358,80.93017744,-178.));
#7521=DIRECTION('',(0.,0.,1.));
#7522=DIRECTION('',(0.,-1.,0.));
#7523=AXIS2_PLACEMENT_3D('',#7520,#7521,#7522);
#7524=CIRCLE('',#7523,9.);
#7525=EDGE_CURVE('',#7510,#7519,#7524,.T.);
#7526=ORIENTED_EDGE('',*,*,#7525,.T.);
#7527=CARTESIAN_POINT('',(-60.223738358,80.93017744,-178.000000629));
#7528=DIRECTION('',(0.,1.,0.));
#7529=VECTOR('',#7528,8.047611161);
#7530=LINE('',#7527,#7529);
#7531=EDGE_CURVE('',#7519,#4575,#7530,.T.);
#7532=ORIENTED_EDGE('',*,*,#7531,.T.);
#7533=ORIENTED_EDGE('',*,*,#4673,.T.);
#7534=ORIENTED_EDGE('',*,*,#2893,.T.);
#7535=EDGE_LOOP('',(#7460,#7469,#7476,#7477,#7485,#7493,#7499,#7500,#7501,#7507,#7508,#7517,#7526,#7532,#7533,#7534));
#7536=FACE_BOUND('',#7535,.T.);
#7537=ADVANCED_FACE('',(#7536),#7459,.F.);
#7538=CARTESIAN_POINT('',(60.11250119,-284.,-193.000000629));
#7539=DIRECTION('',(1.,0.,-0.));
#7540=DIRECTION('',(-0.,0.,-1.));
#7541=AXIS2_PLACEMENT_3D('',#7538,#7539,#7540);
#7542=PLANE('',#7541);
#7543=ORIENTED_EDGE('',*,*,#5841,.T.);
#7544=CARTESIAN_POINT('',(60.11250119,-54.207803951,-178.000000629));
#7545=DIRECTION('',(-0.,-0.,-1.));
#7546=VECTOR('',#7545,27.999999371);
#7547=LINE('',#7544,#7546);
#7548=EDGE_CURVE('',#5827,#6137,#7547,.T.);
#7549=ORIENTED_EDGE('',*,*,#7548,.T.);
#7550=ORIENTED_EDGE('',*,*,#6142,.F.);
#7551=ORIENTED_EDGE('',*,*,#6318,.T.);
#7552=CARTESIAN_POINT('',(60.11250119,-44.789025611,-204.828213709));
#7553=DIRECTION('',(-1.,-0.,0.));
#7554=DIRECTION('',(0.,0.044033027,0.999030076));
#7555=AXIS2_PLACEMENT_3D('',#7552,#7553,#7554);
#7556=ELLIPSE('',#7555,408.217403168,18.4);
#7557=EDGE_CURVE('',#6313,#5836,#7556,.T.);
#7558=ORIENTED_EDGE('',*,*,#7557,.T.);
#7559=EDGE_LOOP('',(#7543,#7549,#7550,#7551,#7558));
#7560=FACE_BOUND('',#7559,.T.);
#7561=ADVANCED_FACE('',(#7560),#7542,.F.);
#7562=CARTESIAN_POINT('',(-60.223738358,-284.,-193.000000629));
#7563=DIRECTION('',(-1.,0.,0.));
#7564=DIRECTION('',(0.,0.,1.));
#7565=AXIS2_PLACEMENT_3D('',#7562,#7563,#7564);
#7566=PLANE('',#7565);
#7567=ORIENTED_EDGE('',*,*,#6017,.T.);
#7568=CARTESIAN_POINT('',(-60.223738358,-54.207803951,-206.));
#7569=DIRECTION('',(0.,0.,1.));
#7570=VECTOR('',#7569,27.999999371);
#7571=LINE('',#7568,#7570);
#7572=EDGE_CURVE('',#6005,#5860,#7571,.T.);
#7573=ORIENTED_EDGE('',*,*,#7572,.T.);
#7574=ORIENTED_EDGE('',*,*,#5865,.F.);
#7575=ORIENTED_EDGE('',*,*,#2542,.T.);
#7576=EDGE_LOOP('',(#7567,#7573,#7574,#7575));
#7577=FACE_BOUND('',#7576,.T.);
#7578=ADVANCED_FACE('',(#7577),#7566,.F.);
#7579=CARTESIAN_POINT('',(-60.223738358,-284.,-193.000000629));
#7580=DIRECTION('',(-1.,0.,0.));
#7581=DIRECTION('',(0.,0.,1.));
#7582=AXIS2_PLACEMENT_3D('',#7579,#7580,#7581);
#7583=PLANE('',#7582);
#7584=ORIENTED_EDGE('',*,*,#4581,.T.);
#7585=ORIENTED_EDGE('',*,*,#7531,.F.);
#7586=CARTESIAN_POINT('',(-60.223738358,80.93017744,-178.000000629));
#7587=DIRECTION('',(-0.,-0.,-1.));
#7588=VECTOR('',#7587,27.999999371);
#7589=LINE('',#7586,#7588);
#7590=EDGE_CURVE('',#7519,#6054,#7589,.T.);
#7591=ORIENTED_EDGE('',*,*,#7590,.T.);
#7592=ORIENTED_EDGE('',*,*,#6059,.T.);
#7593=EDGE_LOOP('',(#7584,#7585,#7591,#7592));
#7594=FACE_BOUND('',#7593,.T.);
#7595=ADVANCED_FACE('',(#7594),#7583,.F.);
#7596=CARTESIAN_POINT('',(54.323779,-39.5102301,-171.));
#7597=DIRECTION('',(0.,0.,1.));
#7598=DIRECTION('',(0.,-1.,0.));
#7599=AXIS2_PLACEMENT_3D('',#7596,#7597,#7598);
#7600=TOROIDAL_SURFACE('',#7599,13.280289178,7.);
#7601=CARTESIAN_POINT('',(55.499139165,-45.679554264,-171.));
#7602=CARTESIAN_POINT('',(55.499139165,-45.679554264,-171.462760008));
#7603=CARTESIAN_POINT('',(55.503497046,-45.724981959,-171.917740846));
#7604=CARTESIAN_POINT('',(55.511903223,-45.813958081,-172.365266391));
#7605=CARTESIAN_POINT('',(55.516106311,-45.858446142,-172.589029164));
#7606=CARTESIAN_POINT('',(55.521325011,-45.913902523,-172.810914273));
#7607=CARTESIAN_POINT('',(55.527544789,-45.98057554,-173.03087981));
#7608=CARTESIAN_POINT('',(55.533764567,-46.047248557,-173.250845346));
#7609=CARTESIAN_POINT('',(55.541016946,-46.125493355,-173.469421801));
#7610=CARTESIAN_POINT('',(55.549073168,-46.213344371,-173.681318303));
#7611=CARTESIAN_POINT('',(55.565185614,-46.389046404,-174.105111306));
#7612=CARTESIAN_POINT('',(55.584599167,-46.604043384,-174.507060107));
#7613=CARTESIAN_POINT('',(55.606871875,-46.857971892,-174.887386956));
#7614=CARTESIAN_POINT('',(55.618008229,-46.984936146,-175.07755038));
#7615=CARTESIAN_POINT('',(55.629914517,-47.122286027,-175.262968812));
#7616=CARTESIAN_POINT('',(55.642405025,-47.268489269,-175.441124536));
#7617=CARTESIAN_POINT('',(55.654895533,-47.41469251,-175.61928026));
#7618=CARTESIAN_POINT('',(55.667867829,-47.568540625,-175.788854762));
#7619=CARTESIAN_POINT('',(55.681264461,-47.729798262,-175.950116098));
#7620=CARTESIAN_POINT('',(55.708057723,-48.052313536,-176.272638771));
#7621=CARTESIAN_POINT('',(55.736530418,-48.404256596,-176.562145266));
#7622=CARTESIAN_POINT('',(55.766468991,-48.786354196,-176.817843435));
#7623=CARTESIAN_POINT('',(55.781438278,-48.977402995,-176.945692519));
#7624=CARTESIAN_POINT('',(55.79675383,-49.175768449,-177.064660251));
#7625=CARTESIAN_POINT('',(55.812087246,-49.377399338,-177.172523824));
#7626=CARTESIAN_POINT('',(55.827420662,-49.579030226,-177.280387397));
#7627=CARTESIAN_POINT('',(55.842853506,-49.784959414,-177.377870684));
#7628=CARTESIAN_POINT('',(55.858373653,-49.995125331,-177.465124279));
#7629=CARTESIAN_POINT('',(55.873893801,-50.205291248,-177.552377875));
#7630=CARTESIAN_POINT('',(55.889501179,-50.419693929,-177.629401708));
#7631=CARTESIAN_POINT('',(55.905193493,-50.638393789,-177.696050538));
#7632=CARTESIAN_POINT('',(55.920885807,-50.857093648,-177.762699367));
#7633=CARTESIAN_POINT('',(55.93673134,-51.081076358,-177.819149771));
#7634=CARTESIAN_POINT('',(55.952483791,-51.30688714,-177.864281355));
#7635=CARTESIAN_POINT('',(55.983988693,-51.758508704,-177.954544523));
#7636=CARTESIAN_POINT('',(56.015050519,-52.216713786,-178.));
#7637=CARTESIAN_POINT('',(56.045621436,-52.67842433,-178.));
#7638=B_SPLINE_CURVE_WITH_KNOTS('',3,(#7601,#7602,#7603,#7604,#7605,#7606,#7607,#7608,#7609,#7610,#7611,#7612,#7613,#7614,#7615,#7616,#7617,#7618,#7619,#7620,#7621,#7622,#7623,#7624,#7625,#7626,
#7627,#7628,#7629,#7630,#7631,#7632,#7633,#7634,#7635,#7636,#7637),.UNSPECIFIED.,.F.,.F.,(4,3,3,3,3,3,3,3,3,3,3,3,4),(0.,0.00136854,0.00205281,0.002737079,0.004105619,0.004789889,0.005474159,0.006842698,0.007526968,0.008211238,0.008895508,0.009579778,0.010948317),.UNSPECIFIED.);
#7639=EDGE_CURVE('',#4347,#5810,#7638,.T.);
#7640=ORIENTED_EDGE('',*,*,#7639,.F.);
#7641=ORIENTED_EDGE('',*,*,#5515,.F.);
#7642=CARTESIAN_POINT('',(67.494014487,-41.216388904,-178.));
#7643=CARTESIAN_POINT('',(67.032245712,-41.186577456,-178.));
#7644=CARTESIAN_POINT('',(66.573980942,-41.156261321,-177.954545251));
#7645=CARTESIAN_POINT('',(66.122301435,-41.125486642,-177.864284617));
#7646=CARTESIAN_POINT('',(65.896461682,-41.110099303,-177.8191543));
#7647=CARTESIAN_POINT('',(65.672446962,-41.094614159,-177.762704847));
#7648=CARTESIAN_POINT('',(65.453716223,-41.079272214,-177.696057273));
#7649=CARTESIAN_POINT('',(65.234985485,-41.06393027,-177.629409698));
#7650=CARTESIAN_POINT('',(65.020552436,-41.048664807,-177.552387407));
#7651=CARTESIAN_POINT('',(64.810356609,-41.03347826,-177.46513576));
#7652=CARTESIAN_POINT('',(64.600160782,-41.018291713,-177.377884113));
#7653=CARTESIAN_POINT('',(64.394202143,-41.003184156,-177.28040318));
#7654=CARTESIAN_POINT('',(64.192542227,-40.988167666,-177.1725425));
#7655=CARTESIAN_POINT('',(63.990882311,-40.973151177,-177.06468182));
#7656=CARTESIAN_POINT('',(63.792488652,-40.958145838,-176.94571805));
#7657=CARTESIAN_POINT('',(63.601408424,-40.943473463,-176.817870576));
#7658=CARTESIAN_POINT('',(63.219247968,-40.914128712,-176.562175628));
#7659=CARTESIAN_POINT('',(62.86724549,-40.886196562,-176.272672842));
#7660=CARTESIAN_POINT('',(62.544674183,-40.859893588,-175.9501546));
#7661=CARTESIAN_POINT('',(62.38338853,-40.846742101,-175.788895479));
#7662=CARTESIAN_POINT('',(62.229513256,-40.834002306,-175.619323369));
#7663=CARTESIAN_POINT('',(62.083283767,-40.821731565,-175.441170237));
#7664=CARTESIAN_POINT('',(61.937054278,-40.809460824,-175.263017105));
#7665=CARTESIAN_POINT('',(61.799676071,-40.797759472,-175.077597178));
#7666=CARTESIAN_POINT('',(61.672686344,-40.786811695,-174.887433428));
#7667=CARTESIAN_POINT('',(61.418706889,-40.764916141,-174.507105927));
#7668=CARTESIAN_POINT('',(61.203665123,-40.745817846,-174.105155716));
#7669=CARTESIAN_POINT('',(61.027925454,-40.729961193,-173.681360218));
#7670=CARTESIAN_POINT('',(60.940055619,-40.722032866,-173.46946247));
#7671=CARTESIAN_POINT('',(60.861793529,-40.714893803,-173.250884012));
#7672=CARTESIAN_POINT('',(60.795105344,-40.708770259,-173.030915139));
#7673=CARTESIAN_POINT('',(60.72841716,-40.702646715,-172.810946265));
#7674=CARTESIAN_POINT('',(60.672948031,-40.697507725,-172.589057632));
#7675=CARTESIAN_POINT('',(60.628449681,-40.693368457,-172.36529114));
#7676=CARTESIAN_POINT('',(60.539452981,-40.685089922,-171.917758158));
#7677=CARTESIAN_POINT('',(60.494014487,-40.680796712,-171.462769109));
#7678=CARTESIAN_POINT('',(60.494014487,-40.680796712,-171.));
#7679=B_SPLINE_CURVE_WITH_KNOTS('',3,(#7642,#7643,#7644,#7645,#7646,#7647,#7648,#7649,#7650,#7651,#7652,#7653,#7654,#7655,#7656,#7657,#7658,#7659,#7660,#7661,#7662,#7663,#7664,#7665,#7666,#7667,
#7668,#7669,#7670,#7671,#7672,#7673,#7674,#7675,#7676,#7677,#7678),.UNSPECIFIED.,.F.,.F.,(4,3,3,3,3,3,3,3,3,3,3,3,4),(0.,0.001368566,0.002052849,0.002737132,0.003421415,0.004105698,0.005474264,0.006158547,0.00684283,0.008211397,0.00889568,0.009579963,0.010948529),.UNSPECIFIED.);
#7680=EDGE_CURVE('',#5911,#4291,#7679,.T.);
#7681=ORIENTED_EDGE('',*,*,#7680,.F.);
#7682=ORIENTED_EDGE('',*,*,#5917,.F.);
#7683=CARTESIAN_POINT('',(66.049522988,-45.745052357,-178.));
#7684=CARTESIAN_POINT('',(65.420125226,-45.972854344,-178.));
#7685=CARTESIAN_POINT('',(64.830682861,-46.264464736,-177.958046635));
#7686=CARTESIAN_POINT('',(64.277224967,-46.617013225,-177.920786343));
#7687=CARTESIAN_POINT('',(64.000496019,-46.793287469,-177.902156197));
#7688=CARTESIAN_POINT('',(63.732870074,-46.984961725,-177.884523415));
#7689=CARTESIAN_POINT('',(63.474490889,-47.192617577,-177.872044423));
#7690=CARTESIAN_POINT('',(63.216111705,-47.400273429,-177.859565432));
#7691=CARTESIAN_POINT('',(62.966262225,-47.624985334,-177.852402587));
#7692=CARTESIAN_POINT('',(62.732591977,-47.859831169,-177.852331774));
#7693=CARTESIAN_POINT('',(62.498921729,-48.094677004,-177.852260961));
#7694=CARTESIAN_POINT('',(62.279659171,-48.340895236,-177.859135006));
#7695=CARTESIAN_POINT('',(62.074499395,-48.598300342,-177.87133));
#7696=CARTESIAN_POINT('',(61.869339619,-48.855705447,-177.883524993));
#7697=CARTESIAN_POINT('',(61.678279831,-49.12429676,-177.900998397));
#7698=CARTESIAN_POINT('',(61.501514534,-49.40437995,-177.919769391));
#7699=CARTESIAN_POINT('',(61.324749237,-49.68446314,-177.938540386));
#7700=CARTESIAN_POINT('',(61.161990734,-49.976966079,-177.95858207));
#7701=CARTESIAN_POINT('',(61.016703088,-50.276130885,-177.973932455));
#7702=CARTESIAN_POINT('',(60.871415442,-50.57529569,-177.989282841));
#7703=CARTESIAN_POINT('',(60.742783018,-50.882215825,-178.));
#7704=CARTESIAN_POINT('',(60.63097489,-51.197204073,-178.));
#7705=B_SPLINE_CURVE_WITH_KNOTS('',3,(#7683,#7684,#7685,#7686,#7687,#7688,#7689,#7690,#7691,#7692,#7693,#7694,#7695,#7696,#7697,#7698,#7699,#7700,#7701,#7702,#7703,#7704),.UNSPECIFIED.,.F.,.F.,(4,3,3,3,3,3,3,4),(0.,0.001970622,0.002955933,0.003941244,0.004926555,0.005911866,0.006897177,0.007882487),.UNSPECIFIED.);
#7706=EDGE_CURVE('',#5902,#5818,#7705,.T.);
#7707=ORIENTED_EDGE('',*,*,#7706,.T.);
#7708=ORIENTED_EDGE('',*,*,#5824,.F.);
#7709=EDGE_LOOP('',(#7640,#7641,#7681,#7682,#7707,#7708));
#7710=FACE_BOUND('',#7709,.T.);
#7711=ADVANCED_FACE('',(#7710),#7600,.T.);
#7712=CARTESIAN_POINT('',(67.494014487,13.628211957,-171.));
#7713=DIRECTION('',(0.,-1.,0.));
#7714=DIRECTION('',(0.,-0.,-1.));
#7715=AXIS2_PLACEMENT_3D('',#7712,#7713,#7714);
#7716=CYLINDRICAL_SURFACE('',#7715,7.);
#7717=ORIENTED_EDGE('',*,*,#7680,.T.);
#7718=ORIENTED_EDGE('',*,*,#4296,.F.);
#7719=CARTESIAN_POINT('',(67.494014487,68.36810131,-178.));
#7720=CARTESIAN_POINT('',(67.032096493,68.345403263,-178.));
#7721=CARTESIAN_POINT('',(66.573655128,68.322312579,-177.954517055));
#7722=CARTESIAN_POINT('',(66.121761951,68.298844416,-177.864176788));
#7723=CARTESIAN_POINT('',(65.895815363,68.287110334,-177.819006655));
#7724=CARTESIAN_POINT('',(65.671779313,68.275300798,-177.76252687));
#7725=CARTESIAN_POINT('',(65.453002115,68.263593441,-177.695839641));
#7726=CARTESIAN_POINT('',(65.234224917,68.251886084,-177.629152412));
#7727=CARTESIAN_POINT('',(65.019736398,68.240230885,-177.55208211));
#7728=CARTESIAN_POINT('',(64.809477726,68.228629356,-177.464770868));
#7729=CARTESIAN_POINT('',(64.599219055,68.217027828,-177.377459627));
#7730=CARTESIAN_POINT('',(64.393190191,68.205480052,-177.279907533));
#7731=CARTESIAN_POINT('',(64.191454331,68.193994906,-177.171960501));
#7732=CARTESIAN_POINT('',(63.989718472,68.18250976,-177.064013469));
#7733=CARTESIAN_POINT('',(63.791229191,68.171025185,-176.944934386));
#7734=CARTESIAN_POINT('',(63.600163378,68.159794935,-176.817037351));
#7735=CARTESIAN_POINT('',(63.218031752,68.137334436,-176.56124328));
#7736=CARTESIAN_POINT('',(62.86604938,68.115927151,-176.27162937));
#7737=CARTESIAN_POINT('',(62.543502515,68.095743637,-175.948982847));
#7738=CARTESIAN_POINT('',(62.382229083,68.08565188,-175.787659586));
#7739=CARTESIAN_POINT('',(62.22836709,68.075869474,-175.618019102));
#7740=CARTESIAN_POINT('',(62.082153587,68.066441349,-175.439792969));
#7741=CARTESIAN_POINT('',(61.935940085,68.057013224,-175.261566835));
#7742=CARTESIAN_POINT('',(61.798670667,68.048022333,-175.076190031));
#7743=CARTESIAN_POINT('',(61.67175366,68.039603538,-174.886036396));
#7744=CARTESIAN_POINT('',(61.417919647,68.022765948,-174.505729126));
#7745=CARTESIAN_POINT('',(61.203016777,68.008058624,-174.103823829));
#7746=CARTESIAN_POINT('',(61.02740617,67.995837767,-173.680107625));
#7747=CARTESIAN_POINT('',(60.939600867,67.989727338,-173.468249523));
#7748=CARTESIAN_POINT('',(60.861407103,67.984222662,-173.249733373));
#7749=CARTESIAN_POINT('',(60.794786696,67.979499913,-173.029863791));
#7750=CARTESIAN_POINT('',(60.728166289,67.974777164,-172.809994208));
#7751=CARTESIAN_POINT('',(60.672754671,67.970811834,-172.588210474));
#7752=CARTESIAN_POINT('',(60.628303268,67.967617193,-172.364554673));
#7753=CARTESIAN_POINT('',(60.53940046,67.961227911,-171.917243071));
#7754=CARTESIAN_POINT('',(60.494014487,67.957911792,-171.462498385));
#7755=CARTESIAN_POINT('',(60.494014487,67.957911792,-171.));
#7756=B_SPLINE_CURVE_WITH_KNOTS('',3,(#7719,#7720,#7721,#7722,#7723,#7724,#7725,#7726,#7727,#7728,#7729,#7730,#7731,#7732,#7733,#7734,#7735,#7736,#7737,#7738,#7739,#7740,#7741,#7742,#7743,#7744,
#7745,#7746,#7747,#7748,#7749,#7750,#7751,#7752,#7753,#7754,#7755),.UNSPECIFIED.,.F.,.F.,(4,3,3,3,3,3,3,3,3,3,3,3,4),(0.,0.001367783,0.002051675,0.002735566,0.003419458,0.004103349,0.005471132,0.006155024,0.006838915,0.008206698,0.00889059,0.009574482,0.010942265),.UNSPECIFIED.);
#7757=EDGE_CURVE('',#5920,#4283,#7756,.T.);
#7758=ORIENTED_EDGE('',*,*,#7757,.F.);
#7759=ORIENTED_EDGE('',*,*,#5925,.F.);
#7760=EDGE_LOOP('',(#7717,#7718,#7758,#7759));
#7761=FACE_BOUND('',#7760,.T.);
#7762=ADVANCED_FACE('',(#7761),#7716,.T.);
#7763=CARTESIAN_POINT('',(0.524682379,-52.794784062,-171.));
#7764=DIRECTION('',(-0.999997804,-0.002095776,0.));
#7765=DIRECTION('',(0.002095776,-0.999997804,0.));
#7766=AXIS2_PLACEMENT_3D('',#7763,#7764,#7765);
#7767=CYLINDRICAL_SURFACE('',#7766,7.);
#7768=CARTESIAN_POINT('',(-54.507846058,-45.91010482,-171.));
#7769=CARTESIAN_POINT('',(-54.507846058,-45.91010482,-171.462470749));
#7770=CARTESIAN_POINT('',(-54.510633976,-45.955491408,-171.917193274));
#7771=CARTESIAN_POINT('',(-54.516017446,-46.044397591,-172.364487097));
#7772=CARTESIAN_POINT('',(-54.518709181,-46.088850682,-172.588134009));
#7773=CARTESIAN_POINT('',(-54.52205224,-46.144264642,-172.809909948));
#7774=CARTESIAN_POINT('',(-54.526038685,-46.210888214,-173.029772688));
#7775=CARTESIAN_POINT('',(-54.530025129,-46.277511785,-173.249635428));
#7776=CARTESIAN_POINT('',(-54.534676067,-46.355713631,-173.468158216));
#7777=CARTESIAN_POINT('',(-54.539846334,-46.443531651,-173.680027786));
#7778=CARTESIAN_POINT('',(-54.55018687,-46.619167693,-174.103766927));
#7779=CARTESIAN_POINT('',(-54.562658038,-46.834105315,-174.505694583));
#7780=CARTESIAN_POINT('',(-54.576984488,-47.087980952,-174.886020625));
#7781=CARTESIAN_POINT('',(-54.584147713,-47.214918771,-175.076183645));
#7782=CARTESIAN_POINT('',(-54.591807621,-47.352196836,-175.26155277));
#7783=CARTESIAN_POINT('',(-54.599854795,-47.498457736,-175.439814297));
#7784=CARTESIAN_POINT('',(-54.607901969,-47.644718636,-175.618075824));
#7785=CARTESIAN_POINT('',(-54.616263489,-47.798629696,-175.7877457));
#7786=CARTESIAN_POINT('',(-54.624902049,-47.959952781,-175.949092987));
#7787=CARTESIAN_POINT('',(-54.642179168,-48.282598952,-176.271787559));
#7788=CARTESIAN_POINT('',(-54.66055309,-48.634682965,-176.561428069));
#7789=CARTESIAN_POINT('',(-54.679880851,-49.016911083,-176.817231464));
#7790=CARTESIAN_POINT('',(-54.689544731,-49.208025142,-176.945133162));
#7791=CARTESIAN_POINT('',(-54.699441255,-49.406598569,-177.064235415));
#7792=CARTESIAN_POINT('',(-54.709348866,-49.608411188,-177.172193832));
#7793=CARTESIAN_POINT('',(-54.719256477,-49.810223807,-177.280152249));
#7794=CARTESIAN_POINT('',(-54.729228768,-50.01632605,-177.377707925));
#7795=CARTESIAN_POINT('',(-54.739256897,-50.226654114,-177.465016498));
#7796=CARTESIAN_POINT('',(-54.749285026,-50.436982177,-177.55232507));
#7797=CARTESIAN_POINT('',(-54.759368978,-50.651536098,-177.629386452));
#7798=CARTESIAN_POINT('',(-54.769506306,-50.870374113,-177.696059796));
#7799=CARTESIAN_POINT('',(-54.779643635,-51.089212129,-177.76273314));
#7800=CARTESIAN_POINT('',(-54.789878692,-51.313325122,-177.819198151));
#7801=CARTESIAN_POINT('',(-54.800053702,-51.539304354,-177.864342127));
#7802=CARTESIAN_POINT('',(-54.820403722,-51.991262818,-177.954630079));
#7803=CARTESIAN_POINT('',(-54.840415726,-52.448827113,-178.));
#7804=CARTESIAN_POINT('',(-54.860147439,-52.910858539,-178.));
#7805=B_SPLINE_CURVE_WITH_KNOTS('',3,(#7768,#7769,#7770,#7771,#7772,#7773,#7774,#7775,#7776,#7777,#7778,#7779,#7780,#7781,#7782,#7783,#7784,#7785,#7786,#7787,#7788,#7789,#7790,#7791,#7792,#7793,
#7794,#7795,#7796,#7797,#7798,#7799,#7800,#7801,#7802,#7803,#7804),.UNSPECIFIED.,.F.,.F.,(4,3,3,3,3,3,3,3,3,3,3,3,4),(0.,0.001367699,0.002051549,0.002735398,0.004103097,0.004786947,0.005470796,0.006838495,0.007522345,0.008206195,0.008890044,0.009573894,0.010941593),.UNSPECIFIED.);
#7806=EDGE_CURVE('',#4355,#5808,#7805,.T.);
#7807=ORIENTED_EDGE('',*,*,#7806,.F.);
#7808=ORIENTED_EDGE('',*,*,#4360,.F.);
#7809=ORIENTED_EDGE('',*,*,#7639,.T.);
#7810=ORIENTED_EDGE('',*,*,#5815,.F.);
#7811=EDGE_LOOP('',(#7807,#7808,#7809,#7810));
#7812=FACE_BOUND('',#7811,.T.);
#7813=ADVANCED_FACE('',(#7812),#7767,.T.);
#7814=CARTESIAN_POINT('',(54.655359867,67.104654731,-171.));
#7815=DIRECTION('',(0.,0.,1.));
#7816=DIRECTION('',(0.,-1.,0.));
#7817=AXIS2_PLACEMENT_3D('',#7814,#7815,#7816);
#7818=TOROIDAL_SURFACE('',#7817,12.900672451,7.);
#7819=ORIENTED_EDGE('',*,*,#7757,.T.);
#7820=ORIENTED_EDGE('',*,*,#5491,.F.);
#7821=ORIENTED_EDGE('',*,*,#5714,.F.);
#7822=ORIENTED_EDGE('',*,*,#7475,.F.);
#7823=CARTESIAN_POINT('',(60.405342336,78.653033462,-178.));
#7824=CARTESIAN_POINT('',(60.600682009,77.906109429,-178.));
#7825=CARTESIAN_POINT('',(60.884359452,77.205931333,-177.928584958));
#7826=CARTESIAN_POINT('',(61.252945758,76.545272832,-177.861989977));
#7827=CARTESIAN_POINT('',(61.345092334,76.380108207,-177.845341231));
#7828=CARTESIAN_POINT('',(61.442649701,76.217465593,-177.82895027));
#7829=CARTESIAN_POINT('',(61.545769535,76.057337193,-177.813889843));
#7830=CARTESIAN_POINT('',(61.648889369,75.897208793,-177.798829415));
#7831=CARTESIAN_POINT('',(61.7579791,75.739053162,-177.785066661));
#7832=CARTESIAN_POINT('',(61.871863567,75.584790006,-177.773682938));
#7833=CARTESIAN_POINT('',(62.099632499,75.276263694,-177.750915493));
#7834=CARTESIAN_POINT('',(62.344778511,74.985297984,-177.738147887));
#7835=CARTESIAN_POINT('',(62.606681046,74.711310641,-177.738105515));
#7836=CARTESIAN_POINT('',(62.868583582,74.437323298,-177.738063143));
#7837=CARTESIAN_POINT('',(63.147243878,74.180315355,-177.75073183));
#7838=CARTESIAN_POINT('',(63.442908094,73.940491171,-177.77320328));
#7839=CARTESIAN_POINT('',(63.738572311,73.700666988,-177.79567473));
#7840=CARTESIAN_POINT('',(64.05299013,73.477258535,-177.828035696));
#7841=CARTESIAN_POINT('',(64.376401667,73.277115222,-177.861503947));
#7842=CARTESIAN_POINT('',(65.023224739,72.876828597,-177.928440447));
#7843=CARTESIAN_POINT('',(65.711930203,72.561700304,-178.));
#7844=CARTESIAN_POINT('',(66.448918522,72.333356669,-178.));
#7845=B_SPLINE_CURVE_WITH_KNOTS('',3,(#7823,#7824,#7825,#7826,#7827,#7828,#7829,#7830,#7831,#7832,#7833,#7834,#7835,#7836,#7837,#7838,#7839,#7840,#7841,#7842,#7843,#7844),.UNSPECIFIED.,.F.,.F.,(4,3,3,3,3,3,3,4),(0.,0.002272308,0.002840385,0.003408462,0.004544616,0.00568077,0.006816924,0.009089231),.UNSPECIFIED.);
#7846=EDGE_CURVE('',#7462,#5928,#7845,.T.);
#7847=ORIENTED_EDGE('',*,*,#7846,.T.);
#7848=ORIENTED_EDGE('',*,*,#5934,.F.);
#7849=EDGE_LOOP('',(#7819,#7820,#7821,#7822,#7847,#7848));
#7850=FACE_BOUND('',#7849,.T.);
#7851=ADVANCED_FACE('',(#7850),#7818,.T.);
#7852=CARTESIAN_POINT('',(-53.633993663,-38.912608933,-171.));
#7853=DIRECTION('',(0.,0.,1.));
#7854=DIRECTION('',(0.,-1.,0.));
#7855=AXIS2_PLACEMENT_3D('',#7852,#7853,#7854);
#7856=TOROIDAL_SURFACE('',#7855,14.051848459,7.);
#7857=ORIENTED_EDGE('',*,*,#5881,.F.);
#7858=CARTESIAN_POINT('',(-60.819211837,-50.98849751,-178.));
#7859=CARTESIAN_POINT('',(-61.041305063,-50.408686784,-178.));
#7860=CARTESIAN_POINT('',(-61.318489738,-49.862537174,-177.969342486));
#7861=CARTESIAN_POINT('',(-61.648874527,-49.347614865,-177.942670585));
#7862=CARTESIAN_POINT('',(-61.814066922,-49.09015371,-177.929334635));
#7863=CARTESIAN_POINT('',(-61.992677113,-48.840575386,-177.916823168));
#7864=CARTESIAN_POINT('',(-62.185152305,-48.599033464,-177.90803227));
#7865=CARTESIAN_POINT('',(-62.281389901,-48.478262502,-177.903636821));
#7866=CARTESIAN_POINT('',(-62.381371073,-48.359224658,-177.900151558));
#7867=CARTESIAN_POINT('',(-62.483756945,-48.243522724,-177.89782062));
#7868=CARTESIAN_POINT('',(-62.586142816,-48.127820791,-177.895489683));
#7869=CARTESIAN_POINT('',(-62.691111311,-48.015199314,-177.894299328));
#7870=CARTESIAN_POINT('',(-62.798612724,-47.905601115,-177.894293767));
#7871=CARTESIAN_POINT('',(-63.228618375,-47.467208317,-177.89427152));
#7872=CARTESIAN_POINT('',(-63.698710493,-47.076737381,-177.915349442));
#7873=CARTESIAN_POINT('',(-64.209286462,-46.734165467,-177.942110766));
#7874=CARTESIAN_POINT('',(-64.464574447,-46.56287951,-177.955491429));
#7875=CARTESIAN_POINT('',(-64.731086449,-46.4032147,-177.969885973));
#7876=CARTESIAN_POINT('',(-65.00409741,-46.258298918,-177.981008267));
#7877=CARTESIAN_POINT('',(-65.277108371,-46.113383135,-177.992130562));
#7878=CARTESIAN_POINT('',(-65.557255526,-45.982653379,-178.));
#7879=CARTESIAN_POINT('',(-65.844724121,-45.866205616,-178.));
#7880=B_SPLINE_CURVE_WITH_KNOTS('',3,(#7858,#7859,#7860,#7861,#7862,#7863,#7864,#7865,#7866,#7867,#7868,#7869,#7870,#7871,#7872,#7873,#7874,#7875,#7876,#7877,#7878,#7879),.UNSPECIFIED.,.F.,.F.,(4,3,3,3,3,3,3,4),(0.,0.001835742,0.002753613,0.003212549,0.003671485,0.005507227,0.006425098,0.007342969),.UNSPECIFIED.);
#7881=EDGE_CURVE('',#5868,#5767,#7880,.T.);
#7882=ORIENTED_EDGE('',*,*,#7881,.T.);
#7883=ORIENTED_EDGE('',*,*,#5773,.F.);
#7884=CARTESIAN_POINT('',(-60.46852476,-40.649776566,-171.));
#7885=CARTESIAN_POINT('',(-60.46852476,-40.649776566,-171.463303415));
#7886=CARTESIAN_POINT('',(-60.514059761,-40.655527601,-171.9187741));
#7887=CARTESIAN_POINT('',(-60.603227494,-40.666633804,-172.366742543));
#7888=CARTESIAN_POINT('',(-60.647811361,-40.672186906,-172.590726765));
#7889=CARTESIAN_POINT('',(-60.703385065,-40.679084045,-172.812821487));
#7890=CARTESIAN_POINT('',(-60.770196212,-40.687310031,-173.032985093));
#7891=CARTESIAN_POINT('',(-60.837007359,-40.695536017,-173.253148699));
#7892=CARTESIAN_POINT('',(-60.915393455,-40.705130503,-173.471854586));
#7893=CARTESIAN_POINT('',(-61.003380308,-40.715795181,-173.683837371));
#7894=CARTESIAN_POINT('',(-61.179354012,-40.737124537,-174.10780294));
#7895=CARTESIAN_POINT('',(-61.394643649,-40.762853288,-174.509847437));
#7896=CARTESIAN_POINT('',(-61.648874032,-40.792431247,-174.890213069));
#7897=CARTESIAN_POINT('',(-61.775989224,-40.807220226,-175.080395885));
#7898=CARTESIAN_POINT('',(-61.913548031,-40.823050971,-175.265881757));
#7899=CARTESIAN_POINT('',(-62.059800205,-40.839656132,-175.443904456));
#7900=CARTESIAN_POINT('',(-62.206052379,-40.856261294,-175.621927154));
#7901=CARTESIAN_POINT('',(-62.359942858,-40.873522271,-175.791373541));
#7902=CARTESIAN_POINT('',(-62.5212387,-40.891364848,-175.952511726));
#7903=CARTESIAN_POINT('',(-62.843830384,-40.927050001,-176.274788094));
#7904=CARTESIAN_POINT('',(-63.195833124,-40.965038095,-176.564068534));
#7905=CARTESIAN_POINT('',(-63.577992532,-41.005054864,-176.819556798));
#7906=CARTESIAN_POINT('',(-63.769072236,-41.025063249,-176.94730093));
#7907=CARTESIAN_POINT('',(-63.967254764,-41.045529693,-177.066037116));
#7908=CARTESIAN_POINT('',(-64.168747389,-41.066041677,-177.173728978));
#7909=CARTESIAN_POINT('',(-64.370240014,-41.086553661,-177.28142084));
#7910=CARTESIAN_POINT('',(-64.576038825,-41.107216171,-177.37876008));
#7911=CARTESIAN_POINT('',(-64.786085213,-41.128011905,-177.465891221));
#7912=CARTESIAN_POINT('',(-64.996131601,-41.148807639,-177.553022363));
#7913=CARTESIAN_POINT('',(-65.210425584,-41.169736565,-177.62994537));
#7914=CARTESIAN_POINT('',(-65.429030422,-41.190794538,-177.696509665));
#7915=CARTESIAN_POINT('',(-65.64763526,-41.21185251,-177.76307396));
#7916=CARTESIAN_POINT('',(-65.871557704,-41.233133259,-177.819455944));
#7917=CARTESIAN_POINT('',(-66.097158574,-41.25428743,-177.864505966));
#7918=CARTESIAN_POINT('',(-66.548360314,-41.296595771,-177.954606011));
#7919=CARTESIAN_POINT('',(-67.006203124,-41.338370523,-178.));
#7920=CARTESIAN_POINT('',(-67.467605957,-41.379513072,-178.));
#7921=B_SPLINE_CURVE_WITH_KNOTS('',3,(#7884,#7885,#7886,#7887,#7888,#7889,#7890,#7891,#7892,#7893,#7894,#7895,#7896,#7897,#7898,#7899,#7900,#7901,#7902,#7903,#7904,#7905,#7906,#7907,#7908,#7909,
#7910,#7911,#7912,#7913,#7914,#7915,#7916,#7917,#7918,#7919,#7920),.UNSPECIFIED.,.F.,.F.,(4,3,3,3,3,3,3,3,3,3,3,3,4),(0.,0.001370101,0.002055152,0.002740203,0.004110304,0.004795355,0.005480406,0.006850507,0.007535558,0.008220608,0.008905659,0.00959071,0.010960811),.UNSPECIFIED.);
#7922=EDGE_CURVE('',#4435,#5759,#7921,.T.);
#7923=ORIENTED_EDGE('',*,*,#7922,.F.);
#7924=ORIENTED_EDGE('',*,*,#5539,.F.);
#7925=ORIENTED_EDGE('',*,*,#7806,.T.);
#7926=EDGE_LOOP('',(#7857,#7882,#7883,#7923,#7924,#7925));
#7927=FACE_BOUND('',#7926,.T.);
#7928=ADVANCED_FACE('',(#7927),#7856,.T.);
#7929=CARTESIAN_POINT('',(-67.536806813,13.247630866,-171.));
#7930=DIRECTION('',(-0.001266784,0.999999198,-0.));
#7931=DIRECTION('',(-0.999999198,-0.001266784,0.));
#7932=AXIS2_PLACEMENT_3D('',#7929,#7930,#7931);
#7933=CYLINDRICAL_SURFACE('',#7932,7.);
#7934=ORIENTED_EDGE('',*,*,#7922,.T.);
#7935=ORIENTED_EDGE('',*,*,#5764,.F.);
#7936=CARTESIAN_POINT('',(-60.605216167,67.254396684,-171.));
#7937=CARTESIAN_POINT('',(-60.605216167,67.254396684,-171.462214647));
#7938=CARTESIAN_POINT('',(-60.650548831,67.255695994,-171.916705164));
#7939=CARTESIAN_POINT('',(-60.73935756,67.258199444,-172.363788094));
#7940=CARTESIAN_POINT('',(-60.783761925,67.259451169,-172.587329558));
#7941=CARTESIAN_POINT('',(-60.839116066,67.261004858,-172.809005372));
#7942=CARTESIAN_POINT('',(-60.905668972,67.262855218,-173.02877317));
#7943=CARTESIAN_POINT('',(-60.972221878,67.264705579,-173.248540968));
#7944=CARTESIAN_POINT('',(-61.050350221,67.266862559,-173.467000353));
#7945=CARTESIAN_POINT('',(-61.138097009,67.269257011,-173.678828247));
#7946=CARTESIAN_POINT('',(-61.313590584,67.274045915,-174.102484034));
#7947=CARTESIAN_POINT('',(-61.528371486,67.279808792,-174.50436169));
#7948=CARTESIAN_POINT('',(-61.782080078,67.286403631,-174.884662518));
#7949=CARTESIAN_POINT('',(-61.908934373,67.289701051,-175.074812932));
#7950=CARTESIAN_POINT('',(-62.046093502,67.29322075,-175.260137934));
#7951=CARTESIAN_POINT('',(-62.192318484,67.296913719,-175.438461649));
#7952=CARTESIAN_POINT('',(-62.338543466,67.300606689,-175.616785364));
#7953=CARTESIAN_POINT('',(-62.492420439,67.30443741,-175.786514383));
#7954=CARTESIAN_POINT('',(-62.65370996,67.308387826,-175.947918015));
#7955=CARTESIAN_POINT('',(-62.976289003,67.316288657,-176.27072528));
#7956=CARTESIAN_POINT('',(-63.328308095,67.324662949,-176.560467078));
#7957=CARTESIAN_POINT('',(-63.7104627,67.33344008,-176.816364504));
#7958=CARTESIAN_POINT('',(-63.901540002,67.337828645,-176.944313216));
#7959=CARTESIAN_POINT('',(-64.100169513,67.342317375,-177.063519106));
#7960=CARTESIAN_POINT('',(-64.302026181,67.346803383,-177.171559201));
#7961=CARTESIAN_POINT('',(-64.50388285,67.351289391,-177.279599296));
#7962=CARTESIAN_POINT('',(-64.710024297,67.355797223,-177.37722381));
#7963=CARTESIAN_POINT('',(-64.920385264,67.360323168,-177.464591548));
#7964=CARTESIAN_POINT('',(-65.130746232,67.364849114,-177.551959286));
#7965=CARTESIAN_POINT('',(-65.345326764,67.369393145,-177.629070145));
#7966=CARTESIAN_POINT('',(-65.564183655,67.373954447,-177.695786121));
#7967=CARTESIAN_POINT('',(-65.783040547,67.378515748,-177.762502097));
#7968=CARTESIAN_POINT('',(-66.007139529,67.383113697,-177.819000009));
#7969=CARTESIAN_POINT('',(-66.233205077,67.38768047,-177.8641904));
#7970=CARTESIAN_POINT('',(-66.685336173,67.396814015,-177.95457118));
#7971=CARTESIAN_POINT('',(-67.14329804,67.405770133,-178.));
#7972=CARTESIAN_POINT('',(-67.605424708,67.414585517,-178.));
#7973=B_SPLINE_CURVE_WITH_KNOTS('',3,(#7936,#7937,#7938,#7939,#7940,#7941,#7942,#7943,#7944,#7945,#7946,#7947,#7948,#7949,#7950,#7951,#7952,#7953,#7954,#7955,#7956,#7957,#7958,#7959,#7960,#7961,
#7962,#7963,#7964,#7965,#7966,#7967,#7968,#7969,#7970,#7971,#7972),.UNSPECIFIED.,.F.,.F.,(4,3,3,3,3,3,3,3,3,3,3,3,4),(0.,0.001366959,0.002050439,0.002733918,0.004100878,0.004784357,0.005467837,0.006834796,0.007518276,0.008201755,0.008885235,0.009568714,0.010935674),.UNSPECIFIED.);
#7974=EDGE_CURVE('',#4443,#5750,#7973,.T.);
#7975=ORIENTED_EDGE('',*,*,#7974,.F.);
#7976=ORIENTED_EDGE('',*,*,#4448,.F.);
#7977=EDGE_LOOP('',(#7934,#7935,#7975,#7976));
#7978=FACE_BOUND('',#7977,.T.);
#7979=ADVANCED_FACE('',(#7978),#7933,.T.);
#7980=CARTESIAN_POINT('',(-54.519809045,66.899376986,-171.));
#7981=DIRECTION('',(0.,0.,1.));
#7982=DIRECTION('',(0.,-1.,0.));
#7983=AXIS2_PLACEMENT_3D('',#7980,#7981,#7982);
#7984=TOROIDAL_SURFACE('',#7983,13.095754164,7.);
#7985=ORIENTED_EDGE('',*,*,#5629,.T.);
#7986=ORIENTED_EDGE('',*,*,#5563,.F.);
#7987=ORIENTED_EDGE('',*,*,#7974,.T.);
#7988=ORIENTED_EDGE('',*,*,#5756,.F.);
#7989=CARTESIAN_POINT('',(-66.413487994,72.380177855,-178.));
#7990=CARTESIAN_POINT('',(-65.703965369,72.613386781,-178.));
#7991=CARTESIAN_POINT('',(-65.042876663,72.926685494,-177.937118755));
#7992=CARTESIAN_POINT('',(-64.423862007,73.316952958,-177.879311155));
#7993=CARTESIAN_POINT('',(-64.114354679,73.512086689,-177.850407355));
#7994=CARTESIAN_POINT('',(-63.815524856,73.726737361,-177.822661148));
#7995=CARTESIAN_POINT('',(-63.527576735,73.962125864,-177.802936998));
#7996=CARTESIAN_POINT('',(-63.239628615,74.197514366,-177.783212848));
#7997=CARTESIAN_POINT('',(-62.96846328,74.448942138,-177.772157235));
#7998=CARTESIAN_POINT('',(-62.714826521,74.714546603,-177.772092232));
#7999=CARTESIAN_POINT('',(-62.461189763,74.980151067,-177.772027228));
#8000=CARTESIAN_POINT('',(-62.22460627,75.260322812,-177.782898213));
#8001=CARTESIAN_POINT('',(-62.005088566,75.555133703,-177.802186746));
#8002=CARTESIAN_POINT('',(-61.895329714,75.702539148,-177.811831012));
#8003=CARTESIAN_POINT('',(-61.789848359,75.853615738,-177.82350746));
#8004=CARTESIAN_POINT('',(-61.688717494,76.008443946,-177.836514471));
#8005=CARTESIAN_POINT('',(-61.58758663,76.163272153,-177.849521482));
#8006=CARTESIAN_POINT('',(-61.490664349,76.322168184,-177.863885665));
#8007=CARTESIAN_POINT('',(-61.399304407,76.482904866,-177.878479902));
#8008=CARTESIAN_POINT('',(-61.033864636,77.125851595,-177.936856851));
#8009=CARTESIAN_POINT('',(-60.751040226,77.804478359,-178.));
#8010=CARTESIAN_POINT('',(-60.551525915,78.52336807,-178.));
#8011=B_SPLINE_CURVE_WITH_KNOTS('',3,(#7989,#7990,#7991,#7992,#7993,#7994,#7995,#7996,#7997,#7998,#7999,#8000,#8001,#8002,#8003,#8004,#8005,#8006,#8007,#8008,#8009,#8010),.UNSPECIFIED.,.F.,.F.,(4,3,3,3,3,3,3,4),(0.,0.002197961,0.003296941,0.004395921,0.005494902,0.006044392,0.006593882,0.008791843),.UNSPECIFIED.);
#8012=EDGE_CURVE('',#5741,#7510,#8011,.T.);
#8013=ORIENTED_EDGE('',*,*,#8012,.T.);
#8014=ORIENTED_EDGE('',*,*,#7516,.F.);
#8015=EDGE_LOOP('',(#7985,#7986,#7987,#7988,#8013,#8014));
#8016=FACE_BOUND('',#8015,.T.);
#8017=ADVANCED_FACE('',(#8016),#7984,.T.);
#8018=CARTESIAN_POINT('',(-69.223738358,-54.207803951,-193.));
#8019=DIRECTION('',(-0.,-0.,-1.));
#8020=DIRECTION('',(0.,1.,-0.));
#8021=AXIS2_PLACEMENT_3D('',#8018,#8019,#8020);
#8022=CYLINDRICAL_SURFACE('',#8021,9.);
#8023=CARTESIAN_POINT('',(-69.223738358,-45.207803951,-206.));
#8024=DIRECTION('',(0.,0.,1.));
#8025=VECTOR('',#8024,28.);
#8026=LINE('',#8023,#8025);
#8027=EDGE_CURVE('',#5996,#5776,#8026,.T.);
#8028=ORIENTED_EDGE('',*,*,#8027,.T.);
#8029=ORIENTED_EDGE('',*,*,#5782,.F.);
#8030=ORIENTED_EDGE('',*,*,#7881,.F.);
#8031=ORIENTED_EDGE('',*,*,#5874,.F.);
#8032=ORIENTED_EDGE('',*,*,#7572,.F.);
#8033=ORIENTED_EDGE('',*,*,#6011,.F.);
#8034=EDGE_LOOP('',(#8028,#8029,#8030,#8031,#8032,#8033));
#8035=FACE_BOUND('',#8034,.T.);
#8036=ADVANCED_FACE('',(#8035),#8022,.T.);
#8037=CARTESIAN_POINT('',(-69.223738358,80.93017744,-193.));
#8038=DIRECTION('',(0.,0.,1.));
#8039=DIRECTION('',(0.,-1.,0.));
#8040=AXIS2_PLACEMENT_3D('',#8037,#8038,#8039);
#8041=CYLINDRICAL_SURFACE('',#8040,9.);
#8042=ORIENTED_EDGE('',*,*,#6068,.F.);
#8043=ORIENTED_EDGE('',*,*,#7590,.F.);
#8044=ORIENTED_EDGE('',*,*,#7525,.F.);
#8045=ORIENTED_EDGE('',*,*,#8012,.F.);
#8046=ORIENTED_EDGE('',*,*,#5747,.F.);
#8047=ORIENTED_EDGE('',*,*,#7407,.F.);
#8048=EDGE_LOOP('',(#8042,#8043,#8044,#8045,#8046,#8047));
#8049=FACE_BOUND('',#8048,.T.);
#8050=ADVANCED_FACE('',(#8049),#8041,.T.);
#8051=CARTESIAN_POINT('',(69.11250119,-54.207803951,-193.));
#8052=DIRECTION('',(0.,0.,1.));
#8053=DIRECTION('',(0.,-1.,0.));
#8054=AXIS2_PLACEMENT_3D('',#8051,#8052,#8053);
#8055=CYLINDRICAL_SURFACE('',#8054,9.);
#8056=ORIENTED_EDGE('',*,*,#6151,.F.);
#8057=ORIENTED_EDGE('',*,*,#7548,.F.);
#8058=ORIENTED_EDGE('',*,*,#5833,.F.);
#8059=ORIENTED_EDGE('',*,*,#7706,.F.);
#8060=ORIENTED_EDGE('',*,*,#5908,.F.);
#8061=ORIENTED_EDGE('',*,*,#7442,.F.);
#8062=EDGE_LOOP('',(#8056,#8057,#8058,#8059,#8060,#8061));
#8063=FACE_BOUND('',#8062,.T.);
#8064=ADVANCED_FACE('',(#8063),#8055,.T.);
#8065=CARTESIAN_POINT('',(69.11250119,80.93017744,-193.));
#8066=DIRECTION('',(-0.,-0.,-1.));
#8067=DIRECTION('',(0.,1.,-0.));
#8068=AXIS2_PLACEMENT_3D('',#8065,#8066,#8067);
#8069=CYLINDRICAL_SURFACE('',#8068,9.);
#8070=ORIENTED_EDGE('',*,*,#7468,.F.);
#8071=ORIENTED_EDGE('',*,*,#6610,.T.);
#8072=ORIENTED_EDGE('',*,*,#6577,.F.);
#8073=ORIENTED_EDGE('',*,*,#7424,.F.);
#8074=ORIENTED_EDGE('',*,*,#5943,.F.);
#8075=ORIENTED_EDGE('',*,*,#7846,.F.);
#8076=EDGE_LOOP('',(#8070,#8071,#8072,#8073,#8074,#8075));
#8077=FACE_BOUND('',#8076,.T.);
#8078=ADVANCED_FACE('',(#8077),#8069,.T.);
#8079=CARTESIAN_POINT('',(24.978239697,75.893789795,-118.730151117));
#8080=CARTESIAN_POINT('',(24.990417102,75.958705127,-118.727332021));
#8081=CARTESIAN_POINT('',(25.002594508,76.023620458,-118.724512925));
#8082=CARTESIAN_POINT('',(25.014771914,76.08853579,-118.721693828));
#8083=CARTESIAN_POINT('',(25.043353184,76.240896866,-118.715077201));
#8084=CARTESIAN_POINT('',(25.071934455,76.393257942,-118.708460574));
#8085=CARTESIAN_POINT('',(25.100515725,76.545619017,-118.701843947));
#8086=CARTESIAN_POINT('',(25.132113438,76.71406015,-118.694529007));
#8087=CARTESIAN_POINT('',(25.174018646,76.938012317,-118.675564416));
#8088=CARTESIAN_POINT('',(25.187741288,77.02837332,-118.627495481));
#8089=CARTESIAN_POINT('',(25.189639276,77.048276505,-118.599294079));
#8090=CARTESIAN_POINT('',(25.645457356,76.380866727,-118.919054388));
#8091=CARTESIAN_POINT('',(25.646196999,76.399582261,-118.899075938));
#8092=CARTESIAN_POINT('',(25.646936641,76.418297795,-118.879097488));
#8093=CARTESIAN_POINT('',(25.647676284,76.437013329,-118.859119037));
#8094=CARTESIAN_POINT('',(25.649412281,76.480940068,-118.81222814));
#8095=CARTESIAN_POINT('',(25.651148277,76.524866808,-118.765337242));
#8096=CARTESIAN_POINT('',(25.652884274,76.568793547,-118.718446345));
#8097=CARTESIAN_POINT('',(25.654803486,76.617356277,-118.666606622));
#8098=CARTESIAN_POINT('',(25.653028538,76.672201708,-118.569354587));
#8099=CARTESIAN_POINT('',(25.65356727,76.721534827,-118.453405177));
#8100=CARTESIAN_POINT('',(25.654175899,76.739030556,-118.406661858));
#8101=CARTESIAN_POINT('',(26.806421799,76.514797289,-119.082076031));
#8102=CARTESIAN_POINT('',(26.807000286,76.523152538,-119.049501225));
#8103=CARTESIAN_POINT('',(26.807578773,76.531507788,-119.01692642));
#8104=CARTESIAN_POINT('',(26.808157261,76.539863037,-118.984351615));
#8105=CARTESIAN_POINT('',(26.809515013,76.559473423,-118.907896142));
#8106=CARTESIAN_POINT('',(26.810872765,76.57908381,-118.831440669));
#8107=CARTESIAN_POINT('',(26.812230518,76.598694197,-118.754985196));
#8108=CARTESIAN_POINT('',(26.813731566,76.620374247,-118.670460678));
#8109=CARTESIAN_POINT('',(26.81845014,76.664192663,-118.535943913));
#8110=CARTESIAN_POINT('',(26.82093544,76.700062738,-118.411239836));
#8111=CARTESIAN_POINT('',(26.821608084,76.713687602,-118.36294906));
#8112=CARTESIAN_POINT('',(28.559979154,76.477596259,-119.053782572));
#8113=CARTESIAN_POINT('',(28.560362538,76.488093604,-119.024595774));
#8114=CARTESIAN_POINT('',(28.560745923,76.49859095,-118.995408977));
#8115=CARTESIAN_POINT('',(28.561129308,76.509088295,-118.966222179));
#8116=CARTESIAN_POINT('',(28.562029141,76.53372634,-118.897718611));
#8117=CARTESIAN_POINT('',(28.562928973,76.558364385,-118.829215042));
#8118=CARTESIAN_POINT('',(28.563828806,76.58300243,-118.760711474));
#8119=CARTESIAN_POINT('',(28.564823606,76.610240753,-118.684978097));
#8120=CARTESIAN_POINT('',(28.565204145,76.65070711,-118.557233477));
#8121=CARTESIAN_POINT('',(28.566027315,76.69296667,-118.423852219));
#8122=CARTESIAN_POINT('',(28.566383281,76.709575024,-118.3705528));
#8123=CARTESIAN_POINT('',(30.393247488,76.499807004,-119.100964126));
#8124=CARTESIAN_POINT('',(30.393230207,76.509011535,-119.067969385));
#8125=CARTESIAN_POINT('',(30.393212926,76.518216067,-119.034974643));
#8126=CARTESIAN_POINT('',(30.393195646,76.527420598,-119.001979901));
#8127=CARTESIAN_POINT('',(30.393155086,76.549024313,-118.924538806));
#8128=CARTESIAN_POINT('',(30.393114527,76.570628027,-118.84709771));
#8129=CARTESIAN_POINT('',(30.393073968,76.592231742,-118.769656615));
#8130=CARTESIAN_POINT('',(30.393029128,76.616115494,-118.684042453));
#8131=CARTESIAN_POINT('',(30.393467729,76.65727811,-118.543661833));
#8132=CARTESIAN_POINT('',(30.393773423,76.697572349,-118.405347866));
#8133=CARTESIAN_POINT('',(30.393893144,76.713435092,-118.351078035));
#8134=CARTESIAN_POINT('',(32.819177319,76.502823221,-119.081181596));
#8135=CARTESIAN_POINT('',(32.819388341,76.511976155,-119.049576967));
#8136=CARTESIAN_POINT('',(32.819599364,76.521129088,-119.017972337));
#8137=CARTESIAN_POINT('',(32.819810386,76.530282022,-118.986367708));
#8138=CARTESIAN_POINT('',(32.820305672,76.551764632,-118.91218931));
#8139=CARTESIAN_POINT('',(32.820800957,76.573247243,-118.838010912));
#8140=CARTESIAN_POINT('',(32.821296243,76.594729853,-118.763832514));
#8141=CARTESIAN_POINT('',(32.8218438,76.61847972,-118.681825392));
#8142=CARTESIAN_POINT('',(32.822446002,76.656882834,-118.546090273));
#8143=CARTESIAN_POINT('',(32.823051721,76.696093138,-118.409667238));
#8144=CARTESIAN_POINT('',(32.823277837,76.711672616,-118.355811039));
#8145=CARTESIAN_POINT('',(35.858072213,76.497534342,-119.094222997));
#8146=CARTESIAN_POINT('',(35.858156023,76.507398855,-119.062075625));
#8147=CARTESIAN_POINT('',(35.858239834,76.517263368,-119.029928254));
#8148=CARTESIAN_POINT('',(35.858323644,76.52712788,-118.997780882));
#8149=CARTESIAN_POINT('',(35.858520354,76.55028062,-118.922328627));
#8150=CARTESIAN_POINT('',(35.858717063,76.573433359,-118.846876372));
#8151=CARTESIAN_POINT('',(35.858913772,76.596586099,-118.771424117));
#8152=CARTESIAN_POINT('',(35.859131242,76.622182358,-118.688008696));
#8153=CARTESIAN_POINT('',(35.859711573,76.664626462,-118.550157115));
#8154=CARTESIAN_POINT('',(35.860418377,76.705897814,-118.411902439));
#8155=CARTESIAN_POINT('',(35.860729029,76.72189592,-118.357274469));
#8156=CARTESIAN_POINT('',(39.11601205,76.522718522,-119.1227998));
#8157=CARTESIAN_POINT('',(39.116382032,76.530645578,-119.089108666));
#8158=CARTESIAN_POINT('',(39.116752013,76.538572635,-119.055417533));
#8159=CARTESIAN_POINT('',(39.117121994,76.546499692,-119.021726399));
#8160=CARTESIAN_POINT('',(39.117990367,76.56510508,-118.942650821));
#8161=CARTESIAN_POINT('',(39.11885874,76.583710468,-118.863575243));
#8162=CARTESIAN_POINT('',(39.119727113,76.602315856,-118.784499665));
#8163=CARTESIAN_POINT('',(39.120687133,76.62288484,-118.697078519));
#8164=CARTESIAN_POINT('',(39.122134571,76.657440457,-118.553312132));
#8165=CARTESIAN_POINT('',(39.123386375,76.694107463,-118.410920321));
#8166=CARTESIAN_POINT('',(39.123837379,76.709094339,-118.355053549));
#8167=CARTESIAN_POINT('',(41.166061425,76.48486785,-119.101475952));
#8168=CARTESIAN_POINT('',(41.166190005,76.496078367,-119.069628407));
#8169=CARTESIAN_POINT('',(41.166318585,76.507288883,-119.037780862));
#8170=CARTESIAN_POINT('',(41.166447165,76.5184994,-119.005933316));
#8171=CARTESIAN_POINT('',(41.166748952,76.54481131,-118.931184777));
#8172=CARTESIAN_POINT('',(41.167050739,76.571123221,-118.856436237));
#8173=CARTESIAN_POINT('',(41.167352526,76.597435131,-118.781687697));
#8174=CARTESIAN_POINT('',(41.167686164,76.626523978,-118.69905026));
#8175=CARTESIAN_POINT('',(41.168273312,76.67254946,-118.562130405));
#8176=CARTESIAN_POINT('',(41.168991486,76.714194392,-118.424122925));
#8177=CARTESIAN_POINT('',(41.169301023,76.729683025,-118.369503708));
#8178=CARTESIAN_POINT('',(41.999194685,76.47125512,-119.091417374));
#8179=CARTESIAN_POINT('',(41.999247031,76.483657736,-119.060377803));
#8180=CARTESIAN_POINT('',(41.999299376,76.496060353,-119.029338232));
#8181=CARTESIAN_POINT('',(41.999351722,76.508462969,-118.998298661));
#8182=CARTESIAN_POINT('',(41.999474581,76.537572825,-118.925446496));
#8183=CARTESIAN_POINT('',(41.99959744,76.566682681,-118.852594331));
#8184=CARTESIAN_POINT('',(41.999720299,76.595792536,-118.779742165));
#8185=CARTESIAN_POINT('',(41.999856124,76.627974622,-118.699201245));
#8186=CARTESIAN_POINT('',(42.00015966,76.678616738,-118.565546342));
#8187=CARTESIAN_POINT('',(42.000662659,76.723573193,-118.430333997));
#8188=CARTESIAN_POINT('',(42.000902138,76.740072926,-118.376720734));
#8189=B_SPLINE_SURFACE_WITH_KNOTS('',3,3,((#8079,#8080,#8081,#8082,#8083,#8084,#8085,#8086,#8087,#8088,#8089),(#8090,#8091,#8092,#8093,#8094,#8095,#8096,#8097,#8098,#8099,#8100),(#8101,#8102,#8103,#8104,#8105,#8106,#8107,#8108,#8109,#8110,#8111),(#8112,#8113,#8114,#8115,#8116,#8117,#8118,#8119,#8120,#8121,#8122),(#8123,#8124,#8125,#8126,#8127,#8128,#8129,#8130,#8131,#8132,#8133),(#8134,#8135,#8136,#8137,#8138,#8139,#8140,#8141,#8142,#8143,#8144),(#8145,#8146,#8147,#8148,#8149,#8150,#8151,#8152,#8153,#8154,#8155),(#8156,#8157,#8158,#8159,#8160,#8161,#8162,#8163,#8164,#8165,#8166),(#8167,#8168,#8169,#8170,#8171,#8172,#8173,#8174,#8175,#8176,#8177),(#8178,#8179,#8180,#8181,#8182,#8183,#8184,#8185,#8186,#8187,#8188)),.UNSPECIFIED.,.F.,.F.,.U.,(4,1,1,1,1,1,1,4),(4,3,3,1,4),(-0.014208589,-0.01261554,-0.010793278,-0.008971016,-0.007148755,-0.003504231,0.000140292,0.002636657),(-0.000701455,-0.000613414,-0.000406776,-0.00017833,-0.000029616),.UNSPECIFIED.);
#8190=CARTESIAN_POINT('',(29.919272985,76.637571554,-118.606723974));
#8191=VERTEX_POINT('',#8190);
#8192=CARTESIAN_POINT('',(41.4582395,76.659971461,-118.603133827));
#8193=VERTEX_POINT('',#8192);
#8194=CARTESIAN_POINT('',(29.919272985,76.637571554,-118.606723974));
#8195=CARTESIAN_POINT('',(30.682318747,76.638462809,-118.607555182));
#8196=CARTESIAN_POINT('',(32.605002561,76.641972373,-118.606236618));
#8197=CARTESIAN_POINT('',(35.690272402,76.644820538,-118.607638078));
#8198=CARTESIAN_POINT('',(35.738479743,76.64486504,-118.607659976));
#8199=CARTESIAN_POINT('',(35.77549908,76.644897343,-118.607676103));
#8200=CARTESIAN_POINT('',(35.817815546,76.644932582,-118.607693889));
#8201=CARTESIAN_POINT('',(35.860132012,76.64496782,-118.607711675));
#8202=CARTESIAN_POINT('',(35.902250558,76.645000867,-118.607728613));
#8203=CARTESIAN_POINT('',(35.944171176,76.645031926,-118.607744704));
#8204=CARTESIAN_POINT('',(36.028012411,76.645094044,-118.607776884));
#8205=CARTESIAN_POINT('',(36.111061932,76.645148337,-118.607805695));
#8206=CARTESIAN_POINT('',(36.193319683,76.645197067,-118.607831287));
#8207=CARTESIAN_POINT('',(36.357835186,76.645294527,-118.60788247));
#8208=CARTESIAN_POINT('',(36.519183606,76.645369921,-118.607920782));
#8209=CARTESIAN_POINT('',(36.677364556,76.645438975,-118.607947313));
#8210=CARTESIAN_POINT('',(36.993726457,76.645577083,-118.608000376));
#8211=CARTESIAN_POINT('',(37.297418414,76.645692408,-118.608006434));
#8212=CARTESIAN_POINT('',(37.588438195,76.645876864,-118.607972664));
#8213=CARTESIAN_POINT('',(38.170477755,76.646245774,-118.607905123));
#8214=CARTESIAN_POINT('',(38.701827799,76.646920618,-118.607680389));
#8215=CARTESIAN_POINT('',(39.182481731,76.648204171,-118.607331609));
#8216=CARTESIAN_POINT('',(40.143789595,76.650771278,-118.606634048));
#8217=CARTESIAN_POINT('',(40.902318115,76.65571198,-118.605437775));
#8218=CARTESIAN_POINT('',(41.4582395,76.659971461,-118.603133827));
#8219=B_SPLINE_CURVE_WITH_KNOTS('',3,(#8194,#8195,#8196,#8197,#8198,#8199,#8200,#8201,#8202,#8203,#8204,#8205,#8206,#8207,#8208,#8209,#8210,#8211,#8212,#8213,#8214,#8215,#8216,#8217,#8218),.UNSPECIFIED.,.F.,.F.,(4,3,3,3,3,3,3,3,4),(0.,0.5,0.5078125,0.515625,0.53125,0.5625,0.625,0.75,1.),.UNSPECIFIED.);
#8220=EDGE_CURVE('',#8191,#8193,#8219,.T.);
#8221=ORIENTED_EDGE('',*,*,#8220,.T.);
#8222=CARTESIAN_POINT('',(42.,76.66433484,-118.600716969));
#8223=VERTEX_POINT('',#8222);
#8224=CARTESIAN_POINT('',(41.4582395,76.659971461,-118.603133827));
#8225=CARTESIAN_POINT('',(41.638826024,76.661379136,-118.602314906));
#8226=CARTESIAN_POINT('',(41.819412164,76.662840205,-118.601510942));
#8227=CARTESIAN_POINT('',(42.,76.66433484,-118.600716969));
#8228=B_SPLINE_CURVE_WITH_KNOTS('',3,(#8224,#8225,#8226,#8227),.UNSPECIFIED.,.F.,.F.,(4,4),(0.,1.),.UNSPECIFIED.);
#8229=EDGE_CURVE('',#8193,#8223,#8228,.T.);
#8230=ORIENTED_EDGE('',*,*,#8229,.T.);
#8231=CARTESIAN_POINT('',(42.,76.648631524,-118.64323162));
#8232=VERTEX_POINT('',#8231);
#8233=CARTESIAN_POINT('',(42.,76.648631524,-118.64323162));
#8234=CARTESIAN_POINT('',(42.,76.653921695,-118.62907916));
#8235=CARTESIAN_POINT('',(42.,76.659157166,-118.614907963));
#8236=CARTESIAN_POINT('',(42.,76.66433484,-118.600716969));
#8237=B_SPLINE_CURVE_WITH_KNOTS('',3,(#8233,#8234,#8235,#8236),.UNSPECIFIED.,.F.,.F.,(4,4),(0.004309221,0.004354542),.UNSPECIFIED.);
#8238=EDGE_CURVE('',#8232,#8223,#8237,.T.);
#8239=ORIENTED_EDGE('',*,*,#8238,.F.);
#8240=CARTESIAN_POINT('',(28.100493523,76.627684827,-118.636936681));
#8241=VERTEX_POINT('',#8240);
#8242=CARTESIAN_POINT('',(42.000000073,76.648660526,-118.643154032));
#8243=CARTESIAN_POINT('',(40.89286403,76.6459564,-118.636778569));
#8244=CARTESIAN_POINT('',(39.736361792,76.641773322,-118.632654187));
#8245=CARTESIAN_POINT('',(38.530179424,76.640127688,-118.63248954));
#8246=CARTESIAN_POINT('',(38.379406628,76.639921983,-118.632468959));
#8247=CARTESIAN_POINT('',(38.240590464,76.639759495,-118.632464272));
#8248=CARTESIAN_POINT('',(38.095794013,76.639606565,-118.632472347));
#8249=CARTESIAN_POINT('',(37.950997562,76.639453635,-118.632480422));
#8250=CARTESIAN_POINT('',(37.806199883,76.639318416,-118.632502072));
#8251=CARTESIAN_POINT('',(37.661401216,76.639191946,-118.63253672));
#8252=CARTESIAN_POINT('',(37.371803882,76.638939006,-118.632606016));
#8253=CARTESIAN_POINT('',(37.082202626,76.638720701,-118.63272712));
#8254=CARTESIAN_POINT('',(36.792599033,76.638468985,-118.632897213));
#8255=CARTESIAN_POINT('',(36.213391848,76.637965552,-118.633237399));
#8256=CARTESIAN_POINT('',(35.634172135,76.637235314,-118.633753829));
#8257=CARTESIAN_POINT('',(35.054960099,76.636146383,-118.634526657));
#8258=CARTESIAN_POINT('',(35.036859723,76.636112354,-118.634550808));
#8259=CARTESIAN_POINT('',(35.036289481,76.636111416,-118.634550959));
#8260=CARTESIAN_POINT('',(35.026746939,76.636093741,-118.634562476));
#8261=CARTESIAN_POINT('',(35.017204397,76.636076066,-118.634573993));
#8262=CARTESIAN_POINT('',(35.0075237,76.636058262,-118.634585088));
#8263=CARTESIAN_POINT('',(34.997704849,76.636040326,-118.634595764));
#8264=CARTESIAN_POINT('',(34.978067146,76.636004453,-118.634617118));
#8265=CARTESIAN_POINT('',(34.957876825,76.635968051,-118.634636799));
#8266=CARTESIAN_POINT('',(34.93713389,76.635931095,-118.634654842));
#8267=CARTESIAN_POINT('',(34.89564802,76.635857181,-118.634690926));
#8268=CARTESIAN_POINT('',(34.851951694,76.635781046,-118.634720448));
#8269=CARTESIAN_POINT('',(34.806044954,76.635702506,-118.634743722));
#8270=CARTESIAN_POINT('',(34.714231474,76.635545426,-118.63479027));
#8271=CARTESIAN_POINT('',(34.613576322,76.635378664,-118.634811736));
#8272=CARTESIAN_POINT('',(34.504080023,76.635201364,-118.634811586));
#8273=CARTESIAN_POINT('',(34.285087425,76.634846765,-118.634811287));
#8274=CARTESIAN_POINT('',(34.030729764,76.634447913,-118.634722375));
#8275=CARTESIAN_POINT('',(33.741015703,76.63401609,-118.6345936));
#8276=CARTESIAN_POINT('',(33.161587582,76.633152445,-118.634336052));
#8277=CARTESIAN_POINT('',(32.440881201,76.632260436,-118.633845074));
#8278=CARTESIAN_POINT('',(31.578557018,76.631465439,-118.634110998));
#8279=CARTESIAN_POINT('',(31.524661756,76.631415751,-118.634127618));
#8280=CARTESIAN_POINT('',(31.456143392,76.631350595,-118.634155128));
#8281=CARTESIAN_POINT('',(31.396123176,76.631290326,-118.634186239));
#8282=CARTESIAN_POINT('',(31.336102959,76.631230057,-118.63421735));
#8283=CARTESIAN_POINT('',(31.276873509,76.63116757,-118.634254438));
#8284=CARTESIAN_POINT('',(31.218434106,76.631102071,-118.634297313));
#8285=CARTESIAN_POINT('',(31.1015553,76.630971073,-118.634383063));
#8286=CARTESIAN_POINT('',(30.987836533,76.630827885,-118.634491986));
#8287=CARTESIAN_POINT('',(30.877273952,76.63066799,-118.634622185));
#8288=CARTESIAN_POINT('',(30.656148792,76.630348201,-118.634882585));
#8289=CARTESIAN_POINT('',(30.44764267,76.629952435,-118.63523484));
#8290=CARTESIAN_POINT('',(30.251763208,76.629493766,-118.635637808));
#8291=CARTESIAN_POINT('',(29.860004283,76.628576429,-118.636443744));
#8292=CARTESIAN_POINT('',(29.51885634,76.627617164,-118.637256739));
#8293=CARTESIAN_POINT('',(29.228744073,76.627168236,-118.637566005));
#8294=CARTESIAN_POINT('',(28.648519538,76.626270381,-118.638184536));
#8295=CARTESIAN_POINT('',(28.272496229,76.62738601,-118.636854046));
#8296=CARTESIAN_POINT('',(28.100493523,76.627684827,-118.636936681));
#8297=B_SPLINE_CURVE_WITH_KNOTS('',3,(#8242,#8243,#8244,#8245,#8246,#8247,#8248,#8249,#8250,#8251,#8252,#8253,#8254,#8255,#8256,#8257,#8258,#8259,#8260,#8261,#8262,#8263,#8264,#8265,#8266,#8267,
#8268,#8269,#8270,#8271,#8272,#8273,#8274,#8275,#8276,#8277,#8278,#8279,#8280,#8281,#8282,#8283,#8284,#8285,#8286,#8287,#8288,#8289,#8290,#8291,#8292,
#8293,#8294,#8295,#8296),.UNSPECIFIED.,.F.,.F.,(4,3,3,3,3,3,3,3,3,3,3,3,3,3,3,3,3,3,4),(0.,0.25,0.28125,0.3125,0.375,0.5,0.50390625,0.5078125,0.515625,0.53125,0.5625,0.625,0.75,0.7578125,0.765625,0.78125,0.8125,0.875,1.),.UNSPECIFIED.);
#8298=EDGE_CURVE('',#8232,#8241,#8297,.T.);
#8299=ORIENTED_EDGE('',*,*,#8298,.T.);
#8300=CARTESIAN_POINT('',(26.668213342,76.627551195,-118.644899358));
#8301=VERTEX_POINT('',#8300);
#8302=CARTESIAN_POINT('',(28.100493523,76.627684827,-118.636936681));
#8303=CARTESIAN_POINT('',(27.624804346,76.627760906,-118.639532495));
#8304=CARTESIAN_POINT('',(27.14822802,76.62876577,-118.641480595));
#8305=CARTESIAN_POINT('',(26.668213342,76.627551195,-118.644899358));
#8306=B_SPLINE_CURVE_WITH_KNOTS('',3,(#8302,#8303,#8304,#8305),.UNSPECIFIED.,.F.,.F.,(4,4),(0.,1.),.UNSPECIFIED.);
#8307=EDGE_CURVE('',#8241,#8301,#8306,.T.);
#8308=ORIENTED_EDGE('',*,*,#8307,.T.);
#8309=CARTESIAN_POINT('',(25.466342961,76.324030837,-118.797862446));
#8310=VERTEX_POINT('',#8309);
#8311=CARTESIAN_POINT('',(26.668213342,76.627551195,-118.644899358));
#8312=CARTESIAN_POINT('',(26.414050082,76.625898045,-118.649303277));
#8313=CARTESIAN_POINT('',(26.236632842,76.624097863,-118.660416304));
#8314=CARTESIAN_POINT('',(26.135818643,76.616669718,-118.674820992));
#8315=CARTESIAN_POINT('',(26.123216868,76.6157412,-118.676621578));
#8316=CARTESIAN_POINT('',(26.094187,76.613135255,-118.681317271));
#8317=CARTESIAN_POINT('',(26.074638054,76.61065793,-118.685150273));
#8318=CARTESIAN_POINT('',(26.055089108,76.608180604,-118.688983275));
#8319=CARTESIAN_POINT('',(26.036378188,76.605194858,-118.693188318));
#8320=CARTESIAN_POINT('',(26.018481741,76.601580319,-118.697711871));
#8321=CARTESIAN_POINT('',(26.000585295,76.59796578,-118.702235423));
#8322=CARTESIAN_POINT('',(25.976459115,76.591749712,-118.709440285));
#8323=CARTESIAN_POINT('',(25.954047581,76.583922599,-118.71698769));
#8324=CARTESIAN_POINT('',(25.931636047,76.576095487,-118.724535095));
#8325=CARTESIAN_POINT('',(25.909859656,76.569058521,-118.730227209));
#8326=CARTESIAN_POINT('',(25.880511628,76.559599903,-118.736569682));
#8327=CARTESIAN_POINT('',(25.851163599,76.550141286,-118.742912156));
#8328=CARTESIAN_POINT('',(25.830731784,76.542491029,-118.747530514));
#8329=CARTESIAN_POINT('',(25.800259767,76.529588644,-118.753987988));
#8330=CARTESIAN_POINT('',(25.769787749,76.51668626,-118.760445461));
#8331=CARTESIAN_POINT('',(25.735521535,76.500565611,-118.76740012));
#8332=CARTESIAN_POINT('',(25.697036795,76.47945714,-118.774093407));
#8333=CARTESIAN_POINT('',(25.68741561,76.474180022,-118.775766729));
#8334=CARTESIAN_POINT('',(25.666399103,76.462272176,-118.779204257));
#8335=CARTESIAN_POINT('',(25.652145331,76.45377932,-118.781300529));
#8336=CARTESIAN_POINT('',(25.637891559,76.445286465,-118.783396801));
#8337=CARTESIAN_POINT('',(25.624355318,76.436893131,-118.785203314));
#8338=CARTESIAN_POINT('',(25.611560565,76.428702478,-118.786768173));
#8339=CARTESIAN_POINT('',(25.58597106,76.412321171,-118.789897892));
#8340=CARTESIAN_POINT('',(25.563348403,76.396755738,-118.792064705));
#8341=CARTESIAN_POINT('',(25.543886395,76.382817865,-118.793623738));
#8342=CARTESIAN_POINT('',(25.50496238,76.354942119,-118.796741802));
#8343=CARTESIAN_POINT('',(25.478746152,76.333846049,-118.797542725));
#8344=CARTESIAN_POINT('',(25.466342961,76.324030837,-118.797862446));
#8345=B_SPLINE_CURVE_WITH_KNOTS('',3,(#8311,#8312,#8313,#8314,#8315,#8316,#8317,#8318,#8319,#8320,#8321,#8322,#8323,#8324,#8325,#8326,#8327,#8328,#8329,#8330,#8331,#8332,#8333,#8334,#8335,#8336,
#8337,#8338,#8339,#8340,#8341,#8342,#8343,#8344),.UNSPECIFIED.,.F.,.F.,(4,3,3,3,3,3,3,3,3,3,3,4),(0.,0.5,0.5625,0.625,0.6875,0.75,0.8125,0.875,0.890625,0.90625,0.9375,1.),.UNSPECIFIED.);
#8346=EDGE_CURVE('',#8301,#8310,#8345,.T.);
#8347=ORIENTED_EDGE('',*,*,#8346,.T.);
#8348=CARTESIAN_POINT('',(25.466342961,76.324030837,-118.797862446));
#8349=CARTESIAN_POINT('',(25.357788654,76.242163823,-118.799055832));
#8350=CARTESIAN_POINT('',(25.243115169,76.135775069,-118.790573228));
#8351=CARTESIAN_POINT('',(25.118564749,75.991298347,-118.768724258));
#8352=B_SPLINE_CURVE_WITH_KNOTS('',3,(#8348,#8349,#8350,#8351),.UNSPECIFIED.,.F.,.F.,(4,4),(0.,1.),.UNSPECIFIED.);
#8353=EDGE_CURVE('',#8310,#2277,#8352,.T.);
#8354=ORIENTED_EDGE('',*,*,#8353,.T.);
#8355=ORIENTED_EDGE('',*,*,#2295,.T.);
#8356=CARTESIAN_POINT('',(25.535956149,76.831579634,-118.551074363));
#8357=VERTEX_POINT('',#8356);
#8358=CARTESIAN_POINT('',(25.208667094,77.035803854,-118.591517548));
#8359=CARTESIAN_POINT('',(25.314097783,76.955500265,-118.565524936));
#8360=CARTESIAN_POINT('',(25.423146238,76.886705989,-118.552925497));
#8361=CARTESIAN_POINT('',(25.535956149,76.831579634,-118.551074363));
#8362=B_SPLINE_CURVE_WITH_KNOTS('',3,(#8358,#8359,#8360,#8361),.UNSPECIFIED.,.F.,.F.,(4,4),(0.,1.),.UNSPECIFIED.);
#8363=EDGE_CURVE('',#2265,#8357,#8362,.T.);
#8364=ORIENTED_EDGE('',*,*,#8363,.T.);
#8365=CARTESIAN_POINT('',(26.617869384,76.645511573,-118.59881867));
#8366=VERTEX_POINT('',#8365);
#8367=CARTESIAN_POINT('',(25.535956149,76.831579634,-118.551074363));
#8368=CARTESIAN_POINT('',(25.777248536,76.713116559,-118.54775047));
#8369=CARTESIAN_POINT('',(25.991150096,76.680870969,-118.57695406));
#8370=CARTESIAN_POINT('',(26.158571008,76.665038887,-118.585660793));
#8371=CARTESIAN_POINT('',(26.179498622,76.663059877,-118.586749134));
#8372=CARTESIAN_POINT('',(26.188650287,76.66231625,-118.587167835));
#8373=CARTESIAN_POINT('',(26.204512042,76.661063869,-118.587879877));
#8374=CARTESIAN_POINT('',(26.220373797,76.659811488,-118.588591919));
#8375=CARTESIAN_POINT('',(26.236783684,76.658633063,-118.589276849));
#8376=CARTESIAN_POINT('',(26.253741422,76.65753079,-118.589935549));
#8377=CARTESIAN_POINT('',(26.287656897,76.655326243,-118.591252949));
#8378=CARTESIAN_POINT('',(26.323764275,76.653428319,-118.592466176));
#8379=CARTESIAN_POINT('',(26.362055606,76.651831647,-118.59357337));
#8380=CARTESIAN_POINT('',(26.438638268,76.648638301,-118.595787759));
#8381=CARTESIAN_POINT('',(26.523967819,76.646693082,-118.59759165));
#8382=CARTESIAN_POINT('',(26.617869384,76.645511573,-118.59881867));
#8383=B_SPLINE_CURVE_WITH_KNOTS('',3,(#8367,#8368,#8369,#8370,#8371,#8372,#8373,#8374,#8375,#8376,#8377,#8378,#8379,#8380,#8381,#8382),.UNSPECIFIED.,.F.,.F.,(4,3,3,3,3,4),(0.,0.5,0.5625,0.625,0.75,1.),.UNSPECIFIED.);
#8384=EDGE_CURVE('',#8357,#8366,#8383,.T.);
#8385=ORIENTED_EDGE('',*,*,#8384,.T.);
#8386=CARTESIAN_POINT('',(28.082360135,76.637726274,-118.605316312));
#8387=VERTEX_POINT('',#8386);
#8388=CARTESIAN_POINT('',(26.617869384,76.645511573,-118.59881867));
#8389=CARTESIAN_POINT('',(27.108934561,76.642285847,-118.597490529));
#8390=CARTESIAN_POINT('',(27.596162615,76.639822983,-118.601898218));
#8391=CARTESIAN_POINT('',(28.082360135,76.637726274,-118.605316312));
#8392=B_SPLINE_CURVE_WITH_KNOTS('',3,(#8388,#8389,#8390,#8391),.UNSPECIFIED.,.F.,.F.,(4,4),(0.,1.),.UNSPECIFIED.);
#8393=EDGE_CURVE('',#8366,#8387,#8392,.T.);
#8394=ORIENTED_EDGE('',*,*,#8393,.T.);
#8395=CARTESIAN_POINT('',(28.082360135,76.637726274,-118.605316312));
#8396=CARTESIAN_POINT('',(28.694820978,76.635442178,-118.608491431));
#8397=CARTESIAN_POINT('',(29.30717695,76.636240102,-118.608111469));
#8398=CARTESIAN_POINT('',(29.919272985,76.637571554,-118.606723974));
#8399=B_SPLINE_CURVE_WITH_KNOTS('',3,(#8395,#8396,#8397,#8398),.UNSPECIFIED.,.F.,.F.,(4,4),(0.,1.),.UNSPECIFIED.);
#8400=EDGE_CURVE('',#8387,#8191,#8399,.T.);
#8401=ORIENTED_EDGE('',*,*,#8400,.T.);
#8402=EDGE_LOOP('',(#8221,#8230,#8239,#8299,#8308,#8347,#8354,#8355,#8364,#8385,#8394,#8401));
#8403=FACE_BOUND('',#8402,.T.);
#8404=ADVANCED_FACE('',(#8403),#8189,.F.);
#8405=CARTESIAN_POINT('',(25.,76.5,-117.));
#8406=DIRECTION('',(1.,0.,0.));
#8407=DIRECTION('',(0.,0.,-1.));
#8408=AXIS2_PLACEMENT_3D('',#8405,#8406,#8407);
#8409=PLANE('',#8408);
#8410=CARTESIAN_POINT('',(25.,76.602887554,-114.9));
#8411=DIRECTION('',(-1.,-0.,-0.));
#8412=DIRECTION('',(0.,1.,-0.));
#8413=AXIS2_PLACEMENT_3D('',#8410,#8411,#8412);
#8414=ELLIPSE('',#8413,4.100004044,4.1);
#8415=EDGE_CURVE('',#2307,#2425,#8414,.T.);
#8416=ORIENTED_EDGE('',*,*,#8415,.T.);
#8417=ORIENTED_EDGE('',*,*,#2446,.F.);
#8418=CARTESIAN_POINT('',(25.,72.802883807,-132.));
#8419=DIRECTION('',(0.,1.,0.));
#8420=VECTOR('',#8419,0.397116193);
#8421=LINE('',#8418,#8420);
#8422=EDGE_CURVE('',#2386,#2435,#8421,.T.);
#8423=ORIENTED_EDGE('',*,*,#8422,.F.);
#8424=ORIENTED_EDGE('',*,*,#4539,.F.);
#8425=CARTESIAN_POINT('',(25.,72.,-146.));
#8426=VERTEX_POINT('',#8425);
#8427=CARTESIAN_POINT('',(25.,72.,-132.));
#8428=DIRECTION('',(0.,-0.,-1.));
#8429=VECTOR('',#8428,14.);
#8430=LINE('',#8427,#8429);
#8431=EDGE_CURVE('',#4528,#8426,#8430,.T.);
#8432=ORIENTED_EDGE('',*,*,#8431,.T.);
#8433=CARTESIAN_POINT('',(25.,72.,-146.));
#8434=DIRECTION('',(0.,1.,0.));
#8435=VECTOR('',#8434,0.802883807);
#8436=LINE('',#8433,#8435);
#8437=EDGE_CURVE('',#8426,#1906,#8436,.T.);
#8438=ORIENTED_EDGE('',*,*,#8437,.T.);
#8439=ORIENTED_EDGE('',*,*,#1911,.T.);
#8440=ORIENTED_EDGE('',*,*,#5588,.F.);
#8441=ORIENTED_EDGE('',*,*,#7506,.F.);
#8442=ORIENTED_EDGE('',*,*,#4019,.F.);
#8443=ORIENTED_EDGE('',*,*,#2358,.T.);
#8444=EDGE_LOOP('',(#8416,#8417,#8423,#8424,#8432,#8438,#8439,#8440,#8441,#8442,#8443));
#8445=FACE_BOUND('',#8444,.T.);
#8446=ADVANCED_FACE('',(#8445),#8409,.T.);
#8447=CARTESIAN_POINT('',(-0.107535933,76.567625101,-114.9));
#8448=DIRECTION('',(0.999999014,0.001404456,-0.));
#8449=DIRECTION('',(-0.001404456,0.999999014,0.));
#8450=AXIS2_PLACEMENT_3D('',#8447,#8448,#8449);
#8451=CYLINDRICAL_SURFACE('',#8450,4.1);
#8452=ORIENTED_EDGE('',*,*,#2316,.T.);
#8453=CARTESIAN_POINT('',(25.767650149,75.635644746,-118.884012601));
#8454=VERTEX_POINT('',#8453);
#8455=CARTESIAN_POINT('',(25.19015695,74.90171626,-118.630296665));
#8456=CARTESIAN_POINT('',(25.530164829,75.301733349,-118.812531662));
#8457=CARTESIAN_POINT('',(25.722644849,75.558988031,-118.865396458));
#8458=CARTESIAN_POINT('',(25.767650149,75.635644746,-118.884012601));
#8459=B_SPLINE_CURVE_WITH_KNOTS('',3,(#8455,#8456,#8457,#8458),.UNSPECIFIED.,.F.,.F.,(4,4),(0.,1.),.UNSPECIFIED.);
#8460=EDGE_CURVE('',#2298,#8454,#8459,.T.);
#8461=ORIENTED_EDGE('',*,*,#8460,.T.);
#8462=CARTESIAN_POINT('',(26.668188426,76.085626033,-118.96694133));
#8463=VERTEX_POINT('',#8462);
#8464=CARTESIAN_POINT('',(25.767650149,75.635644746,-118.884012601));
#8465=CARTESIAN_POINT('',(25.793295957,75.679326815,-118.894620826));
#8466=CARTESIAN_POINT('',(25.816975725,75.72318048,-118.904511759));
#8467=CARTESIAN_POINT('',(25.838689488,75.767182077,-118.913680056));
#8468=CARTESIAN_POINT('',(25.849546369,75.789182876,-118.918264204));
#8469=CARTESIAN_POINT('',(25.858693526,75.801655295,-118.920746893));
#8470=CARTESIAN_POINT('',(25.873236643,75.818997471,-118.9241264));
#8471=CARTESIAN_POINT('',(25.887779759,75.836339647,-118.927505908));
#8472=CARTESIAN_POINT('',(25.905350274,75.853751839,-118.930782147));
#8473=CARTESIAN_POINT('',(25.92594819,75.871232911,-118.933953134));
#8474=CARTESIAN_POINT('',(25.967144021,75.906195055,-118.940295107));
#8475=CARTESIAN_POINT('',(25.982118887,75.933027301,-118.944765057));
#8476=CARTESIAN_POINT('',(26.020092658,75.958947177,-118.94888805));
#8477=CARTESIAN_POINT('',(26.039079544,75.971907116,-118.950949547));
#8478=CARTESIAN_POINT('',(26.050363282,75.977716293,-118.951837681));
#8479=CARTESIAN_POINT('',(26.068373766,75.986222098,-118.953131089));
#8480=CARTESIAN_POINT('',(26.08638425,75.994727903,-118.954424497));
#8481=CARTESIAN_POINT('',(26.106311516,76.002647186,-118.955600939));
#8482=CARTESIAN_POINT('',(26.128155567,76.009978259,-118.956670789));
#8483=CARTESIAN_POINT('',(26.149999617,76.017309332,-118.957740639));
#8484=CARTESIAN_POINT('',(26.156675622,76.019000534,-118.957979188));
#8485=CARTESIAN_POINT('',(26.172583917,76.023240569,-118.958583269));
#8486=CARTESIAN_POINT('',(26.188492212,76.027480604,-118.95918735));
#8487=CARTESIAN_POINT('',(26.205499352,76.03153981,-118.959758614));
#8488=CARTESIAN_POINT('',(26.223605338,76.035417936,-118.960298699));
#8489=CARTESIAN_POINT('',(26.259817308,76.043174189,-118.961378868));
#8490=CARTESIAN_POINT('',(26.30042466,76.050206097,-118.962334469));
#8491=CARTESIAN_POINT('',(26.345427396,76.056512008,-118.963176827));
#8492=CARTESIAN_POINT('',(26.435432867,76.069123828,-118.964861544));
#8493=CARTESIAN_POINT('',(26.543019873,76.078831303,-118.966095677));
#8494=CARTESIAN_POINT('',(26.668188426,76.085626033,-118.96694133));
#8495=B_SPLINE_CURVE_WITH_KNOTS('',3,(#8464,#8465,#8466,#8467,#8468,#8469,#8470,#8471,#8472,#8473,#8474,#8475,#8476,#8477,#8478,#8479,#8480,#8481,#8482,#8483,#8484,#8485,#8486,#8487,#8488,#8489,
#8490,#8491,#8492,#8493,#8494),.UNSPECIFIED.,.F.,.F.,(4,3,3,3,3,3,3,3,3,3,4),(0.,0.125,0.1875,0.25,0.375,0.4375,0.5,0.5625,0.625,0.75,1.),.UNSPECIFIED.);
#8496=EDGE_CURVE('',#8454,#8463,#8495,.T.);
#8497=ORIENTED_EDGE('',*,*,#8496,.T.);
#8498=CARTESIAN_POINT('',(28.09970754,76.109783606,-118.969709654));
#8499=VERTEX_POINT('',#8498);
#8500=CARTESIAN_POINT('',(26.668188426,76.085626033,-118.96694133));
#8501=CARTESIAN_POINT('',(26.968812521,76.101945297,-118.96897238));
#8502=CARTESIAN_POINT('',(27.445985551,76.110003656,-118.969848778));
#8503=CARTESIAN_POINT('',(28.09970754,76.109783606,-118.969709654));
#8504=B_SPLINE_CURVE_WITH_KNOTS('',3,(#8500,#8501,#8502,#8503),.UNSPECIFIED.,.F.,.F.,(4,4),(0.,1.),.UNSPECIFIED.);
#8505=EDGE_CURVE('',#8463,#8499,#8504,.T.);
#8506=ORIENTED_EDGE('',*,*,#8505,.T.);
#8507=CARTESIAN_POINT('',(42.,76.111743839,-118.967524487));
#8508=VERTEX_POINT('',#8507);
#8509=CARTESIAN_POINT('',(28.09970754,76.109783606,-118.969709654));
#8510=CARTESIAN_POINT('',(28.528345865,76.109639322,-118.969618432));
#8511=CARTESIAN_POINT('',(29.109314088,76.111582145,-118.96975728));
#8512=CARTESIAN_POINT('',(29.842612207,76.115612643,-118.970121526));
#8513=CARTESIAN_POINT('',(29.888443339,76.11586455,-118.970144292));
#8514=CARTESIAN_POINT('',(29.946300688,76.116180387,-118.97017275));
#8515=CARTESIAN_POINT('',(29.996627394,76.116452662,-118.97019719));
#8516=CARTESIAN_POINT('',(30.0469541,76.116724937,-118.970221631));
#8517=CARTESIAN_POINT('',(30.096269116,76.116989481,-118.970245291));
#8518=CARTESIAN_POINT('',(30.144572443,76.117246294,-118.970268173));
#8519=CARTESIAN_POINT('',(30.241179096,76.11775992,-118.970313939));
#8520=CARTESIAN_POINT('',(30.333738991,76.11824262,-118.970356594));
#8521=CARTESIAN_POINT('',(30.422252127,76.118694393,-118.970396159));
#8522=CARTESIAN_POINT('',(30.5992784,76.119597938,-118.97047529));
#8523=CARTESIAN_POINT('',(30.760117638,76.120377772,-118.970542064));
#8524=CARTESIAN_POINT('',(30.904769842,76.12103388,-118.970596604));
#8525=CARTESIAN_POINT('',(31.19407425,76.122346094,-118.970705685));
#8526=CARTESIAN_POINT('',(31.418630521,76.123163398,-118.970765876));
#8527=CARTESIAN_POINT('',(31.578438656,76.123485737,-118.970777627));
#8528=CARTESIAN_POINT('',(31.598414672,76.12352603,-118.970779096));
#8529=CARTESIAN_POINT('',(31.604919647,76.123536251,-118.970779227));
#8530=CARTESIAN_POINT('',(31.620381912,76.123561641,-118.970779668));
#8531=CARTESIAN_POINT('',(31.635844177,76.123587031,-118.970780109));
#8532=CARTESIAN_POINT('',(31.652787623,76.123612509,-118.97078031));
#8533=CARTESIAN_POINT('',(31.671212248,76.123638076,-118.970780273));
#8534=CARTESIAN_POINT('',(31.708061497,76.12368921,-118.970780199));
#8535=CARTESIAN_POINT('',(31.750835467,76.123740698,-118.970779168));
#8536=CARTESIAN_POINT('',(31.799534155,76.123792539,-118.970777181));
#8537=CARTESIAN_POINT('',(31.896931532,76.123896223,-118.970773207));
#8538=CARTESIAN_POINT('',(32.018027785,76.124001323,-118.970765408));
#8539=CARTESIAN_POINT('',(32.162822916,76.12410784,-118.970753779));
#8540=CARTESIAN_POINT('',(32.452413178,76.124320874,-118.97073052));
#8541=CARTESIAN_POINT('',(32.836798947,76.124539575,-118.970691946));
#8542=CARTESIAN_POINT('',(33.315980225,76.124763954,-118.970637967));
#8543=CARTESIAN_POINT('',(33.345929055,76.124777978,-118.970634593));
#8544=CARTESIAN_POINT('',(33.361370247,76.124785547,-118.970632894));
#8545=CARTESIAN_POINT('',(33.383846931,76.124796748,-118.970630444));
#8546=CARTESIAN_POINT('',(33.406323615,76.124807949,-118.970627993));
#8547=CARTESIAN_POINT('',(33.428654747,76.124819421,-118.970625599));
#8548=CARTESIAN_POINT('',(33.450840328,76.124831163,-118.970623262));
#8549=CARTESIAN_POINT('',(33.495211489,76.124854646,-118.970618588));
#8550=CARTESIAN_POINT('',(33.539000443,76.12487921,-118.970614142));
#8551=CARTESIAN_POINT('',(33.582207191,76.124904855,-118.970609924));
#8552=CARTESIAN_POINT('',(33.668620687,76.124956144,-118.970601488));
#8553=CARTESIAN_POINT('',(33.752705357,76.125011755,-118.970593964));
#8554=CARTESIAN_POINT('',(33.834461201,76.125071689,-118.970587354));
#8555=CARTESIAN_POINT('',(33.997972889,76.125191556,-118.970574133));
#8556=CARTESIAN_POINT('',(34.152169272,76.125328711,-118.970564566));
#8557=CARTESIAN_POINT('',(34.29705035,76.125483154,-118.970558658));
#8558=CARTESIAN_POINT('',(34.586812507,76.12579204,-118.970546841));
#8559=CARTESIAN_POINT('',(34.839313445,76.126170077,-118.970549664));
#8560=CARTESIAN_POINT('',(35.054553165,76.126617264,-118.970567119));
#8561=CARTESIAN_POINT('',(35.162173025,76.126840858,-118.970575847));
#8562=CARTESIAN_POINT('',(35.268253296,76.127115714,-118.970591011));
#8563=CARTESIAN_POINT('',(35.391391569,76.127480472,-118.970614101));
#8564=CARTESIAN_POINT('',(35.514529842,76.12784523,-118.97063719));
#8565=CARTESIAN_POINT('',(35.648526921,76.128287011,-118.970667704));
#8566=CARTESIAN_POINT('',(35.793382804,76.12880582,-118.970705606));
#8567=CARTESIAN_POINT('',(36.083094571,76.129843436,-118.97078141));
#8568=CARTESIAN_POINT('',(36.416241557,76.131189159,-118.970886787));
#8569=CARTESIAN_POINT('',(36.792823764,76.132843047,-118.971021257));
#8570=CARTESIAN_POINT('',(37.545988178,76.136150821,-118.971290196));
#8571=CARTESIAN_POINT('',(38.121042615,76.137946708,-118.971407022));
#8572=CARTESIAN_POINT('',(38.529165008,76.138279474,-118.971378463));
#8573=CARTESIAN_POINT('',(38.554672657,76.138300272,-118.971376679));
#8574=CARTESIAN_POINT('',(38.592365515,76.138321441,-118.971372905));
#8575=CARTESIAN_POINT('',(38.624182639,76.138328256,-118.971368406));
#8576=CARTESIAN_POINT('',(38.655999763,76.13833507,-118.971363906));
#8577=CARTESIAN_POINT('',(38.687961467,76.138332439,-118.97135826));
#8578=CARTESIAN_POINT('',(38.720067752,76.138320362,-118.971351467));
#8579=CARTESIAN_POINT('',(38.784280321,76.138296207,-118.971337879));
#8580=CARTESIAN_POINT('',(38.849071211,76.13823427,-118.9713197));
#8581=CARTESIAN_POINT('',(38.914440422,76.13813455,-118.971296917));
#8582=CARTESIAN_POINT('',(39.045178843,76.137935112,-118.971251351));
#8583=CARTESIAN_POINT('',(39.178230549,76.137584545,-118.971187376));
#8584=CARTESIAN_POINT('',(39.313595539,76.137082872,-118.971104808));
#8585=CARTESIAN_POINT('',(39.584325518,76.136079527,-118.970939671));
#8586=CARTESIAN_POINT('',(39.864308634,76.134471744,-118.970700268));
#8587=CARTESIAN_POINT('',(40.153544884,76.132259855,-118.970383868));
#8588=CARTESIAN_POINT('',(40.732017384,76.127836075,-118.969751066));
#8589=CARTESIAN_POINT('',(41.347502425,76.120995627,-118.968811955));
#8590=CARTESIAN_POINT('',(42.,76.111743839,-118.967524487));
#8591=B_SPLINE_CURVE_WITH_KNOTS('',3,(#8509,#8510,#8511,#8512,#8513,#8514,#8515,#8516,#8517,#8518,#8519,#8520,#8521,#8522,#8523,#8524,#8525,#8526,#8527,#8528,#8529,#8530,#8531,#8532,#8533,#8534,
#8535,#8536,#8537,#8538,#8539,#8540,#8541,#8542,#8543,#8544,#8545,#8546,#8547,#8548,#8549,#8550,#8551,#8552,#8553,#8554,#8555,#8556,#8557,#8558,#8559,
#8560,#8561,#8562,#8563,#8564,#8565,#8566,#8567,#8568,#8569,#8570,#8571,#8572,#8573,#8574,#8575,#8576,#8577,#8578,#8579,#8580,#8581,#8582,#8583,#8584,
#8585,#8586,#8587,#8588,#8589,#8590),.UNSPECIFIED.,.F.,.F.,(4,3,3,3,3,3,3,3,3,3,3,3,3,3,3,3,3,3,3,3,3,3,3,3,3,3,
3,4),(0.,0.125,0.1328125,0.140625,0.15625,0.1875,0.25,0.2578125,0.265625,0.28125,0.3125,0.375,0.37890625,0.3828125,0.390625,0.40625,0.4375,0.5,0.53125,0.5625,0.625,0.75,0.7578125,0.765625,0.78125,0.8125,
0.875,1.),.UNSPECIFIED.);
#8592=EDGE_CURVE('',#8499,#8508,#8591,.T.);
#8593=ORIENTED_EDGE('',*,*,#8592,.T.);
#8594=CARTESIAN_POINT('',(42.,76.626763323,-114.9));
#8595=DIRECTION('',(1.,-0.,-0.));
#8596=DIRECTION('',(0.,1.,-0.));
#8597=AXIS2_PLACEMENT_3D('',#8594,#8595,#8596);
#8598=ELLIPSE('',#8597,4.100004044,4.1);
#8599=EDGE_CURVE('',#4726,#8508,#8598,.T.);
#8600=ORIENTED_EDGE('',*,*,#8599,.F.);
#8601=ORIENTED_EDGE('',*,*,#4731,.F.);
#8602=CARTESIAN_POINT('',(26.282547946,76.604688838,-114.9));
#8603=DIRECTION('',(-0.947534653,0.319653063,0.));
#8604=DIRECTION('',(0.319653063,0.947534653,-0.));
#8605=AXIS2_PLACEMENT_3D('',#8602,#8603,#8604);
#8606=ELLIPSE('',#8605,4.329073896,4.1);
#8607=EDGE_CURVE('',#2481,#4718,#8606,.T.);
#8608=ORIENTED_EDGE('',*,*,#8607,.F.);
#8609=ORIENTED_EDGE('',*,*,#2487,.F.);
#8610=ORIENTED_EDGE('',*,*,#2463,.F.);
#8611=ORIENTED_EDGE('',*,*,#2414,.T.);
#8612=ORIENTED_EDGE('',*,*,#2431,.F.);
#8613=ORIENTED_EDGE('',*,*,#8415,.F.);
#8614=EDGE_LOOP('',(#8452,#8461,#8497,#8506,#8593,#8600,#8601,#8608,#8609,#8610,#8611,#8612,#8613));
#8615=FACE_BOUND('',#8614,.T.);
#8616=ADVANCED_FACE('',(#8615),#8451,.T.);
#8617=CARTESIAN_POINT('',(-52.815183997,-38.357332349,-160.));
#8618=DIRECTION('',(0.,0.,1.));
#8619=DIRECTION('',(1.,0.,-0.));
#8620=AXIS2_PLACEMENT_3D('',#8617,#8618,#8619);
#8621=CYLINDRICAL_SURFACE('',#8620,2.5);
#8622=CARTESIAN_POINT('',(-50.315183997,-38.357332349,-146.));
#8623=VERTEX_POINT('',#8622);
#8624=CARTESIAN_POINT('',(-50.315183997,-38.357332349,-132.));
#8625=DIRECTION('',(-0.,-0.,-1.));
#8626=VECTOR('',#8625,14.);
#8627=LINE('',#8624,#8626);
#8628=EDGE_CURVE('',#4212,#8623,#8627,.T.);
#8629=ORIENTED_EDGE('',*,*,#8628,.F.);
#8630=ORIENTED_EDGE('',*,*,#4218,.T.);
#8631=ORIENTED_EDGE('',*,*,#8628,.T.);
#8632=CARTESIAN_POINT('',(-52.815183997,-38.357332349,-146.));
#8633=DIRECTION('',(0.,0.,1.));
#8634=DIRECTION('',(1.,0.,-0.));
#8635=AXIS2_PLACEMENT_3D('',#8632,#8633,#8634);
#8636=CIRCLE('',#8635,2.5);
#8637=EDGE_CURVE('',#8623,#8623,#8636,.T.);
#8638=ORIENTED_EDGE('',*,*,#8637,.F.);
#8639=EDGE_LOOP('',(#8629,#8630,#8631,#8638));
#8640=FACE_BOUND('',#8639,.T.);
#8641=ADVANCED_FACE('',(#8640),#8621,.F.);
#8642=CARTESIAN_POINT('',(0.056119636,13.434085995,-132.));
#8643=DIRECTION('',(0.,0.,-1.));
#8644=DIRECTION('',(-1.,0.,0.));
#8645=AXIS2_PLACEMENT_3D('',#8642,#8643,#8644);
#8646=CYLINDRICAL_SURFACE('',#8645,61.965069673);
#8647=ORIENTED_EDGE('',*,*,#4384,.F.);
#8648=CARTESIAN_POINT('',(0.056119636,13.434085995,-146.));
#8649=DIRECTION('',(0.,0.,1.));
#8650=DIRECTION('',(-0.,-1.,0.));
#8651=AXIS2_PLACEMENT_3D('',#8648,#8649,#8650);
#8652=CIRCLE('',#8651,61.965069673);
#8653=EDGE_CURVE('',#4419,#4371,#8652,.T.);
#8654=ORIENTED_EDGE('',*,*,#8653,.F.);
#8655=ORIENTED_EDGE('',*,*,#4424,.F.);
#8656=CARTESIAN_POINT('',(-57.412970003,-9.738604734,-127.690841859));
#8657=VERTEX_POINT('',#8656);
#8658=CARTESIAN_POINT('',(0.056119636,13.434085995,30.204184241));
#8659=DIRECTION('',(-0.939692621,0.,0.342020143));
#8660=DIRECTION('',(-0.342020143,0.,-0.939692621));
#8661=AXIS2_PLACEMENT_3D('',#8658,#8659,#8660);
#8662=ELLIPSE('',#8661,181.173743366,61.965069673);
#8663=EDGE_CURVE('',#4411,#8657,#8662,.T.);
#8664=ORIENTED_EDGE('',*,*,#8663,.T.);
#8665=CARTESIAN_POINT('',(-57.412970003,-9.738604734,-127.690841859));
#8666=DIRECTION('',(0.,0.,-1.));
#8667=VECTOR('',#8666,4.309158141);
#8668=LINE('',#8665,#8667);
#8669=EDGE_CURVE('',#8657,#4225,#8668,.T.);
#8670=ORIENTED_EDGE('',*,*,#8669,.T.);
#8671=ORIENTED_EDGE('',*,*,#4254,.T.);
#8672=CARTESIAN_POINT('',(-25.603969733,-42.968304674,-128.063765153));
#8673=VERTEX_POINT('',#8672);
#8674=CARTESIAN_POINT('',(-25.603969733,-42.968304674,-132.));
#8675=DIRECTION('',(-0.,-0.,1.));
#8676=VECTOR('',#8675,3.936234847);
#8677=LINE('',#8674,#8676);
#8678=EDGE_CURVE('',#4242,#8673,#8677,.T.);
#8679=ORIENTED_EDGE('',*,*,#8678,.T.);
#8680=CARTESIAN_POINT('',(0.056119636,13.434085995,26.900529613));
#8681=DIRECTION('',(0.,-0.939692621,0.342020143));
#8682=DIRECTION('',(0.,-0.342020143,-0.939692621));
#8683=AXIS2_PLACEMENT_3D('',#8680,#8681,#8682);
#8684=ELLIPSE('',#8683,181.173743366,61.965069673);
#8685=EDGE_CURVE('',#8673,#4379,#8684,.T.);
#8686=ORIENTED_EDGE('',*,*,#8685,.T.);
#8687=EDGE_LOOP('',(#8647,#8654,#8655,#8664,#8670,#8671,#8679,#8686));
#8688=FACE_BOUND('',#8687,.T.);
#8689=ADVANCED_FACE('',(#8688),#8646,.F.);
#8690=CARTESIAN_POINT('',(0.,0.,-146.));
#8691=DIRECTION('',(0.,0.,1.));
#8692=DIRECTION('',(0.,-1.,0.));
#8693=AXIS2_PLACEMENT_3D('',#8690,#8691,#8692);
#8694=PLANE('',#8693);
#8695=ORIENTED_EDGE('',*,*,#8637,.T.);
#8696=EDGE_LOOP('',(#8695));
#8697=FACE_BOUND('',#8696,.T.);
#8698=ORIENTED_EDGE('',*,*,#8653,.T.);
#8699=ORIENTED_EDGE('',*,*,#4376,.T.);
#8700=ORIENTED_EDGE('',*,*,#5531,.F.);
#8701=ORIENTED_EDGE('',*,*,#4432,.T.);
#8702=EDGE_LOOP('',(#8698,#8699,#8700,#8701));
#8703=FACE_BOUND('',#8702,.T.);
#8704=ADVANCED_FACE('',(#8697,#8703),#8694,.F.);
#8705=CARTESIAN_POINT('',(-52.807159722,65.366774797,-160.));
#8706=DIRECTION('',(0.,0.,1.));
#8707=DIRECTION('',(1.,0.,-0.));
#8708=AXIS2_PLACEMENT_3D('',#8705,#8706,#8707);
#8709=CYLINDRICAL_SURFACE('',#8708,2.5);
#8710=CARTESIAN_POINT('',(-50.307159722,65.366774797,-146.));
#8711=VERTEX_POINT('',#8710);
#8712=CARTESIAN_POINT('',(-50.307159722,65.366774797,-132.));
#8713=DIRECTION('',(-0.,-0.,-1.));
#8714=VECTOR('',#8713,14.);
#8715=LINE('',#8712,#8714);
#8716=EDGE_CURVE('',#4168,#8711,#8715,.T.);
#8717=ORIENTED_EDGE('',*,*,#8716,.F.);
#8718=ORIENTED_EDGE('',*,*,#4174,.T.);
#8719=ORIENTED_EDGE('',*,*,#8716,.T.);
#8720=CARTESIAN_POINT('',(-52.807159722,65.366774797,-146.));
#8721=DIRECTION('',(0.,0.,1.));
#8722=DIRECTION('',(1.,0.,-0.));
#8723=AXIS2_PLACEMENT_3D('',#8720,#8721,#8722);
#8724=CIRCLE('',#8723,2.5);
#8725=EDGE_CURVE('',#8711,#8711,#8724,.T.);
#8726=ORIENTED_EDGE('',*,*,#8725,.F.);
#8727=EDGE_LOOP('',(#8717,#8718,#8719,#8726));
#8728=FACE_BOUND('',#8727,.T.);
#8729=ADVANCED_FACE('',(#8728),#8709,.F.);
#8730=CARTESIAN_POINT('',(0.056119636,13.434085995,-132.));
#8731=DIRECTION('',(0.,0.,-1.));
#8732=DIRECTION('',(-1.,0.,0.));
#8733=AXIS2_PLACEMENT_3D('',#8730,#8731,#8732);
#8734=CYLINDRICAL_SURFACE('',#8733,61.965069673);
#8735=ORIENTED_EDGE('',*,*,#1879,.F.);
#8736=ORIENTED_EDGE('',*,*,#1840,.T.);
#8737=CARTESIAN_POINT('',(-23.373343937,70.798971563,-132.));
#8738=CARTESIAN_POINT('',(-23.554162711,70.725119993,-132.));
#8739=CARTESIAN_POINT('',(-23.733501844,70.650874666,-131.990042685));
#8740=CARTESIAN_POINT('',(-23.911200218,70.576342151,-131.968568683));
#8741=CARTESIAN_POINT('',(-24.088898593,70.501809635,-131.94709468));
#8742=CARTESIAN_POINT('',(-24.264992419,70.426973048,-131.914431975));
#8743=CARTESIAN_POINT('',(-24.438806433,70.35217149,-131.864386958));
#8744=CARTESIAN_POINT('',(-24.525713439,70.314770711,-131.839364449));
#8745=CARTESIAN_POINT('',(-24.611573709,70.277582589,-131.810023614));
#8746=CARTESIAN_POINT('',(-24.695295913,70.241103941,-131.77480029));
#8747=CARTESIAN_POINT('',(-24.779018118,70.204625292,-131.739576965));
#8748=CARTESIAN_POINT('',(-24.860772633,70.168778578,-131.698495043));
#8749=CARTESIAN_POINT('',(-24.93731292,70.135040031,-131.648847599));
#8750=CARTESIAN_POINT('',(-25.013853206,70.101301485,-131.599200156));
#8751=CARTESIAN_POINT('',(-25.087234602,70.068755117,-131.540138234));
#8752=CARTESIAN_POINT('',(-25.146077024,70.042558356,-131.466025411));
#8753=CARTESIAN_POINT('',(-25.175498235,70.029459976,-131.428969));
#8754=CARTESIAN_POINT('',(-25.201160667,70.018006389,-131.387758091));
#8755=CARTESIAN_POINT('',(-25.219319358,70.009893928,-131.343317142));
#8756=CARTESIAN_POINT('',(-25.237478048,70.001781466,-131.298876193));
#8757=CARTESIAN_POINT('',(-25.248339577,69.996920114,-131.249756388));
#8758=CARTESIAN_POINT('',(-25.248339577,69.996920114,-131.2));
#8759=B_SPLINE_CURVE_WITH_KNOTS('',3,(#8737,#8738,#8739,#8740,#8741,#8742,#8743,#8744,#8745,#8746,#8747,#8748,#8749,#8750,#8751,#8752,#8753,#8754,#8755,#8756,#8757,#8758),.UNSPECIFIED.,.F.,.F.,(4,3,3,3,3,3,3,4),(0.,0.000581637,0.001163274,0.001454093,0.001744911,0.00203573,0.002181139,0.002326548),.UNSPECIFIED.);
#8760=EDGE_CURVE('',#1826,#2694,#8759,.T.);
#8761=ORIENTED_EDGE('',*,*,#8760,.T.);
#8762=ORIENTED_EDGE('',*,*,#2699,.F.);
#8763=ORIENTED_EDGE('',*,*,#4201,.T.);
#8764=CARTESIAN_POINT('',(-57.409383957,36.615668262,-127.680989277));
#8765=VERTEX_POINT('',#8764);
#8766=CARTESIAN_POINT('',(-57.409383957,36.615668262,-132.));
#8767=DIRECTION('',(-0.,-0.,1.));
#8768=VECTOR('',#8767,4.319010723);
#8769=LINE('',#8766,#8768);
#8770=EDGE_CURVE('',#4189,#8765,#8769,.T.);
#8771=ORIENTED_EDGE('',*,*,#8770,.T.);
#8772=CARTESIAN_POINT('',(0.056119636,13.434085995,30.204184241));
#8773=DIRECTION('',(-0.939692621,0.,0.342020143));
#8774=DIRECTION('',(-0.342020143,0.,-0.939692621));
#8775=AXIS2_PLACEMENT_3D('',#8772,#8773,#8774);
#8776=ELLIPSE('',#8775,181.173743366,61.965069673);
#8777=EDGE_CURVE('',#8765,#4403,#8776,.T.);
#8778=ORIENTED_EDGE('',*,*,#8777,.T.);
#8779=ORIENTED_EDGE('',*,*,#4408,.F.);
#8780=CARTESIAN_POINT('',(0.056119636,13.434085995,-146.));
#8781=DIRECTION('',(0.,0.,1.));
#8782=DIRECTION('',(-0.,-1.,0.));
#8783=AXIS2_PLACEMENT_3D('',#8780,#8781,#8782);
#8784=CIRCLE('',#8783,61.965069673);
#8785=EDGE_CURVE('',#1874,#4401,#8784,.T.);
#8786=ORIENTED_EDGE('',*,*,#8785,.F.);
#8787=EDGE_LOOP('',(#8735,#8736,#8761,#8762,#8763,#8771,#8778,#8779,#8786));
#8788=FACE_BOUND('',#8787,.T.);
#8789=ADVANCED_FACE('',(#8788),#8734,.F.);
#8790=CARTESIAN_POINT('',(0.,0.,-146.));
#8791=DIRECTION('',(0.,0.,1.));
#8792=DIRECTION('',(0.,-1.,0.));
#8793=AXIS2_PLACEMENT_3D('',#8790,#8791,#8792);
#8794=PLANE('',#8793);
#8795=ORIENTED_EDGE('',*,*,#8725,.T.);
#8796=EDGE_LOOP('',(#8795));
#8797=FACE_BOUND('',#8796,.T.);
#8798=ORIENTED_EDGE('',*,*,#5555,.F.);
#8799=ORIENTED_EDGE('',*,*,#1887,.T.);
#8800=ORIENTED_EDGE('',*,*,#8785,.T.);
#8801=ORIENTED_EDGE('',*,*,#4462,.T.);
#8802=EDGE_LOOP('',(#8798,#8799,#8800,#8801));
#8803=FACE_BOUND('',#8802,.T.);
#8804=ADVANCED_FACE('',(#8797,#8803),#8794,.F.);
#8805=CARTESIAN_POINT('',(53.,-38.4,-160.));
#8806=DIRECTION('',(0.,0.,1.));
#8807=DIRECTION('',(1.,0.,-0.));
#8808=AXIS2_PLACEMENT_3D('',#8805,#8806,#8807);
#8809=CYLINDRICAL_SURFACE('',#8808,2.5);
#8810=CARTESIAN_POINT('',(55.5,-38.4,-146.));
#8811=VERTEX_POINT('',#8810);
#8812=CARTESIAN_POINT('',(55.5,-38.4,-132.));
#8813=DIRECTION('',(-0.,-0.,-1.));
#8814=VECTOR('',#8813,14.);
#8815=LINE('',#8812,#8814);
#8816=EDGE_CURVE('',#4091,#8811,#8815,.T.);
#8817=ORIENTED_EDGE('',*,*,#8816,.F.);
#8818=ORIENTED_EDGE('',*,*,#4097,.T.);
#8819=ORIENTED_EDGE('',*,*,#8816,.T.);
#8820=CARTESIAN_POINT('',(53.,-38.4,-146.));
#8821=DIRECTION('',(0.,0.,1.));
#8822=DIRECTION('',(1.,0.,-0.));
#8823=AXIS2_PLACEMENT_3D('',#8820,#8821,#8822);
#8824=CIRCLE('',#8823,2.5);
#8825=EDGE_CURVE('',#8811,#8811,#8824,.T.);
#8826=ORIENTED_EDGE('',*,*,#8825,.F.);
#8827=EDGE_LOOP('',(#8817,#8818,#8819,#8826));
#8828=FACE_BOUND('',#8827,.T.);
#8829=ADVANCED_FACE('',(#8828),#8809,.F.);
#8830=CARTESIAN_POINT('',(0.056119636,13.434085995,-132.));
#8831=DIRECTION('',(0.,0.,-1.));
#8832=DIRECTION('',(-1.,0.,0.));
#8833=AXIS2_PLACEMENT_3D('',#8830,#8831,#8832);
#8834=CYLINDRICAL_SURFACE('',#8833,61.965069673);
#8835=CARTESIAN_POINT('',(57.534117331,-9.716500184,-133.936719104));
#8836=VERTEX_POINT('',#8835);
#8837=CARTESIAN_POINT('',(57.534117331,-9.716500184,-132.));
#8838=DIRECTION('',(0.,0.,-1.));
#8839=VECTOR('',#8838,1.936719104);
#8840=LINE('',#8837,#8839);
#8841=EDGE_CURVE('',#4102,#8836,#8840,.T.);
#8842=ORIENTED_EDGE('',*,*,#8841,.T.);
#8843=CARTESIAN_POINT('',(58.320212865,-7.660114622,-135.841198379));
#8844=VERTEX_POINT('',#8843);
#8845=CARTESIAN_POINT('',(57.534117331,-9.716500184,-133.936719104));
#8846=CARTESIAN_POINT('',(57.534117331,-9.716500184,-134.067345249));
#8847=CARTESIAN_POINT('',(57.543506221,-9.693221891,-134.193685338));
#8848=CARTESIAN_POINT('',(57.560687309,-9.650423015,-134.315491971));
#8849=CARTESIAN_POINT('',(57.577868397,-9.60762414,-134.437298605));
#8850=CARTESIAN_POINT('',(57.601817068,-9.547830458,-134.548435465));
#8851=CARTESIAN_POINT('',(57.630260438,-9.476352028,-134.652270591));
#8852=CARTESIAN_POINT('',(57.658703809,-9.404873597,-134.756105716));
#8853=CARTESIAN_POINT('',(57.691338922,-9.322456978,-134.851045271));
#8854=CARTESIAN_POINT('',(57.725860372,-9.234633929,-134.937711521));
#8855=CARTESIAN_POINT('',(57.760381822,-9.14681088,-135.024377771));
#8856=CARTESIAN_POINT('',(57.797093892,-9.052819583,-135.10366376));
#8857=CARTESIAN_POINT('',(57.835283063,-8.954262161,-135.177545895));
#8858=CARTESIAN_POINT('',(57.911661407,-8.757147316,-135.325310165));
#8859=CARTESIAN_POINT('',(57.992142601,-8.546375581,-135.448666452));
#8860=CARTESIAN_POINT('',(58.073448535,-8.329631678,-135.556889025));
#8861=CARTESIAN_POINT('',(58.154754469,-8.112887775,-135.665111597));
#8862=CARTESIAN_POINT('',(58.237329651,-7.889045568,-135.758315165));
#8863=CARTESIAN_POINT('',(58.320212865,-7.660114622,-135.841198379));
#8864=B_SPLINE_CURVE_WITH_KNOTS('',3,(#8845,#8846,#8847,#8848,#8849,#8850,#8851,#8852,#8853,#8854,#8855,#8856,#8857,#8858,#8859,#8860,#8861,#8862,#8863),.UNSPECIFIED.,.F.,.F.,(4,3,3,3,3,3,4),(0.,0.000385418,0.000770837,0.001156255,0.001541674,0.002312511,0.003083348),.UNSPECIFIED.);
#8865=EDGE_CURVE('',#8836,#8844,#8864,.T.);
#8866=ORIENTED_EDGE('',*,*,#8865,.T.);
#8867=CARTESIAN_POINT('',(0.056119636,13.434085995,-77.577105149));
#8868=DIRECTION('',(0.707106781,-0.,0.707106781));
#8869=DIRECTION('',(0.707106781,0.,-0.707106781));
#8870=AXIS2_PLACEMENT_3D('',#8867,#8868,#8869);
#8871=ELLIPSE('',#8870,87.631841925,61.965069673);
#8872=EDGE_CURVE('',#8844,#4265,#8871,.T.);
#8873=ORIENTED_EDGE('',*,*,#8872,.T.);
#8874=ORIENTED_EDGE('',*,*,#4318,.F.);
#8875=CARTESIAN_POINT('',(0.056119636,13.434085995,-146.));
#8876=DIRECTION('',(0.,0.,1.));
#8877=DIRECTION('',(-0.,-1.,0.));
#8878=AXIS2_PLACEMENT_3D('',#8875,#8876,#8877);
#8879=CIRCLE('',#8878,61.965069673);
#8880=EDGE_CURVE('',#4331,#4307,#8879,.T.);
#8881=ORIENTED_EDGE('',*,*,#8880,.F.);
#8882=ORIENTED_EDGE('',*,*,#4336,.F.);
#8883=CARTESIAN_POINT('',(25.670714614,-42.988980065,-128.120570324));
#8884=VERTEX_POINT('',#8883);
#8885=CARTESIAN_POINT('',(0.056119636,13.434085995,26.900529613));
#8886=DIRECTION('',(0.,-0.939692621,0.342020143));
#8887=DIRECTION('',(0.,-0.342020143,-0.939692621));
#8888=AXIS2_PLACEMENT_3D('',#8885,#8886,#8887);
#8889=ELLIPSE('',#8888,181.173743366,61.965069673);
#8890=EDGE_CURVE('',#4329,#8884,#8889,.T.);
#8891=ORIENTED_EDGE('',*,*,#8890,.T.);
#8892=CARTESIAN_POINT('',(25.670714614,-42.988980065,-128.120570324));
#8893=DIRECTION('',(0.,0.,-1.));
#8894=VECTOR('',#8893,3.879429676);
#8895=LINE('',#8892,#8894);
#8896=EDGE_CURVE('',#8884,#4112,#8895,.T.);
#8897=ORIENTED_EDGE('',*,*,#8896,.T.);
#8898=ORIENTED_EDGE('',*,*,#4118,.T.);
#8899=EDGE_LOOP('',(#8842,#8866,#8873,#8874,#8881,#8882,#8891,#8897,#8898));
#8900=FACE_BOUND('',#8899,.T.);
#8901=ADVANCED_FACE('',(#8900),#8834,.F.);
#8902=CARTESIAN_POINT('',(0.,0.,-146.));
#8903=DIRECTION('',(0.,0.,1.));
#8904=DIRECTION('',(0.,-1.,0.));
#8905=AXIS2_PLACEMENT_3D('',#8902,#8903,#8904);
#8906=PLANE('',#8905);
#8907=ORIENTED_EDGE('',*,*,#8880,.T.);
#8908=ORIENTED_EDGE('',*,*,#4312,.T.);
#8909=ORIENTED_EDGE('',*,*,#5507,.F.);
#8910=ORIENTED_EDGE('',*,*,#4344,.T.);
#8911=EDGE_LOOP('',(#8907,#8908,#8909,#8910));
#8912=FACE_BOUND('',#8911,.T.);
#8913=ORIENTED_EDGE('',*,*,#8825,.T.);
#8914=EDGE_LOOP('',(#8913));
#8915=FACE_BOUND('',#8914,.T.);
#8916=ADVANCED_FACE('',(#8912,#8915),#8906,.F.);
#8917=CARTESIAN_POINT('',(0.,0.,-146.));
#8918=DIRECTION('',(0.,0.,1.));
#8919=DIRECTION('',(0.,-1.,0.));
#8920=AXIS2_PLACEMENT_3D('',#8917,#8918,#8919);
#8921=PLANE('',#8920);
#8922=ORIENTED_EDGE('',*,*,#5461,.T.);
#8923=ORIENTED_EDGE('',*,*,#5483,.F.);
#8924=ORIENTED_EDGE('',*,*,#4280,.T.);
#8925=ORIENTED_EDGE('',*,*,#2649,.T.);
#8926=ORIENTED_EDGE('',*,*,#1919,.T.);
#8927=ORIENTED_EDGE('',*,*,#8437,.F.);
#8928=CARTESIAN_POINT('',(42.,72.,-146.));
#8929=VERTEX_POINT('',#8928);
#8930=CARTESIAN_POINT('',(42.,72.,-146.));
#8931=DIRECTION('',(-1.,0.,0.));
#8932=VECTOR('',#8931,17.);
#8933=LINE('',#8930,#8932);
#8934=EDGE_CURVE('',#8929,#8426,#8933,.T.);
#8935=ORIENTED_EDGE('',*,*,#8934,.F.);
#8936=CARTESIAN_POINT('',(42.,72.826759575,-146.));
#8937=DIRECTION('',(0.,-1.,0.));
#8938=VECTOR('',#8937,0.826759575);
#8939=LINE('',#8936,#8938);
#8940=EDGE_CURVE('',#5456,#8929,#8939,.T.);
#8941=ORIENTED_EDGE('',*,*,#8940,.F.);
#8942=EDGE_LOOP('',(#8922,#8923,#8924,#8925,#8926,#8927,#8935,#8941));
#8943=FACE_BOUND('',#8942,.T.);
#8944=CARTESIAN_POINT('',(55.261394531,65.482251346,-146.));
#8945=VERTEX_POINT('',#8944);
#8946=CARTESIAN_POINT('',(52.761394531,65.482251346,-146.));
#8947=DIRECTION('',(0.,0.,1.));
#8948=DIRECTION('',(1.,0.,-0.));
#8949=AXIS2_PLACEMENT_3D('',#8946,#8947,#8948);
#8950=CIRCLE('',#8949,2.5);
#8951=EDGE_CURVE('',#8945,#8945,#8950,.T.);
#8952=ORIENTED_EDGE('',*,*,#8951,.T.);
#8953=EDGE_LOOP('',(#8952));
#8954=FACE_BOUND('',#8953,.T.);
#8955=ADVANCED_FACE('',(#8943,#8954),#8921,.F.);
#8956=CARTESIAN_POINT('',(52.761394531,65.482251346,-160.));
#8957=DIRECTION('',(0.,0.,1.));
#8958=DIRECTION('',(1.,0.,-0.));
#8959=AXIS2_PLACEMENT_3D('',#8956,#8957,#8958);
#8960=CYLINDRICAL_SURFACE('',#8959,2.5);
#8961=CARTESIAN_POINT('',(55.261394531,65.482251346,-132.));
#8962=DIRECTION('',(-0.,-0.,-1.));
#8963=VECTOR('',#8962,14.);
#8964=LINE('',#8961,#8963);
#8965=EDGE_CURVE('',#4473,#8945,#8964,.T.);
#8966=ORIENTED_EDGE('',*,*,#8965,.F.);
#8967=ORIENTED_EDGE('',*,*,#4479,.T.);
#8968=ORIENTED_EDGE('',*,*,#8965,.T.);
#8969=ORIENTED_EDGE('',*,*,#8951,.F.);
#8970=EDGE_LOOP('',(#8966,#8967,#8968,#8969));
#8971=FACE_BOUND('',#8970,.T.);
#8972=ADVANCED_FACE('',(#8971),#8960,.F.);
#8973=CARTESIAN_POINT('',(39.5,72.,-117.));
#8974=DIRECTION('',(0.,1.,-0.));
#8975=DIRECTION('',(0.,0.,1.));
#8976=AXIS2_PLACEMENT_3D('',#8973,#8974,#8975);
#8977=PLANE('',#8976);
#8978=CARTESIAN_POINT('',(42.,72.,-132.));
#8979=DIRECTION('',(0.,-0.,-1.));
#8980=VECTOR('',#8979,14.);
#8981=LINE('',#8978,#8980);
#8982=EDGE_CURVE('',#4520,#8929,#8981,.T.);
#8983=ORIENTED_EDGE('',*,*,#8982,.T.);
#8984=ORIENTED_EDGE('',*,*,#8934,.T.);
#8985=ORIENTED_EDGE('',*,*,#8431,.F.);
#8986=ORIENTED_EDGE('',*,*,#4533,.F.);
#8987=EDGE_LOOP('',(#8983,#8984,#8985,#8986));
#8988=FACE_BOUND('',#8987,.T.);
#8989=ADVANCED_FACE('',(#8988),#8977,.T.);
#8990=CARTESIAN_POINT('',(46.60511253,68.416613629,-64.));
#8991=DIRECTION('',(1.,0.,0.));
#8992=DIRECTION('',(0.,0.,-1.));
#8993=AXIS2_PLACEMENT_3D('',#8990,#8991,#8992);
#8994=PLANE('',#8993);
#8995=CARTESIAN_POINT('',(46.60511253,64.,-52.));
#8996=DIRECTION('',(0.,0.,1.));
#8997=VECTOR('',#8996,14.);
#8998=LINE('',#8995,#8997);
#8999=EDGE_CURVE('',#6709,#6741,#8998,.T.);
#9000=ORIENTED_EDGE('',*,*,#8999,.T.);
#9001=ORIENTED_EDGE('',*,*,#6762,.T.);
#9002=ORIENTED_EDGE('',*,*,#4771,.F.);
#9003=CARTESIAN_POINT('',(46.60511253,68.533223016,-56.));
#9004=DIRECTION('',(1.,0.,0.));
#9005=DIRECTION('',(0.,-1.,0.));
#9006=AXIS2_PLACEMENT_3D('',#9003,#9004,#9005);
#9007=ELLIPSE('',#9006,4.000003945,4.);
#9008=EDGE_CURVE('',#4758,#6717,#9007,.T.);
#9009=ORIENTED_EDGE('',*,*,#9008,.T.);
#9010=ORIENTED_EDGE('',*,*,#6722,.F.);
#9011=EDGE_LOOP('',(#9000,#9001,#9002,#9009,#9010));
#9012=FACE_BOUND('',#9011,.T.);
#9013=ADVANCED_FACE('',(#9012),#8994,.F.);
#9014=CARTESIAN_POINT('',(25.,68.416613629,-64.));
#9015=DIRECTION('',(-1.,0.,0.));
#9016=DIRECTION('',(0.,0.,1.));
#9017=AXIS2_PLACEMENT_3D('',#9014,#9015,#9016);
#9018=PLANE('',#9017);
#9019=ORIENTED_EDGE('',*,*,#4822,.T.);
#9020=ORIENTED_EDGE('',*,*,#5373,.T.);
#9021=ORIENTED_EDGE('',*,*,#5397,.T.);
#9022=CARTESIAN_POINT('',(25.,68.502879566,-56.));
#9023=DIRECTION('',(-1.,0.,0.));
#9024=DIRECTION('',(0.,-1.,0.));
#9025=AXIS2_PLACEMENT_3D('',#9022,#9023,#9024);
#9026=ELLIPSE('',#9025,4.000003945,4.);
#9027=EDGE_CURVE('',#5392,#4815,#9026,.T.);
#9028=ORIENTED_EDGE('',*,*,#9027,.T.);
#9029=EDGE_LOOP('',(#9019,#9020,#9021,#9028));
#9030=FACE_BOUND('',#9029,.T.);
#9031=ADVANCED_FACE('',(#9030),#9018,.F.);
#9032=CARTESIAN_POINT('',(35.802556265,64.,-64.));
#9033=DIRECTION('',(0.,-1.,0.));
#9034=DIRECTION('',(0.,0.,-1.));
#9035=AXIS2_PLACEMENT_3D('',#9032,#9033,#9034);
#9036=PLANE('',#9035);
#9037=ORIENTED_EDGE('',*,*,#6779,.T.);
#9038=ORIENTED_EDGE('',*,*,#6746,.T.);
#9039=ORIENTED_EDGE('',*,*,#8999,.F.);
#9040=ORIENTED_EDGE('',*,*,#6714,.F.);
#9041=EDGE_LOOP('',(#9037,#9038,#9039,#9040));
#9042=FACE_BOUND('',#9041,.T.);
#9043=ADVANCED_FACE('',(#9042),#9036,.F.);
#9044=CARTESIAN_POINT('',(54.,79.61572806,-177.));
#9045=DIRECTION('',(-1.,0.,0.));
#9046=DIRECTION('',(0.,0.,1.));
#9047=AXIS2_PLACEMENT_3D('',#9044,#9045,#9046);
#9048=PLANE('',#9047);
#9049=ORIENTED_EDGE('',*,*,#5666,.F.);
#9050=CARTESIAN_POINT('',(54.,79.387836158,-177.985145778));
#9051=DIRECTION('',(0.,-0.,-1.));
#9052=VECTOR('',#9051,0.014854222);
#9053=LINE('',#9050,#9052);
#9054=EDGE_CURVE('',#5651,#7479,#9053,.T.);
#9055=ORIENTED_EDGE('',*,*,#9054,.T.);
#9056=ORIENTED_EDGE('',*,*,#7484,.T.);
#9057=EDGE_LOOP('',(#9049,#9055,#9056));
#9058=FACE_BOUND('',#9057,.T.);
#9059=ADVANCED_FACE('',(#9058),#9048,.F.);
#9060=CARTESIAN_POINT('',(48.4,79.387836158,-177.));
#9061=DIRECTION('',(0.,-1.,0.));
#9062=DIRECTION('',(0.,-0.,-1.));
#9063=AXIS2_PLACEMENT_3D('',#9060,#9061,#9062);
#9064=PLANE('',#9063);
#9065=ORIENTED_EDGE('',*,*,#7492,.F.);
#9066=ORIENTED_EDGE('',*,*,#9054,.F.);
#9067=ORIENTED_EDGE('',*,*,#5657,.T.);
#9068=CARTESIAN_POINT('',(42.8,79.387836158,-177.986154376));
#9069=DIRECTION('',(0.,-0.,-1.));
#9070=VECTOR('',#9069,0.013845624);
#9071=LINE('',#9068,#9070);
#9072=EDGE_CURVE('',#5642,#7487,#9071,.T.);
#9073=ORIENTED_EDGE('',*,*,#9072,.T.);
#9074=EDGE_LOOP('',(#9065,#9066,#9067,#9073));
#9075=FACE_BOUND('',#9074,.T.);
#9076=ADVANCED_FACE('',(#9075),#9064,.T.);
#9077=CARTESIAN_POINT('',(42.8,80.193918079,-177.));
#9078=DIRECTION('',(-1.,0.,0.));
#9079=DIRECTION('',(0.,0.,1.));
#9080=AXIS2_PLACEMENT_3D('',#9077,#9078,#9079);
#9081=PLANE('',#9080);
#9082=ORIENTED_EDGE('',*,*,#5648,.F.);
#9083=ORIENTED_EDGE('',*,*,#7498,.F.);
#9084=ORIENTED_EDGE('',*,*,#9072,.F.);
#9085=EDGE_LOOP('',(#9082,#9083,#9084));
#9086=FACE_BOUND('',#9085,.T.);
#9087=ADVANCED_FACE('',(#9086),#9081,.T.);
#9088=CARTESIAN_POINT('',(0.00464293,-4.30736844,-115.193788651));
#9089=DIRECTION('',(0.000040277,-0.037366254,-0.999301637));
#9090=DIRECTION('',(0.,0.999301638,-0.037366254));
#9091=AXIS2_PLACEMENT_3D('',#9088,#9089,#9090);
#9092=PLANE('',#9091);
#9093=CARTESIAN_POINT('',(42.,77.201226199,-118.239895309));
#9094=VERTEX_POINT('',#9093);
#9095=CARTESIAN_POINT('',(41.980809764,77.435629254,-118.245260983));
#9096=VERTEX_POINT('',#9095);
#9097=CARTESIAN_POINT('',(42.,77.201226199,-118.239895309));
#9098=DIRECTION('',(-0.,0.999301638,-0.037366254));
#9099=VECTOR('',#9098,0.234439852);
#9100=LINE('',#9097,#9099);
#9101=EDGE_CURVE('',#9094,#9096,#9100,.T.);
#9102=ORIENTED_EDGE('',*,*,#9101,.F.);
#9103=CARTESIAN_POINT('',(41.455038909,77.188668822,-118.239447724));
#9104=VERTEX_POINT('',#9103);
#9105=CARTESIAN_POINT('',(42.000001095,77.201226199,-118.239895309));
#9106=CARTESIAN_POINT('',(41.455038909,77.188668822,-118.239447724));
#9107=B_SPLINE_CURVE_WITH_KNOTS('',1,(#9105,#9106),.UNSPECIFIED.,.F.,.F.,(2,2),(0.,1.),.UNSPECIFIED.);
#9108=EDGE_CURVE('',#9094,#9104,#9107,.T.);
#9109=ORIENTED_EDGE('',*,*,#9108,.T.);
#9110=CARTESIAN_POINT('',(29.9185116,77.152269768,-118.238551661));
#9111=VERTEX_POINT('',#9110);
#9112=CARTESIAN_POINT('',(41.455038909,77.188668822,-118.239447724));
#9113=CARTESIAN_POINT('',(39.882521709,77.153839156,-118.238208741));
#9114=CARTESIAN_POINT('',(38.57491431,77.151007089,-118.238155547));
#9115=CARTESIAN_POINT('',(37.132313299,77.147882648,-118.238096861));
#9116=CARTESIAN_POINT('',(35.689732489,77.156123736,-118.238463159));
#9117=CARTESIAN_POINT('',(35.395785118,77.157802981,-118.238537797));
#9118=CARTESIAN_POINT('',(32.803359122,77.152703755,-118.238451614));
#9119=CARTESIAN_POINT('',(30.98086416,77.14911896,-118.238391027));
#9120=CARTESIAN_POINT('',(29.9185116,77.152269768,-118.238551661));
#9121=B_SPLINE_CURVE_WITH_KNOTS('',2,(#9112,#9113,#9114,#9115,#9116,#9117,#9118,#9119,#9120),.UNSPECIFIED.,.F.,.F.,(3,2,2,2,3),(0.,0.25,0.5,0.75,1.),.UNSPECIFIED.);
#9122=EDGE_CURVE('',#9104,#9111,#9121,.T.);
#9123=ORIENTED_EDGE('',*,*,#9122,.T.);
#9124=CARTESIAN_POINT('',(28.083386159,77.157921497,-118.238836958));
#9125=VERTEX_POINT('',#9124);
#9126=CARTESIAN_POINT('',(29.9185116,77.152269768,-118.238551661));
#9127=CARTESIAN_POINT('',(28.083386159,77.157921497,-118.238836958));
#9128=B_SPLINE_CURVE_WITH_KNOTS('',1,(#9126,#9127),.UNSPECIFIED.,.F.,.F.,(2,2),(0.,1.),.UNSPECIFIED.);
#9129=EDGE_CURVE('',#9111,#9125,#9128,.T.);
#9130=ORIENTED_EDGE('',*,*,#9129,.T.);
#9131=CARTESIAN_POINT('',(26.621809296,77.187722735,-118.240010206));
#9132=VERTEX_POINT('',#9131);
#9133=CARTESIAN_POINT('',(28.083386159,77.157921497,-118.238836958));
#9134=CARTESIAN_POINT('',(27.105100203,77.162100792,-118.239032662));
#9135=CARTESIAN_POINT('',(26.621809296,77.187722735,-118.240010206));
#9136=B_SPLINE_CURVE_WITH_KNOTS('',2,(#9133,#9134,#9135),.UNSPECIFIED.,.F.,.F.,(3,3),(0.,1.),.UNSPECIFIED.);
#9137=EDGE_CURVE('',#9125,#9132,#9136,.T.);
#9138=ORIENTED_EDGE('',*,*,#9137,.T.);
#9139=CARTESIAN_POINT('',(25.813904125,77.413577363,-118.248488009));
#9140=VERTEX_POINT('',#9139);
#9141=CARTESIAN_POINT('',(26.621809296,77.187722735,-118.240010206));
#9142=CARTESIAN_POINT('',(26.360489953,77.201576732,-118.240538773));
#9143=CARTESIAN_POINT('',(26.196564114,77.240805446,-118.242012234));
#9144=CARTESIAN_POINT('',(26.090574446,77.266169589,-118.242964932));
#9145=CARTESIAN_POINT('',(26.000881559,77.307430242,-118.24451138));
#9146=CARTESIAN_POINT('',(25.902856335,77.352523948,-118.246201492));
#9147=CARTESIAN_POINT('',(25.813904125,77.413577363,-118.248488009));
#9148=B_SPLINE_CURVE_WITH_KNOTS('',2,(#9141,#9142,#9143,#9144,#9145,#9146,#9147),.UNSPECIFIED.,.F.,.F.,(3,2,2,3),(0.,0.5,0.75,1.),.UNSPECIFIED.);
#9149=EDGE_CURVE('',#9132,#9140,#9148,.T.);
#9150=ORIENTED_EDGE('',*,*,#9149,.T.);
#9151=CARTESIAN_POINT('',(25.813904125,77.413577363,-118.248488009));
#9152=CARTESIAN_POINT('',(25.763793152,77.439238481,-118.249449558));
#9153=CARTESIAN_POINT('',(25.642947305,77.466917478,-118.250489412));
#9154=CARTESIAN_POINT('',(25.527444441,77.493372698,-118.251483291));
#9155=CARTESIAN_POINT('',(25.457398717,77.502610937,-118.251831554));
#9156=B_SPLINE_CURVE_WITH_KNOTS('',2,(#9151,#9152,#9153,#9154,#9155),.UNSPECIFIED.,.F.,.F.,(3,2,3),(0.,0.5,1.),.UNSPECIFIED.);
#9157=EDGE_CURVE('',#9140,#2251,#9156,.T.);
#9158=ORIENTED_EDGE('',*,*,#9157,.T.);
#9159=CARTESIAN_POINT('',(25.485008704,77.498968782,-118.251694252));
#9160=CARTESIAN_POINT('',(26.713445433,86.504828133,-118.588395139));
#9161=B_SPLINE_CURVE_WITH_KNOTS('',1,(#9159,#9160),.UNSPECIFIED.,.F.,.F.,(2,2),(0.068279765,1.),.UNSPECIFIED.);
#9162=EDGE_CURVE('',#2251,#2923,#9161,.T.);
#9163=ORIENTED_EDGE('',*,*,#9162,.T.);
#9164=ORIENTED_EDGE('',*,*,#2928,.F.);
#9165=CARTESIAN_POINT('',(41.664491286,79.64702779,-118.338003126));
#9166=VERTEX_POINT('',#9165);
#9167=CARTESIAN_POINT('',(41.665870264,79.647466565,-118.331379494));
#9168=CARTESIAN_POINT('',(40.713435473,86.52150901,-118.588454601));
#9169=B_SPLINE_CURVE_WITH_KNOTS('',1,(#9167,#9168),.UNSPECIFIED.,.F.,.F.,(2,2),(0.,0.709945256),.UNSPECIFIED.);
#9170=EDGE_CURVE('',#9166,#2921,#9169,.T.);
#9171=ORIENTED_EDGE('',*,*,#9170,.F.);
#9172=CARTESIAN_POINT('',(41.873299842,78.209445298,-118.279361423));
#9173=VERTEX_POINT('',#9172);
#9174=CARTESIAN_POINT('',(41.86526069,78.208398752,-118.277561306));
#9175=CARTESIAN_POINT('',(41.665870264,79.647466565,-118.331379494));
#9176=B_SPLINE_CURVE_WITH_KNOTS('',1,(#9174,#9175),.UNSPECIFIED.,.F.,.F.,(2,2),(0.709945256,0.858570955),.UNSPECIFIED.);
#9177=EDGE_CURVE('',#9173,#9166,#9176,.T.);
#9178=ORIENTED_EDGE('',*,*,#9177,.F.);
#9179=CARTESIAN_POINT('',(41.972508707,77.434353718,-118.248613607));
#9180=CARTESIAN_POINT('',(41.86526069,78.208398752,-118.277561306));
#9181=B_SPLINE_CURVE_WITH_KNOTS('',1,(#9179,#9180),.UNSPECIFIED.,.F.,.F.,(2,2),(0.858570955,0.938513668),.UNSPECIFIED.);
#9182=EDGE_CURVE('',#9096,#9173,#9181,.T.);
#9183=ORIENTED_EDGE('',*,*,#9182,.F.);
#9184=EDGE_LOOP('',(#9102,#9109,#9123,#9130,#9138,#9150,#9158,#9163,#9164,#9171,#9178,#9183));
#9185=FACE_BOUND('',#9184,.T.);
#9186=ADVANCED_FACE('',(#9185),#9092,.T.);
#9187=CARTESIAN_POINT('',(26.806494348,87.150215264,-118.545942528));
#9188=CARTESIAN_POINT('',(26.806397434,87.148815586,-118.584363447));
#9189=CARTESIAN_POINT('',(26.806188598,87.14557227,-118.673294952));
#9190=CARTESIAN_POINT('',(26.80591424,87.140475544,-118.812710374));
#9191=CARTESIAN_POINT('',(26.805668711,87.134925067,-118.96418415));
#9192=CARTESIAN_POINT('',(26.805387473,87.127512986,-119.166104618));
#9193=CARTESIAN_POINT('',(26.80506933,87.118235342,-119.418430645));
#9194=CARTESIAN_POINT('',(26.804386534,87.103405947,-119.822046249));
#9195=CARTESIAN_POINT('',(26.802780524,87.084972136,-120.326488539));
#9196=CARTESIAN_POINT('',(26.797525178,87.05591917,-121.133943793));
#9197=CARTESIAN_POINT('',(26.785893258,87.020572312,-122.144491926));
#9198=CARTESIAN_POINT('',(26.761639823,86.965865398,-123.7632306));
#9199=CARTESIAN_POINT('',(26.734438075,86.900793656,-125.734330262));
#9200=CARTESIAN_POINT('',(26.702918693,86.850444471,-127.288323019));
#9201=CARTESIAN_POINT('',(26.680080344,86.827651149,-128.031112931));
#9202=CARTESIAN_POINT('',(26.687710632,86.302677388,-118.52075939));
#9203=CARTESIAN_POINT('',(26.686857514,86.301399277,-118.559367414));
#9204=CARTESIAN_POINT('',(26.684905589,86.298436103,-118.648731449));
#9205=CARTESIAN_POINT('',(26.681928328,86.29377345,-118.788822652));
#9206=CARTESIAN_POINT('',(26.678792431,86.288686602,-118.941026891));
#9207=CARTESIAN_POINT('',(26.674733622,86.281879514,-119.143914183));
#9208=CARTESIAN_POINT('',(26.669860469,86.273329186,-119.39743087));
#9209=CARTESIAN_POINT('',(26.662333566,86.259586316,-119.80288916));
#9210=CARTESIAN_POINT('',(26.653138861,86.242341754,-120.309468943));
#9211=CARTESIAN_POINT('',(26.638064304,86.214783148,-121.119743998));
#9212=CARTESIAN_POINT('',(26.618505838,86.180508768,-122.13234901));
#9213=CARTESIAN_POINT('',(26.587122454,86.126429015,-123.750786638));
#9214=CARTESIAN_POINT('',(26.549244166,86.062430174,-125.712076655));
#9215=CARTESIAN_POINT('',(26.504066369,86.014514975,-127.255074544));
#9216=CARTESIAN_POINT('',(26.476353884,85.992559839,-127.993805476));
#9217=CARTESIAN_POINT('',(26.513265144,85.017798925,-118.477570317));
#9218=CARTESIAN_POINT('',(26.510890613,85.016770529,-118.516526663));
#9219=CARTESIAN_POINT('',(26.505453888,85.014378997,-118.606693441));
#9220=CARTESIAN_POINT('',(26.49714595,85.010589605,-118.748030155));
#9221=CARTESIAN_POINT('',(26.488382698,85.00642322,-118.901570057));
#9222=CARTESIAN_POINT('',(26.477049422,85.000804173,-119.106211085));
#9223=CARTESIAN_POINT('',(26.463536485,84.993661326,-119.361861452));
#9224=CARTESIAN_POINT('',(26.443289683,84.981981622,-119.770570889));
#9225=CARTESIAN_POINT('',(26.420497815,84.966920181,-120.280823808));
#9226=CARTESIAN_POINT('',(26.389033466,84.941902386,-121.09589095));
#9227=CARTESIAN_POINT('',(26.357564261,84.909266585,-122.112008837));
#9228=CARTESIAN_POINT('',(26.318003288,84.855638873,-123.730984013));
#9229=CARTESIAN_POINT('',(26.269900501,84.792233319,-125.680180323));
#9230=CARTESIAN_POINT('',(26.2055102,84.74767695,-127.206639335));
#9231=CARTESIAN_POINT('',(26.170045665,84.727124377,-127.939240944));
#9232=CARTESIAN_POINT('',(26.282577377,83.296056654,-118.421042128));
#9233=CARTESIAN_POINT('',(26.277166633,83.295539962,-118.460073381));
#9234=CARTESIAN_POINT('',(26.26478418,83.294319572,-118.550409316));
#9235=CARTESIAN_POINT('',(26.245887236,83.292317571,-118.691995867));
#9236=CARTESIAN_POINT('',(26.225993446,83.290032099,-118.845788622));
#9237=CARTESIAN_POINT('',(26.200327897,83.286837273,-119.050741681));
#9238=CARTESIAN_POINT('',(26.169863605,83.2825646,-119.30673229));
#9239=CARTESIAN_POINT('',(26.124603813,83.275119597,-119.7158547));
#9240=CARTESIAN_POINT('',(26.074642971,83.264639993,-120.226327253));
#9241=CARTESIAN_POINT('',(26.00915426,83.245231359,-121.040905169));
#9242=CARTESIAN_POINT('',(25.954920519,83.215774677,-122.055446602));
#9243=CARTESIAN_POINT('',(25.911675936,83.160959961,-123.672689786));
#9244=CARTESIAN_POINT('',(25.880299605,83.093351721,-125.624724879));
#9245=CARTESIAN_POINT('',(25.814616806,83.049112546,-127.151843535));
#9246=CARTESIAN_POINT('',(25.781412622,83.027990515,-127.885939264));
#9247=CARTESIAN_POINT('',(26.105179653,81.986919625,-118.378610076));
#9248=CARTESIAN_POINT('',(26.09685973,81.986874774,-118.417349245));
#9249=CARTESIAN_POINT('',(26.077824935,81.986734069,-118.507012209));
#9250=CARTESIAN_POINT('',(26.048793172,81.986379832,-118.647553394));
#9251=CARTESIAN_POINT('',(26.018244885,81.985830861,-118.80021483));
#9252=CARTESIAN_POINT('',(25.978842022,81.984881876,-119.003652105));
#9253=CARTESIAN_POINT('',(25.932062115,81.983291915,-119.257705382));
#9254=CARTESIAN_POINT('',(25.862427434,81.979895627,-119.663519664));
#9255=CARTESIAN_POINT('',(25.785115905,81.974042896,-120.169300255));
#9256=CARTESIAN_POINT('',(25.6830947,81.960906529,-120.975432943));
#9257=CARTESIAN_POINT('',(25.599016096,81.936476017,-121.979200688));
#9258=CARTESIAN_POINT('',(25.557475759,81.879248393,-123.590547072));
#9259=CARTESIAN_POINT('',(25.545514133,81.80791799,-125.552874601));
#9260=CARTESIAN_POINT('',(25.506791631,81.757998823,-127.098889228));
#9261=CARTESIAN_POINT('',(25.489894783,81.733325057,-127.842810447));
#9262=CARTESIAN_POINT('',(25.959131314,80.896068558,-118.354538936));
#9263=CARTESIAN_POINT('',(25.947414951,80.896581689,-118.392103443));
#9264=CARTESIAN_POINT('',(25.920638917,80.897711985,-118.479082712));
#9265=CARTESIAN_POINT('',(25.879905553,80.899276371,-118.615541139));
#9266=CARTESIAN_POINT('',(25.837165792,80.900723919,-118.763904756));
#9267=CARTESIAN_POINT('',(25.782180733,80.902325226,-118.961767388));
#9268=CARTESIAN_POINT('',(25.717124939,80.903727886,-119.209080393));
#9269=CARTESIAN_POINT('',(25.620542196,80.904768836,-119.604333573));
#9270=CARTESIAN_POINT('',(25.513420916,80.903908711,-120.09705268));
#9271=CARTESIAN_POINT('',(25.370816508,80.897833668,-120.882834847));
#9272=CARTESIAN_POINT('',(25.252745259,80.879451556,-121.867335869));
#9273=CARTESIAN_POINT('',(25.192149825,80.825331294,-123.467278432));
#9274=CARTESIAN_POINT('',(25.20375671,80.748557707,-125.442621041));
#9275=CARTESIAN_POINT('',(25.200496052,80.691194471,-127.010759135));
#9276=CARTESIAN_POINT('',(25.200656488,80.662984754,-127.765607167));
#9277=CARTESIAN_POINT('',(25.841444716,80.023799258,-118.34001351));
#9278=CARTESIAN_POINT('',(25.825733087,80.025016636,-118.375286657));
#9279=CARTESIAN_POINT('',(25.789878421,80.027745673,-118.457058602));
#9280=CARTESIAN_POINT('',(25.735524593,80.031702946,-118.585698644));
#9281=CARTESIAN_POINT('',(25.678733845,80.035612092,-118.725972927));
#9282=CARTESIAN_POINT('',(25.605999414,80.040314021,-118.913556951));
#9283=CARTESIAN_POINT('',(25.520565152,80.045260984,-119.148902866));
#9284=CARTESIAN_POINT('',(25.395023159,80.051313454,-119.52665397));
#9285=CARTESIAN_POINT('',(25.25806066,80.055590452,-120.000349127));
#9286=CARTESIAN_POINT('',(25.08066688,80.055415333,-120.763364657));
#9287=CARTESIAN_POINT('',(24.938668827,80.041024586,-121.733259085));
#9288=CARTESIAN_POINT('',(24.85592173,79.991195141,-123.32727126));
#9289=CARTESIAN_POINT('',(24.886332133,79.909696518,-125.316496116));
#9290=CARTESIAN_POINT('',(24.910391658,79.846561856,-126.902204769));
#9291=CARTESIAN_POINT('',(24.922702367,79.815880056,-127.66551646));
#9292=CARTESIAN_POINT('',(25.76447278,79.479360814,-118.32899448));
#9293=CARTESIAN_POINT('',(25.745653493,79.481147914,-118.362066487));
#9294=CARTESIAN_POINT('',(25.702750362,79.485168106,-118.438851082));
#9295=CARTESIAN_POINT('',(25.637871848,79.491049586,-118.560058546));
#9296=CARTESIAN_POINT('',(25.570292146,79.496926652,-118.692717428));
#9297=CARTESIAN_POINT('',(25.484031317,79.504089497,-118.870738124));
#9298=CARTESIAN_POINT('',(25.383283962,79.51180981,-119.09519751));
#9299=CARTESIAN_POINT('',(25.23656519,79.52166551,-119.457742315));
#9300=CARTESIAN_POINT('',(25.079390311,79.529487432,-119.917010574));
#9301=CARTESIAN_POINT('',(24.880606359,79.532887171,-120.665639995));
#9302=CARTESIAN_POINT('',(24.724980365,79.520655458,-121.628787335));
#9303=CARTESIAN_POINT('',(24.630714135,79.472874407,-123.222537037));
#9304=CARTESIAN_POINT('',(24.670756229,79.38889563,-125.222083101));
#9305=CARTESIAN_POINT('',(24.710920714,79.322286232,-126.818703871));
#9306=CARTESIAN_POINT('',(24.730464585,79.290115157,-127.587272969));
#9307=CARTESIAN_POINT('',(25.699207482,79.04457763,-118.315422662));
#9308=CARTESIAN_POINT('',(25.67759743,79.046887586,-118.346244138));
#9309=CARTESIAN_POINT('',(25.628378202,79.052090109,-118.417947232));
#9310=CARTESIAN_POINT('',(25.554120759,79.059723554,-118.531651906));
#9311=CARTESIAN_POINT('',(25.47699953,79.067378254,-118.656725097));
#9312=CARTESIAN_POINT('',(25.3788833,79.07674326,-118.825370126));
#9313=CARTESIAN_POINT('',(25.264925256,79.086904003,-119.039457489));
#9314=CARTESIAN_POINT('',(25.100451822,79.100001288,-119.388409638));
#9315=CARTESIAN_POINT('',(24.926899491,79.110726867,-119.835940043));
#9316=CARTESIAN_POINT('',(24.710998404,79.117000976,-120.573825718));
#9317=CARTESIAN_POINT('',(24.544911215,79.106361023,-121.533228135));
#9318=CARTESIAN_POINT('',(24.442838125,79.059796119,-123.128957222));
#9319=CARTESIAN_POINT('',(24.489609955,78.974039973,-125.137864833));
#9320=CARTESIAN_POINT('',(24.541686236,78.90482444,-126.743182178));
#9321=CARTESIAN_POINT('',(24.566692577,78.871511385,-127.515908556));
#9322=CARTESIAN_POINT('',(25.648617672,78.718857406,-118.302468271));
#9323=CARTESIAN_POINT('',(25.624796662,78.721586041,-118.331377464));
#9324=CARTESIAN_POINT('',(25.570580477,78.727733953,-118.398771391));
#9325=CARTESIAN_POINT('',(25.48893009,78.736762888,-118.506146897));
#9326=CARTESIAN_POINT('',(25.404327699,78.745825502,-118.624874518));
#9327=CARTESIAN_POINT('',(25.296977956,78.756922085,-118.785777575));
#9328=CARTESIAN_POINT('',(25.172863644,78.768974375,-118.991567334));
#9329=CARTESIAN_POINT('',(24.994860784,78.784558742,-119.329958258));
#9330=CARTESIAN_POINT('',(24.808885535,78.797499948,-119.768678985));
#9331=CARTESIAN_POINT('',(24.579937301,78.805976678,-120.498805622));
#9332=CARTESIAN_POINT('',(24.405910598,78.796528326,-121.45598598));
#9333=CARTESIAN_POINT('',(24.298424534,78.750718116,-123.054118349));
#9334=CARTESIAN_POINT('',(24.34983072,78.663708716,-125.070581113));
#9335=CARTESIAN_POINT('',(24.410311255,78.592637476,-126.68240082));
#9336=CARTESIAN_POINT('',(24.439230324,78.55849717,-127.458216778));
#9337=CARTESIAN_POINT('',(25.605875033,78.447603353,-118.289801002));
#9338=CARTESIAN_POINT('',(25.58014926,78.450695504,-118.316965868));
#9339=CARTESIAN_POINT('',(25.521634272,78.457663,-118.380437985));
#9340=CARTESIAN_POINT('',(25.433647645,78.467896857,-118.482088672));
#9341=CARTESIAN_POINT('',(25.342663677,78.478168728,-118.595130668));
#9342=CARTESIAN_POINT('',(25.227472934,78.490744457,-118.74918166));
#9343=CARTESIAN_POINT('',(25.094765826,78.504404067,-118.947744956));
#9344=CARTESIAN_POINT('',(24.905310929,78.522101139,-119.277078813));
#9345=CARTESIAN_POINT('',(24.70871771,78.536944412,-119.708347479));
#9346=CARTESIAN_POINT('',(24.468413511,78.547353305,-120.431955424));
#9347=CARTESIAN_POINT('',(24.287382794,78.538959262,-121.387461578));
#9348=CARTESIAN_POINT('',(24.175459323,78.493710161,-122.988120143));
#9349=CARTESIAN_POINT('',(24.230416938,78.405709529,-125.011281706));
#9350=CARTESIAN_POINT('',(24.297450373,78.333178203,-126.628496797));
#9351=CARTESIAN_POINT('',(24.329464456,78.298375617,-127.406861285));
#9352=CARTESIAN_POINT('',(25.572194695,78.230558207,-118.279170037));
#9353=CARTESIAN_POINT('',(25.544925184,78.233945803,-118.304881949));
#9354=CARTESIAN_POINT('',(25.482928235,78.241578949,-118.365092234));
#9355=CARTESIAN_POINT('',(25.389817067,78.252789637,-118.462001664));
#9356=CARTESIAN_POINT('',(25.293680254,78.26403976,-118.570359981));
#9357=CARTESIAN_POINT('',(25.172155591,78.277812143,-118.718783029));
#9358=CARTESIAN_POINT('',(25.032487758,78.292775383,-118.911419505));
#9359=CARTESIAN_POINT('',(24.833678691,78.312200334,-119.233292297));
#9360=CARTESIAN_POINT('',(24.628269747,78.328627671,-119.658346972));
#9361=CARTESIAN_POINT('',(24.378369621,78.340681394,-120.376440259));
#9362=CARTESIAN_POINT('',(24.191315237,78.333205374,-121.330490156));
#9363=CARTESIAN_POINT('',(24.075697038,78.288405642,-122.933307328));
#9364=CARTESIAN_POINT('',(24.133308819,78.199640949,-124.962028466));
#9365=CARTESIAN_POINT('',(24.20532298,78.12599236,-126.58354173));
#9366=CARTESIAN_POINT('',(24.239710986,78.090677036,-127.363928368));
#9367=CARTESIAN_POINT('',(25.547438272,78.067710369,-118.271128567));
#9368=CARTESIAN_POINT('',(25.519004578,78.071320889,-118.295732417));
#9369=CARTESIAN_POINT('',(25.454381998,78.079456222,-118.353456948));
#9370=CARTESIAN_POINT('',(25.357408342,78.091403404,-118.446760349));
#9371=CARTESIAN_POINT('',(25.257386964,78.103391091,-118.551564134));
#9372=CARTESIAN_POINT('',(25.131082095,78.118066623,-118.695717339));
#9373=CARTESIAN_POINT('',(24.986140775,78.134017575,-118.883842344));
#9374=CARTESIAN_POINT('',(24.780187786,78.154762846,-119.19998352));
#9375=CARTESIAN_POINT('',(24.567961304,78.172417731,-119.620194599));
#9376=CARTESIAN_POINT('',(24.310555904,78.185764454,-120.333930621));
#9377=CARTESIAN_POINT('',(24.118731429,78.179022656,-121.286774293));
#9378=CARTESIAN_POINT('',(24.00022459,78.134570113,-122.891233307));
#9379=CARTESIAN_POINT('',(24.059729859,78.045246975,-124.924211843));
#9380=CARTESIAN_POINT('',(24.135353134,77.970785089,-126.548938692));
#9381=CARTESIAN_POINT('',(24.171470836,77.935093777,-127.330833512));
#9382=CARTESIAN_POINT('',(25.523382008,77.904764794,-118.263195395));
#9383=CARTESIAN_POINT('',(25.493784461,77.908598021,-118.286684477));
#9384=CARTESIAN_POINT('',(25.426536147,77.91723519,-118.341909046));
#9385=CARTESIAN_POINT('',(25.325699084,77.92991839,-118.431592221));
#9386=CARTESIAN_POINT('',(25.221785522,77.942644384,-118.532827923));
#9387=CARTESIAN_POINT('',(25.090677471,77.958226584,-118.672684876));
#9388=CARTESIAN_POINT('',(24.940397219,77.975176976,-118.856227903));
#9389=CARTESIAN_POINT('',(24.727137719,77.99727301,-119.166466275));
#9390=CARTESIAN_POINT('',(24.507847039,78.016202528,-119.58159597));
#9391=CARTESIAN_POINT('',(24.242582527,78.030910105,-120.290687051));
#9392=CARTESIAN_POINT('',(24.045699099,78.024955508,-121.242158641));
#9393=CARTESIAN_POINT('',(23.924144015,77.980869591,-122.848237408));
#9394=CARTESIAN_POINT('',(23.985440094,77.891003238,-124.885547448));
#9395=CARTESIAN_POINT('',(24.064551552,77.815751683,-126.513477009));
#9396=CARTESIAN_POINT('',(24.102349184,77.779692842,-127.296871621));
#9397=CARTESIAN_POINT('',(25.500140078,77.741703154,-118.255518844));
#9398=CARTESIAN_POINT('',(25.469391661,77.745756144,-118.27790332));
#9399=CARTESIAN_POINT('',(25.399544261,77.754889011,-118.330649409));
#9400=CARTESIAN_POINT('',(25.294873248,77.768301072,-118.416739413));
#9401=CARTESIAN_POINT('',(25.187086684,77.781760199,-118.514427663));
#9402=CARTESIAN_POINT('',(25.051160815,77.798250255,-118.649972526));
#9403=CARTESIAN_POINT('',(24.895460465,77.816214311,-118.82884449));
#9404=CARTESIAN_POINT('',(24.674701583,77.839696918,-119.132970975));
#9405=CARTESIAN_POINT('',(24.448068977,77.859953906,-119.54273641));
#9406=CARTESIAN_POINT('',(24.174557175,77.876096552,-120.246839338));
#9407=CARTESIAN_POINT('',(23.972296225,77.870988038,-121.19672717));
#9408=CARTESIAN_POINT('',(23.847495504,77.827296572,-122.804361065));
#9409=CARTESIAN_POINT('',(23.910472662,77.736903273,-124.846062439));
#9410=CARTESIAN_POINT('',(23.992957729,77.660884455,-126.47718324));
#9411=CARTESIAN_POINT('',(24.032387253,77.624466294,-127.262069441));
#9412=CARTESIAN_POINT('',(25.480106325,77.595662341,-118.248981218));
#9413=CARTESIAN_POINT('',(25.448354649,77.599906208,-118.270404335));
#9414=CARTESIAN_POINT('',(25.376236264,77.609470639,-118.320988591));
#9415=CARTESIAN_POINT('',(25.268214959,77.623517224,-118.40394939));
#9416=CARTESIAN_POINT('',(25.156989527,77.637625357,-118.498487449));
#9417=CARTESIAN_POINT('',(25.016734709,77.65492931,-118.630146926));
#9418=CARTESIAN_POINT('',(24.856097889,77.673815489,-118.804736659));
#9419=CARTESIAN_POINT('',(24.628438691,77.698573868,-119.103180022));
#9420=CARTESIAN_POINT('',(24.394972072,77.720068832,-119.507865428));
#9421=CARTESIAN_POINT('',(24.113713661,77.737565532,-120.207161247));
#9422=CARTESIAN_POINT('',(23.906335076,77.733270859,-121.155408018));
#9423=CARTESIAN_POINT('',(23.778423628,77.68996389,-122.764341128));
#9424=CARTESIAN_POINT('',(23.84279983,77.599114755,-124.810013096));
#9425=CARTESIAN_POINT('',(23.928207707,77.522428114,-126.443979363));
#9426=CARTESIAN_POINT('',(23.969056986,77.485695363,-127.230193451));
#9427=CARTESIAN_POINT('',(25.467944625,77.503958253,-118.245095296));
#9428=CARTESIAN_POINT('',(25.435595392,77.508315208,-118.265950885));
#9429=CARTESIAN_POINT('',(25.362113868,77.518137394,-118.315246807));
#9430=CARTESIAN_POINT('',(25.252024568,77.532574263,-118.396276636));
#9431=CARTESIAN_POINT('',(25.13864946,77.547087008,-118.488840983));
#9432=CARTESIAN_POINT('',(24.995665168,77.564903104,-118.618040377));
#9433=CARTESIAN_POINT('',(24.83188484,77.584375839,-118.789884728));
#9434=CARTESIAN_POINT('',(24.599796476,77.609952984,-119.084645344));
#9435=CARTESIAN_POINT('',(24.361902223,77.632251115,-119.485990804));
#9436=CARTESIAN_POINT('',(24.075586565,77.650634803,-120.182078304));
#9437=CARTESIAN_POINT('',(23.864828224,77.646882168,-121.129162861));
#9438=CARTESIAN_POINT('',(23.734842745,77.603836067,-122.738846266));
#9439=CARTESIAN_POINT('',(23.800037118,77.512709923,-124.787024649));
#9440=CARTESIAN_POINT('',(23.887231461,77.435613496,-126.422770992));
#9441=CARTESIAN_POINT('',(23.928951806,77.39868675,-127.20981494));
#9442=CARTESIAN_POINT('',(25.463066686,77.46667343,-118.243549918));
#9443=CARTESIAN_POINT('',(25.430479054,77.471075415,-118.264180003));
#9444=CARTESIAN_POINT('',(25.35645228,77.481000512,-118.312962349));
#9445=CARTESIAN_POINT('',(25.245529685,77.495594415,-118.393215154));
#9446=CARTESIAN_POINT('',(25.131283319,77.510270968,-118.484979318));
#9447=CARTESIAN_POINT('',(24.987188546,77.528295256,-118.613176457));
#9448=CARTESIAN_POINT('',(24.822124005,77.548007503,-118.783896343));
#9449=CARTESIAN_POINT('',(24.588220263,77.5739202,-119.077141956));
#9450=CARTESIAN_POINT('',(24.348504162,77.596548969,-119.477105238));
#9451=CARTESIAN_POINT('',(24.060100921,77.615299257,-120.17185676));
#9452=CARTESIAN_POINT('',(23.847940555,77.611772207,-121.118445874));
#9453=CARTESIAN_POINT('',(23.717090708,77.568835648,-122.728421994));
#9454=CARTESIAN_POINT('',(23.782607323,77.477598484,-124.77762089));
#9455=CARTESIAN_POINT('',(23.87052028,77.400336955,-126.414089892));
#9456=CARTESIAN_POINT('',(23.912591644,77.363331879,-127.201470632));
#9457=B_SPLINE_SURFACE_WITH_KNOTS('',3,3,((#9187,#9188,#9189,#9190,#9191,#9192,#9193,#9194,#9195,#9196,#9197,#9198,#9199,#9200,#9201),(#9202,#9203,#9204,#9205,#9206,#9207,#9208,#9209,#9210,#9211,#9212,#9213,#9214,#9215,#9216),(#9217,#9218,#9219,#9220,#9221,#9222,#9223,#9224,#9225,#9226,#9227,#9228,#9229,#9230,#9231),(#9232,#9233,#9234,#9235,#9236,#9237,#9238,#9239,#9240,#9241,#9242,#9243,#9244,#9245,#9246),(#9247,#9248,#9249,#9250,#9251,#9252,#9253,#9254,#9255,#9256,#9257,#9258,#9259,#9260,#9261),(#9262,#9263,#9264,#9265,#9266,#9267,#9268,#9269,#9270,#9271,#9272,#9273,#9274,#9275,#9276),(#9277,#9278,#9279,#9280,#9281,#9282,#9283,#9284,#9285,#9286,#9287,#9288,#9289,#9290,#9291),(#9292,#9293,#9294,#9295,#9296,#9297,#9298,#9299,#9300,#9301,#9302,#9303,#9304,#9305,#9306),(#9307,#9308,#9309,#9310,#9311,#9312,#9313,#9314,#9315,#9316,#9317,#9318,#9319,#9320,#9321),(#9322,#9323,#9324,#9325,#9326,#9327,#9328,#9329,#9330,#9331,#9332,#9333,#9334,#9335,#9336),(#9337,#9338,#9339,#9340,#9341,#9342,#9343,#9344,#9345,#9346,#9347,#9348,#9349,#9350,#9351),(#9352,#9353,#9354,#9355,#9356,#9357,#9358,#9359,#9360,#9361,#9362,#9363,#9364,#9365,#9366),(#9367,#9368,#9369,#9370,#9371,#9372,#9373,#9374,#9375,#9376,#9377,#9378,#9379,#9380,#9381),(#9382,#9383,#9384,#9385,#9386,#9387,#9388,#9389,#9390,#9391,#9392,#9393,#9394,#9395,#9396),(#9397,#9398,#9399,#9400,#9401,#9402,#9403,#9404,#9405,#9406,#9407,#9408,#9409,#9410,#9411),(#9412,#9413,#9414,#9415,#9416,#9417,#9418,#9419,#9420,#9421,#9422,#9423,#9424,#9425,#9426),(#9427,#9428,#9429,#9430,#9431,#9432,#9433,#9434,#9435,#9436,#9437,#9438,#9439,#9440,#9441),(#9442,#9443,#9444,#9445,#9446,#9447,#9448,#9449,#9450,#9451,#9452,#9453,#9454,#9455,#9456)),.UNSPECIFIED.,.F.,.F.,.U.,(4,1,1,1,1,1,1,1,1,1,1,1,1,1,1,4),(4,1,1,1,1,1,1,1,1,1,1,1,4),(-0.004298287,-0.001736291,-0.000417017,0.000902257,0.00222153,0.002881167,0.003540804,0.003870622,0.004200441,0.004530259,0.004695169,0.004860078,0.005024987,0.005189896,0.005354805,0.005467745),(-0.003724894,-0.00360968,-0.003458188,-0.003306695,-0.003155202,-0.002852217,-0.002549232,-0.001943261,-0.00133729,-0.000125348,0.001086593,0.003510476,0.005764425),.UNSPECIFIED.);
#9458=ORIENTED_EDGE('',*,*,#2936,.F.);
#9459=ORIENTED_EDGE('',*,*,#9162,.F.);
#9460=ORIENTED_EDGE('',*,*,#2262,.T.);
#9461=ORIENTED_EDGE('',*,*,#4010,.F.);
#9462=CARTESIAN_POINT('',(25.383861245,81.35510391,-127.812260911));
#9463=CARTESIAN_POINT('',(25.504246217,81.811867277,-127.726757865));
#9464=CARTESIAN_POINT('',(25.615128237,82.271155739,-127.640781421));
#9465=CARTESIAN_POINT('',(25.724747002,82.73077987,-127.554742046));
#9466=CARTESIAN_POINT('',(25.834365767,83.190404,-127.46870267));
#9467=CARTESIAN_POINT('',(25.943809693,83.650074325,-127.382654635));
#9468=CARTESIAN_POINT('',(26.053778978,84.109605583,-127.296632671));
#9469=CARTESIAN_POINT('',(26.273717546,85.028668099,-127.124588744));
#9470=CARTESIAN_POINT('',(26.495544424,85.947299772,-126.95262561));
#9471=CARTESIAN_POINT('',(26.712158781,86.86712075,-126.780439455));
#9472=B_SPLINE_CURVE_WITH_KNOTS('',3,(#9462,#9463,#9464,#9465,#9466,#9467,#9468,#9469,#9470,#9471),.UNSPECIFIED.,.F.,.F.,(4,3,3,4),(0.024013727,0.025454364,0.026895001,0.029776275),.UNSPECIFIED.);
#9473=EDGE_CURVE('',#3949,#2931,#9472,.T.);
#9474=ORIENTED_EDGE('',*,*,#9473,.T.);
#9475=EDGE_LOOP('',(#9458,#9459,#9460,#9461,#9474));
#9476=FACE_BOUND('',#9475,.T.);
#9477=ADVANCED_FACE('',(#9476),#9457,.T.);
#9478=CARTESIAN_POINT('',(40.619162543,87.165935048,-118.540048312));
#9479=CARTESIAN_POINT('',(40.619276925,87.164471983,-118.580377759));
#9480=CARTESIAN_POINT('',(40.619517838,87.161172585,-118.671220154));
#9481=CARTESIAN_POINT('',(40.619837421,87.156026705,-118.812548248));
#9482=CARTESIAN_POINT('',(40.620126909,87.150498053,-118.964029766));
#9483=CARTESIAN_POINT('',(40.620465872,87.143114869,-119.165960733));
#9484=CARTESIAN_POINT('',(40.620854034,87.133872991,-119.418300124));
#9485=CARTESIAN_POINT('',(40.621642216,87.119100201,-119.821937135));
#9486=CARTESIAN_POINT('',(40.623364366,87.100736227,-120.326405123));
#9487=CARTESIAN_POINT('',(40.628769146,87.071793767,-121.133895351));
#9488=CARTESIAN_POINT('',(40.640535389,87.036582885,-122.144473492));
#9489=CARTESIAN_POINT('',(40.664962082,86.98208354,-123.763254788));
#9490=CARTESIAN_POINT('',(40.692118206,86.917810889,-125.716798938));
#9491=CARTESIAN_POINT('',(40.723363743,86.868217196,-127.253515398));
#9492=CARTESIAN_POINT('',(40.745393433,86.845996871,-127.979323708));
#9493=CARTESIAN_POINT('',(40.739817911,86.317118913,-118.514820166));
#9494=CARTESIAN_POINT('',(40.740720771,86.315784119,-118.555345456));
#9495=CARTESIAN_POINT('',(40.742730048,86.312772318,-118.646628402));
#9496=CARTESIAN_POINT('',(40.745770253,86.308068567,-118.788639532));
#9497=CARTESIAN_POINT('',(40.748929852,86.303005788,-118.940849404));
#9498=CARTESIAN_POINT('',(40.753019931,86.296230531,-119.143744401));
#9499=CARTESIAN_POINT('',(40.757931212,86.287719511,-119.397271));
#9500=CARTESIAN_POINT('',(40.765515582,86.27403859,-119.802745256));
#9501=CARTESIAN_POINT('',(40.774773442,86.256869902,-120.309344263));
#9502=CARTESIAN_POINT('',(40.78993122,86.229430387,-121.119645061));
#9503=CARTESIAN_POINT('',(40.809581868,86.195302411,-122.132271472));
#9504=CARTESIAN_POINT('',(40.84113795,86.141450095,-123.750741909));
#9505=CARTESIAN_POINT('',(40.878904557,86.078274268,-125.694598068));
#9506=CARTESIAN_POINT('',(40.923573953,86.031091599,-127.220539273));
#9507=CARTESIAN_POINT('',(40.950444202,86.009715356,-127.942342713));
#9508=CARTESIAN_POINT('',(40.917104782,85.030296385,-118.47159137));
#9509=CARTESIAN_POINT('',(40.919594435,85.029225122,-118.512481252));
#9510=CARTESIAN_POINT('',(40.925138727,85.026800053,-118.604581692));
#9511=CARTESIAN_POINT('',(40.93354213,85.022985237,-118.747851288));
#9512=CARTESIAN_POINT('',(40.942286666,85.018846722,-118.901392521));
#9513=CARTESIAN_POINT('',(40.953595963,85.01326432,-119.106035637));
#9514=CARTESIAN_POINT('',(40.967080927,85.006166355,-119.361689181));
#9515=CARTESIAN_POINT('',(40.987288099,84.994556728,-119.770404786));
#9516=CARTESIAN_POINT('',(41.010041983,84.979580183,-120.280666711));
#9517=CARTESIAN_POINT('',(41.041478127,84.954694868,-121.095747924));
#9518=CARTESIAN_POINT('',(41.072976146,84.922220696,-122.111879268));
#9519=CARTESIAN_POINT('',(41.112728807,84.868849403,-123.73086956));
#9520=CARTESIAN_POINT('',(41.160736451,84.806312665,-125.66274787));
#9521=CARTESIAN_POINT('',(41.224255544,84.762451736,-127.172498559));
#9522=CARTESIAN_POINT('',(41.258771482,84.742471254,-127.888252273));
#9523=CARTESIAN_POINT('',(41.151438696,83.305923247,-118.415043941));
#9524=CARTESIAN_POINT('',(41.157102445,83.3053932,-118.456013757));
#9525=CARTESIAN_POINT('',(41.169708623,83.304172815,-118.548289882));
#9526=CARTESIAN_POINT('',(41.188789,83.302181294,-118.691817471));
#9527=CARTESIAN_POINT('',(41.208604052,83.299935272,-118.845617278));
#9528=CARTESIAN_POINT('',(41.234166727,83.296791571,-119.050580857));
#9529=CARTESIAN_POINT('',(41.26450661,83.292580087,-119.306586624));
#9530=CARTESIAN_POINT('',(41.309577829,83.285227518,-119.715736985));
#9531=CARTESIAN_POINT('',(41.359326806,83.274854076,-120.226250155));
#9532=CARTESIAN_POINT('',(41.424554113,83.255601125,-121.040896033));
#9533=CARTESIAN_POINT('',(41.478672617,83.226327565,-122.055506316));
#9534=CARTESIAN_POINT('',(41.522174624,83.171805207,-123.672783895));
#9535=CARTESIAN_POINT('',(41.553737544,83.105100802,-125.60740623));
#9536=CARTESIAN_POINT('',(41.618479495,83.06153616,-127.117730096));
#9537=CARTESIAN_POINT('',(41.651005605,83.041047514,-127.834831798));
#9538=CARTESIAN_POINT('',(41.331500158,81.994766555,-118.372669547));
#9539=CARTESIAN_POINT('',(41.340210437,81.994736947,-118.413334404));
#9540=CARTESIAN_POINT('',(41.359591742,81.994630252,-118.504927152));
#9541=CARTESIAN_POINT('',(41.388908649,81.99432429,-118.647402244));
#9542=CARTESIAN_POINT('',(41.419339152,81.993830365,-118.800079301));
#9543=CARTESIAN_POINT('',(41.458587516,81.992952234,-119.003539814));
#9544=CARTESIAN_POINT('',(41.50517903,81.991446087,-119.257626727));
#9545=CARTESIAN_POINT('',(41.574522512,81.988173887,-119.663504717));
#9546=CARTESIAN_POINT('',(41.65149206,81.982458274,-120.169381355));
#9547=CARTESIAN_POINT('',(41.753044309,81.969509326,-120.97568219));
#9548=CARTESIAN_POINT('',(41.83677381,81.945271421,-121.979631691));
#9549=CARTESIAN_POINT('',(41.878638522,81.888361481,-123.591059383));
#9550=CARTESIAN_POINT('',(41.890861277,81.817905226,-125.535870315));
#9551=CARTESIAN_POINT('',(41.929262529,81.768751434,-127.064592303));
#9552=CARTESIAN_POINT('',(41.94612532,81.744827793,-127.791168426));
#9553=CARTESIAN_POINT('',(41.479580157,80.902194456,-118.348767698));
#9554=CARTESIAN_POINT('',(41.491851814,80.902757301,-118.388202541));
#9555=CARTESIAN_POINT('',(41.519126438,80.903962886,-118.477062609));
#9556=CARTESIAN_POINT('',(41.560275216,80.905621321,-118.615415487));
#9557=CARTESIAN_POINT('',(41.602866852,80.907144055,-118.763812845));
#9558=CARTESIAN_POINT('',(41.657658667,80.908841972,-118.961724009));
#9559=CARTESIAN_POINT('',(41.722480279,80.91035855,-119.209105152));
#9560=CARTESIAN_POINT('',(41.818702124,80.911567239,-119.60448524));
#9561=CARTESIAN_POINT('',(41.925396886,80.910889992,-120.097395493));
#9562=CARTESIAN_POINT('',(42.067399591,80.905058165,-120.883504008));
#9563=CARTESIAN_POINT('',(42.185015258,80.886914782,-121.8683157));
#9564=CARTESIAN_POINT('',(42.245598116,80.83306757,-123.468461656));
#9565=CARTESIAN_POINT('',(42.234516503,80.757199216,-125.426130111));
#9566=CARTESIAN_POINT('',(42.238053382,80.700658713,-126.976524984));
#9567=CARTESIAN_POINT('',(42.238231814,80.673243364,-127.713733543));
#9568=CARTESIAN_POINT('',(41.598713162,80.028513012,-118.334536086));
#9569=CARTESIAN_POINT('',(41.615172763,80.029822223,-118.37157429));
#9570=CARTESIAN_POINT('',(41.651700184,80.03267517,-118.455138841));
#9571=CARTESIAN_POINT('',(41.706612944,80.036778312,-118.58560878));
#9572=CARTESIAN_POINT('',(41.763212661,80.040782225,-118.725960579));
#9573=CARTESIAN_POINT('',(41.835700223,80.045605647,-118.913649944));
#9574=CARTESIAN_POINT('',(41.920839714,80.05069534,-119.149132844));
#9575=CARTESIAN_POINT('',(42.045936389,80.056956852,-119.527118334));
#9576=CARTESIAN_POINT('',(42.182391845,80.061460548,-120.001127605));
#9577=CARTESIAN_POINT('',(42.359122398,80.061587347,-120.764602579));
#9578=CARTESIAN_POINT('',(42.50061729,80.047473625,-121.734895439));
#9579=CARTESIAN_POINT('',(42.58321205,79.99792949,-123.329151303));
#9580=CARTESIAN_POINT('',(42.553477479,79.917346198,-125.300513727));
#9581=CARTESIAN_POINT('',(42.53012889,79.855072153,-126.868156429));
#9582=CARTESIAN_POINT('',(42.518380184,79.825203962,-127.613608677));
#9583=CARTESIAN_POINT('',(41.676497034,79.483179407,-118.323814341));
#9584=CARTESIAN_POINT('',(41.696213653,79.485091865,-118.358552097));
#9585=CARTESIAN_POINT('',(41.739923107,79.489273934,-118.437049357));
#9586=CARTESIAN_POINT('',(41.805468285,79.495340897,-118.560032476));
#9587=CARTESIAN_POINT('',(41.872821216,79.501326365,-118.692816394));
#9588=CARTESIAN_POINT('',(41.958791407,79.508628021,-118.871001984));
#9589=CARTESIAN_POINT('',(42.05919637,79.516511098,-119.095666527));
#9590=CARTESIAN_POINT('',(42.205410197,79.526604981,-119.458538698));
#9591=CARTESIAN_POINT('',(42.362037793,79.5346855,-119.918197379));
#9592=CARTESIAN_POINT('',(42.56013104,79.538424947,-120.667353583));
#9593=CARTESIAN_POINT('',(42.715244063,79.52649668,-121.630924167));
#9594=CARTESIAN_POINT('',(42.809314021,79.479015448,-123.224911808));
#9595=CARTESIAN_POINT('',(42.770017794,79.395956489,-125.206448325));
#9596=CARTESIAN_POINT('',(42.73082964,79.33023378,-126.78481516));
#9597=CARTESIAN_POINT('',(42.711982421,79.298887924,-127.535388014));
#9598=CARTESIAN_POINT('',(41.742348546,79.047673656,-118.310588627));
#9599=CARTESIAN_POINT('',(41.764990412,79.050139594,-118.34297517));
#9600=CARTESIAN_POINT('',(41.815135908,79.055538345,-118.41631199));
#9601=CARTESIAN_POINT('',(41.890155711,79.063392612,-118.531742087));
#9602=CARTESIAN_POINT('',(41.967018824,79.071167423,-118.656991194));
#9603=CARTESIAN_POINT('',(42.064807263,79.080686176,-118.825862262));
#9604=CARTESIAN_POINT('',(42.178385151,79.091027121,-119.040218708));
#9605=CARTESIAN_POINT('',(42.342311183,79.104387978,-119.389572331));
#9606=CARTESIAN_POINT('',(42.51528875,79.115398576,-119.837544889));
#9607=CARTESIAN_POINT('',(42.730484561,79.12204405,-120.575991661));
#9608=CARTESIAN_POINT('',(42.896058604,79.111729885,-121.535816971));
#9609=CARTESIAN_POINT('',(42.997918715,79.065478605,-123.131758565));
#9610=CARTESIAN_POINT('',(42.951943221,78.980646597,-125.122520341));
#9611=CARTESIAN_POINT('',(42.901041813,78.912338216,-126.709441896));
#9612=CARTESIAN_POINT('',(42.876839284,78.879860797,-127.464064682));
#9613=CARTESIAN_POINT('',(41.793350024,78.721408342,-118.297948183));
#9614=CARTESIAN_POINT('',(41.818309716,78.724317459,-118.328337079));
#9615=CARTESIAN_POINT('',(41.873547525,78.730688973,-118.397298529));
#9616=CARTESIAN_POINT('',(41.956036002,78.739966664,-118.50635868));
#9617=CARTESIAN_POINT('',(42.040356272,78.749158516,-118.625306024));
#9618=CARTESIAN_POINT('',(42.14735047,78.760420527,-118.786486158));
#9619=CARTESIAN_POINT('',(42.271057857,78.772666722,-118.992594331));
#9620=CARTESIAN_POINT('',(42.448483801,78.788534411,-119.331441379));
#9621=CARTESIAN_POINT('',(42.633866214,78.801781141,-119.770638218));
#9622=CARTESIAN_POINT('',(42.86210009,78.810653733,-120.501344011));
#9623=CARTESIAN_POINT('',(43.035616367,78.801548903,-121.458938117));
#9624=CARTESIAN_POINT('',(43.14288449,78.75606385,-123.057254012));
#9625=CARTESIAN_POINT('',(43.092311122,78.669982463,-125.055459562));
#9626=CARTESIAN_POINT('',(43.033146241,78.599833208,-126.648781294));
#9627=CARTESIAN_POINT('',(43.005110645,78.566536939,-127.406414348));
#9628=CARTESIAN_POINT('',(41.836421992,78.44969759,-118.285576205));
#9629=CARTESIAN_POINT('',(41.863378923,78.452991523,-118.314142722));
#9630=CARTESIAN_POINT('',(41.922998231,78.460206365,-118.379122022));
#9631=CARTESIAN_POINT('',(42.011888506,78.47071306,-118.482420797));
#9632=CARTESIAN_POINT('',(42.102570697,78.481122018,-118.595721774));
#9633=CARTESIAN_POINT('',(42.217383458,78.493873223,-118.750094829));
#9634=CARTESIAN_POINT('',(42.349662043,78.507738474,-118.949019732));
#9635=CARTESIAN_POINT('',(42.538516238,78.525735785,-119.278856083));
#9636=CARTESIAN_POINT('',(42.734501534,78.540902165,-119.710628458));
#9637=CARTESIAN_POINT('',(42.974083477,78.551728206,-120.434827983));
#9638=CARTESIAN_POINT('',(43.154607287,78.543693594,-121.390735024));
#9639=CARTESIAN_POINT('',(43.266313859,78.498780514,-122.991545612));
#9640=CARTESIAN_POINT('',(43.21221897,78.411711801,-124.996349911));
#9641=CARTESIAN_POINT('',(43.146611488,78.340114263,-126.5949852));
#9642=CARTESIAN_POINT('',(43.115546141,78.306163139,-127.355101694));
#9643=CARTESIAN_POINT('',(41.870367154,78.232285807,-118.275188381));
#9644=CARTESIAN_POINT('',(41.898942915,78.235892508,-118.302236834));
#9645=CARTESIAN_POINT('',(41.962111399,78.243792297,-118.363904063));
#9646=CARTESIAN_POINT('',(42.056179441,78.255295342,-118.462431507));
#9647=CARTESIAN_POINT('',(42.1519988,78.26668891,-118.571081284));
#9648=CARTESIAN_POINT('',(42.273127458,78.280644895,-118.719863551));
#9649=CARTESIAN_POINT('',(42.412349121,78.295823259,-118.912897415));
#9650=CARTESIAN_POINT('',(42.610537238,78.315562119,-119.235312254));
#9651=CARTESIAN_POINT('',(42.815324485,78.332326909,-119.660895254));
#9652=CARTESIAN_POINT('',(43.06449445,78.34481547,-120.379591551));
#9653=CARTESIAN_POINT('',(43.251044857,78.337712491,-121.334030521));
#9654=CARTESIAN_POINT('',(43.366449461,78.293258413,-122.936970936));
#9655=CARTESIAN_POINT('',(43.309724165,78.205429232,-124.94725082));
#9656=CARTESIAN_POINT('',(43.239220272,78.132723535,-126.5501206));
#9657=CARTESIAN_POINT('',(43.205832209,78.098265804,-127.312207739));
#9658=CARTESIAN_POINT('',(41.895325882,78.069162491,-118.267328276));
#9659=CARTESIAN_POINT('',(41.925122432,78.073005181,-118.293219032));
#9660=CARTESIAN_POINT('',(41.990967198,78.081421701,-118.352362327));
#9661=CARTESIAN_POINT('',(42.088937806,78.093675941,-118.447261089));
#9662=CARTESIAN_POINT('',(42.188629811,78.105811851,-118.552381122));
#9663=CARTESIAN_POINT('',(42.314524898,78.120677091,-118.696921962));
#9664=CARTESIAN_POINT('',(42.459006266,78.13685028,-118.885472134));
#9665=CARTESIAN_POINT('',(42.664321986,78.157919739,-119.202186896));
#9666=CARTESIAN_POINT('',(42.87591519,78.17592298,-119.622946787));
#9667=CARTESIAN_POINT('',(43.132583389,78.189718173,-120.337295891));
#9668=CARTESIAN_POINT('',(43.323905994,78.183360106,-121.290519439));
#9669=CARTESIAN_POINT('',(43.442202797,78.139260959,-122.895078567));
#9670=CARTESIAN_POINT('',(43.383601737,78.050876271,-124.909551003));
#9671=CARTESIAN_POINT('',(43.309550148,77.97736395,-126.51558742));
#9672=CARTESIAN_POINT('',(43.274470223,77.942534906,-127.279144384));
#9673=CARTESIAN_POINT('',(41.91959162,77.905941295,-118.259570352));
#9674=CARTESIAN_POINT('',(41.950608485,77.910019719,-118.284296515));
#9675=CARTESIAN_POINT('',(42.019129429,77.918952573,-118.340901664));
#9676=CARTESIAN_POINT('',(42.121003227,77.931957473,-118.432157844));
#9677=CARTESIAN_POINT('',(42.224575206,77.944836429,-118.533735057));
#9678=CARTESIAN_POINT('',(42.355259147,77.960614389,-118.674008844));
#9679=CARTESIAN_POINT('',(42.505064654,77.977794064,-118.858006303));
#9680=CARTESIAN_POINT('',(42.717668941,78.000224555,-119.168852402));
#9681=CARTESIAN_POINT('',(42.936313201,78.019513486,-119.584554049));
#9682=CARTESIAN_POINT('',(43.2008321,78.034683555,-120.294270458));
#9683=CARTESIAN_POINT('',(43.397215533,78.0291239,-121.246112802));
#9684=CARTESIAN_POINT('',(43.518565074,77.985399677,-122.852267269));
#9685=CARTESIAN_POINT('',(43.458190799,77.896474964,-124.871004647));
#9686=CARTESIAN_POINT('',(43.380710802,77.822179512,-126.480197554));
#9687=CARTESIAN_POINT('',(43.343988165,77.786987677,-127.245216199));
#9688=CARTESIAN_POINT('',(41.943054275,77.742604549,-118.252057048));
#9689=CARTESIAN_POINT('',(41.975277573,77.746915544,-118.275629491));
#9690=CARTESIAN_POINT('',(42.046447052,77.756358331,-118.32971881));
#9691=CARTESIAN_POINT('',(42.152193812,77.770106518,-118.417360244));
#9692=CARTESIAN_POINT('',(42.259626029,77.783723215,-118.515415882));
#9693=CARTESIAN_POINT('',(42.39511241,77.800414911,-118.651408157));
#9694=CARTESIAN_POINT('',(42.550321799,77.818615168,-118.830765924));
#9695=CARTESIAN_POINT('',(42.770405582,77.842442478,-119.135537455));
#9696=CARTESIAN_POINT('',(42.996376884,77.863070102,-119.545901078));
#9697=CARTESIAN_POINT('',(43.269133095,77.879689676,-120.250644298));
#9698=CARTESIAN_POINT('',(43.470895563,77.874987857,-121.200894223));
#9699=CARTESIAN_POINT('',(43.59549602,77.831666976,-122.808578385));
#9700=CARTESIAN_POINT('',(43.53345808,77.742218763,-124.831638963));
#9701=CARTESIAN_POINT('',(43.452662814,77.667162474,-126.443977515));
#9702=CARTESIAN_POINT('',(43.414344867,77.631616107,-127.210449862));
#9703=CARTESIAN_POINT('',(41.964719909,77.586051595,-118.245200361));
#9704=CARTESIAN_POINT('',(41.998068301,77.590578695,-118.267698663));
#9705=CARTESIAN_POINT('',(42.071713989,77.600496539,-118.319439989));
#9706=CARTESIAN_POINT('',(42.181081932,77.614937108,-118.403713376));
#9707=CARTESIAN_POINT('',(42.292181135,77.629252524,-118.498423705));
#9708=CARTESIAN_POINT('',(42.432284231,77.646820647,-118.630288997));
#9709=CARTESIAN_POINT('',(42.592759575,77.666014254,-118.8050963));
#9710=CARTESIAN_POINT('',(42.82020704,77.691216682,-119.103824824));
#9711=CARTESIAN_POINT('',(43.053476027,77.713180095,-119.508780186));
#9712=CARTESIAN_POINT('',(43.334511386,77.731262988,-120.208396198));
#9713=CARTESIAN_POINT('',(43.541751654,77.727443917,-121.156882368));
#9714=CARTESIAN_POINT('',(43.669686844,77.684543624,-122.765931848));
#9715=CARTESIAN_POINT('',(43.606168109,77.594611134,-124.79317508));
#9716=CARTESIAN_POINT('',(43.522299606,77.518846228,-126.40851563));
#9717=CARTESIAN_POINT('',(43.482496714,77.482967818,-127.176372959));
#9718=CARTESIAN_POINT('',(41.978348952,77.483914252,-118.240984932));
#9719=CARTESIAN_POINT('',(42.012388855,77.488573396,-118.262829677));
#9720=CARTESIAN_POINT('',(42.087569872,77.498784165,-118.313127014));
#9721=CARTESIAN_POINT('',(42.199255056,77.513666067,-118.395246033));
#9722=CARTESIAN_POINT('',(42.312734247,77.528433627,-118.487779805));
#9723=CARTESIAN_POINT('',(42.455862671,77.546574789,-118.616928269));
#9724=CARTESIAN_POINT('',(42.619827043,77.566425746,-118.788698141));
#9725=CARTESIAN_POINT('',(42.8521967,77.592547185,-119.083344816));
#9726=CARTESIAN_POINT('',(43.090394383,77.615414096,-119.484588176));
#9727=CARTESIAN_POINT('',(43.377068692,77.634497339,-120.180626405));
#9728=CARTESIAN_POINT('',(43.588087928,77.631292833,-121.127799674));
#9729=CARTESIAN_POINT('',(43.718348278,77.588691328,-122.737658629));
#9730=CARTESIAN_POINT('',(43.653937833,77.498454441,-124.76764625));
#9731=CARTESIAN_POINT('',(43.568124085,77.422239009,-126.384937352));
#9732=CARTESIAN_POINT('',(43.527377333,77.386148374,-127.153693479));
#9733=CARTESIAN_POINT('',(41.984598494,77.436285159,-118.239072841));
#9734=CARTESIAN_POINT('',(42.018953405,77.44100431,-118.260621452));
#9735=CARTESIAN_POINT('',(42.094836101,77.451348651,-118.310261836));
#9736=CARTESIAN_POINT('',(42.207588918,77.466433518,-118.391390393));
#9737=CARTESIAN_POINT('',(42.32217303,77.481410694,-118.482913507));
#9738=CARTESIAN_POINT('',(42.466712945,77.499818931,-118.610792334));
#9739=CARTESIAN_POINT('',(42.632313751,77.519978011,-118.78113299));
#9740=CARTESIAN_POINT('',(42.867001703,77.546532226,-119.073848296));
#9741=CARTESIAN_POINT('',(43.107532422,77.569827056,-119.473321896));
#9742=CARTESIAN_POINT('',(43.396886996,77.589386503,-120.167640746));
#9743=CARTESIAN_POINT('',(43.609713919,77.586477154,-121.114164175));
#9744=CARTESIAN_POINT('',(43.741093464,77.544020839,-122.724379831));
#9745=CARTESIAN_POINT('',(43.67628426,77.453644685,-124.75564915));
#9746=CARTESIAN_POINT('',(43.589575692,77.377221575,-126.373848138));
#9747=CARTESIAN_POINT('',(43.548393733,77.341032848,-127.143022444));
#9748=B_SPLINE_SURFACE_WITH_KNOTS('',3,3,((#9478,#9479,#9480,#9481,#9482,#9483,#9484,#9485,#9486,#9487,#9488,#9489,#9490,#9491,#9492),(#9493,#9494,#9495,#9496,#9497,#9498,#9499,#9500,#9501,#9502,#9503,#9504,#9505,#9506,#9507),(#9508,#9509,#9510,#9511,#9512,#9513,#9514,#9515,#9516,#9517,#9518,#9519,#9520,#9521,#9522),(#9523,#9524,#9525,#9526,#9527,#9528,#9529,#9530,#9531,#9532,#9533,#9534,#9535,#9536,#9537),(#9538,#9539,#9540,#9541,#9542,#9543,#9544,#9545,#9546,#9547,#9548,#9549,#9550,#9551,#9552),(#9553,#9554,#9555,#9556,#9557,#9558,#9559,#9560,#9561,#9562,#9563,#9564,#9565,#9566,#9567),(#9568,#9569,#9570,#9571,#9572,#9573,#9574,#9575,#9576,#9577,#9578,#9579,#9580,#9581,#9582),(#9583,#9584,#9585,#9586,#9587,#9588,#9589,#9590,#9591,#9592,#9593,#9594,#9595,#9596,#9597),(#9598,#9599,#9600,#9601,#9602,#9603,#9604,#9605,#9606,#9607,#9608,#9609,#9610,#9611,#9612),(#9613,#9614,#9615,#9616,#9617,#9618,#9619,#9620,#9621,#9622,#9623,#9624,#9625,#9626,#9627),(#9628,#9629,#9630,#9631,#9632,#9633,#9634,#9635,#9636,#9637,#9638,#9639,#9640,#9641,#9642),(#9643,#9644,#9645,#9646,#9647,#9648,#9649,#9650,#9651,#9652,#9653,#9654,#9655,#9656,#9657),(#9658,#9659,#9660,#9661,#9662,#9663,#9664,#9665,#9666,#9667,#9668,#9669,#9670,#9671,#9672),(#9673,#9674,#9675,#9676,#9677,#9678,#9679,#9680,#9681,#9682,#9683,#9684,#9685,#9686,#9687),(#9688,#9689,#9690,#9691,#9692,#9693,#9694,#9695,#9696,#9697,#9698,#9699,#9700,#9701,#9702),(#9703,#9704,#9705,#9706,#9707,#9708,#9709,#9710,#9711,#9712,#9713,#9714,#9715,#9716,#9717),(#9718,#9719,#9720,#9721,#9722,#9723,#9724,#9725,#9726,#9727,#9728,#9729,#9730,#9731,#9732),(#9733,#9734,#9735,#9736,#9737,#9738,#9739,#9740,#9741,#9742,#9743,#9744,#9745,#9746,#9747)),.UNSPECIFIED.,.F.,.F.,.U.,(4,1,1,1,1,1,1,1,1,1,1,1,1,1,1,4),(4,1,1,1,1,1,1,1,1,1,1,1,4),(-0.004308388,-0.00174183,-0.000420206,0.000901419,0.002223044,0.002883857,0.003544669,0.003875075,0.004205482,0.004535888,0.004701091,0.004866294,0.005031497,0.0051967,0.005361904,0.005506174),(-0.003731253,-0.003610319,-0.00345882,-0.003307321,-0.003155823,-0.002852826,-0.002549828,-0.001943834,-0.001337839,-0.00012585,0.001086139,0.003510117,0.005711613),.UNSPECIFIED.);
#9749=CARTESIAN_POINT('',(42.,81.570251766,-127.773156688));
#9750=VERTEX_POINT('',#9749);
#9751=CARTESIAN_POINT('',(42.,81.570251766,-127.773156688));
#9752=CARTESIAN_POINT('',(41.885775532,82.011357125,-127.690568432));
#9753=CARTESIAN_POINT('',(41.779373841,82.454317552,-127.607633438));
#9754=CARTESIAN_POINT('',(41.673157654,82.897321968,-127.524690221));
#9755=CARTESIAN_POINT('',(41.566941467,83.340326385,-127.441747005));
#9756=CARTESIAN_POINT('',(41.460479027,83.783272111,-127.358814759));
#9757=CARTESIAN_POINT('',(41.353677482,84.226138057,-127.275897425));
#9758=CARTESIAN_POINT('',(41.140074393,85.111869947,-127.110062756));
#9759=CARTESIAN_POINT('',(40.924976371,85.997256704,-126.944292595));
#9760=CARTESIAN_POINT('',(40.714725374,86.883765255,-126.778312764));
#9761=B_SPLINE_CURVE_WITH_KNOTS('',3,(#9751,#9752,#9753,#9754,#9755,#9756,#9757,#9758,#9759,#9760),.UNSPECIFIED.,.F.,.F.,(4,3,3,4),(0.006030213,0.007418953,0.008807693,0.011585172),.UNSPECIFIED.);
#9762=EDGE_CURVE('',#9750,#2939,#9761,.T.);
#9763=ORIENTED_EDGE('',*,*,#9762,.F.);
#9764=CARTESIAN_POINT('',(42.,77.435022338,-118.248369958));
#9765=CARTESIAN_POINT('',(42.,77.676338815,-118.27865664));
#9766=CARTESIAN_POINT('',(42.,77.915510453,-118.319930412));
#9767=CARTESIAN_POINT('',(42.,78.151258855,-118.378739962));
#9768=CARTESIAN_POINT('',(42.,78.269133056,-118.408144738));
#9769=CARTESIAN_POINT('',(42.,78.386168986,-118.441843615));
#9770=CARTESIAN_POINT('',(42.,78.502292168,-118.480218107));
#9771=CARTESIAN_POINT('',(42.,78.618415351,-118.518592599));
#9772=CARTESIAN_POINT('',(42.,78.734066569,-118.561863394));
#9773=CARTESIAN_POINT('',(42.,78.846927476,-118.609359245));
#9774=CARTESIAN_POINT('',(42.,79.07264929,-118.704350948));
#9775=CARTESIAN_POINT('',(42.,79.288474311,-118.816425928));
#9776=CARTESIAN_POINT('',(42.,79.493642151,-118.946896722));
#9777=CARTESIAN_POINT('',(42.,79.596226071,-119.01213212));
#9778=CARTESIAN_POINT('',(42.,79.696111557,-119.0820254));
#9779=CARTESIAN_POINT('',(42.,79.793151148,-119.156831099));
#9780=CARTESIAN_POINT('',(42.,79.89019074,-119.231636797));
#9781=CARTESIAN_POINT('',(42.,79.984597867,-119.311628448));
#9782=CARTESIAN_POINT('',(42.,80.074336228,-119.394827517));
#9783=CARTESIAN_POINT('',(42.,80.25381295,-119.561225656));
#9784=CARTESIAN_POINT('',(42.,80.416666944,-119.741711318));
#9785=CARTESIAN_POINT('',(42.,80.56376411,-119.935550667));
#9786=CARTESIAN_POINT('',(42.,80.637312693,-120.032470341));
#9787=CARTESIAN_POINT('',(42.,80.706931471,-120.132720468));
#9788=CARTESIAN_POINT('',(42.,80.772607596,-120.236311937));
#9789=CARTESIAN_POINT('',(42.,80.838283721,-120.339903407));
#9790=CARTESIAN_POINT('',(42.,80.899951418,-120.446878187));
#9791=CARTESIAN_POINT('',(42.,80.956538244,-120.555274531));
#9792=CARTESIAN_POINT('',(42.,81.069711895,-120.772067217));
#9793=CARTESIAN_POINT('',(42.,81.163703974,-120.996480362));
#9794=CARTESIAN_POINT('',(42.,81.240126195,-121.227873662));
#9795=CARTESIAN_POINT('',(42.,81.316548416,-121.459266963));
#9796=CARTESIAN_POINT('',(42.,81.375631954,-121.699420668));
#9797=CARTESIAN_POINT('',(42.,81.417261849,-121.940062797));
#9798=CARTESIAN_POINT('',(42.,81.458891744,-122.180704927));
#9799=CARTESIAN_POINT('',(42.,81.483734489,-122.422423154));
#9800=CARTESIAN_POINT('',(42.,81.499681843,-122.664711597));
#9801=CARTESIAN_POINT('',(42.,81.515629198,-122.90700004));
#9802=CARTESIAN_POINT('',(42.,81.522957,-123.149841017));
#9803=CARTESIAN_POINT('',(42.,81.527271276,-123.392875168));
#9804=CARTESIAN_POINT('',(42.,81.535899827,-123.878943471));
#9805=CARTESIAN_POINT('',(42.,81.529716544,-124.365973935));
#9806=CARTESIAN_POINT('',(42.,81.524453308,-124.852851941));
#9807=CARTESIAN_POINT('',(42.,81.52182169,-125.096290945));
#9808=CARTESIAN_POINT('',(42.,81.519408364,-125.339727231));
#9809=CARTESIAN_POINT('',(42.,81.519402706,-125.583133543));
#9810=CARTESIAN_POINT('',(42.,81.519397047,-125.826539855));
#9811=CARTESIAN_POINT('',(42.,81.521793676,-126.069916261));
#9812=CARTESIAN_POINT('',(42.,81.526100613,-126.313268885));
#9813=CARTESIAN_POINT('',(42.,81.534714489,-126.799974132));
#9814=CARTESIAN_POINT('',(42.,81.551176649,-127.286581675));
#9815=CARTESIAN_POINT('',(42.,81.570251766,-127.773156688));
#9816=B_SPLINE_CURVE_WITH_KNOTS('',3,(#9764,#9765,#9766,#9767,#9768,#9769,#9770,#9771,#9772,#9773,#9774,#9775,#9776,#9777,#9778,#9779,#9780,#9781,#9782,#9783,#9784,#9785,#9786,#9787,#9788,#9789,
#9790,#9791,#9792,#9793,#9794,#9795,#9796,#9797,#9798,#9799,#9800,#9801,#9802,#9803,#9804,#9805,#9806,#9807,#9808,#9809,#9810,#9811,#9812,#9813,#9814,
#9815),.UNSPECIFIED.,.F.,.F.,(4,3,3,3,3,3,3,3,3,3,3,3,3,3,3,3,3,4),(0.000556568,0.001284514,0.001648487,0.002012459,0.002740405,0.003104378,0.003468351,0.004196297,0.00456027,0.004924243,0.005652188,0.006380134,0.00710808,0.007836026,0.009291917,0.010019863,0.010747809,0.0122037),.UNSPECIFIED.);
#9817=EDGE_CURVE('',#9096,#9750,#9816,.T.);
#9818=ORIENTED_EDGE('',*,*,#9817,.F.);
#9819=ORIENTED_EDGE('',*,*,#9182,.T.);
#9820=ORIENTED_EDGE('',*,*,#9177,.T.);
#9821=ORIENTED_EDGE('',*,*,#9170,.T.);
#9822=ORIENTED_EDGE('',*,*,#2950,.F.);
#9823=EDGE_LOOP('',(#9763,#9818,#9819,#9820,#9821,#9822));
#9824=FACE_BOUND('',#9823,.T.);
#9825=ADVANCED_FACE('',(#9824),#9748,.F.);
#9826=CARTESIAN_POINT('',(-0.009764421,25.872225021,-138.197523518));
#9827=DIRECTION('',(0.000069449,-0.184014993,0.982923434));
#9828=DIRECTION('',(-0.,-0.982923437,-0.184014993));
#9829=AXIS2_PLACEMENT_3D('',#9826,#9827,#9828);
#9830=PLANE('',#9829);
#9831=CARTESIAN_POINT('',(42.,81.570251766,-127.773156688));
#9832=DIRECTION('',(0.,-0.982923437,-0.184014993));
#9833=VECTOR('',#9832,0.215131294);
#9834=LINE('',#9831,#9833);
#9835=EDGE_CURVE('',#9750,#3928,#9834,.T.);
#9836=ORIENTED_EDGE('',*,*,#9835,.F.);
#9837=ORIENTED_EDGE('',*,*,#9762,.T.);
#9838=ORIENTED_EDGE('',*,*,#2944,.F.);
#9839=ORIENTED_EDGE('',*,*,#9473,.F.);
#9840=ORIENTED_EDGE('',*,*,#3982,.F.);
#9841=EDGE_LOOP('',(#9836,#9837,#9838,#9839,#9840));
#9842=FACE_BOUND('',#9841,.T.);
#9843=ADVANCED_FACE('',(#9842),#9830,.T.);
#9844=CARTESIAN_POINT('',(0.,0.,-117.));
#9845=DIRECTION('',(0.,0.,1.));
#9846=DIRECTION('',(-1.,0.,0.));
#9847=AXIS2_PLACEMENT_3D('',#9844,#9845,#9846);
#9848=PLANE('',#9847);
#9849=CARTESIAN_POINT('',(57.361390574,65.488284835,-117.));
#9850=VERTEX_POINT('',#9849);
#9851=CARTESIAN_POINT('',(52.406910067,70.068572395,-117.));
#9852=VERTEX_POINT('',#9851);
#9853=CARTESIAN_POINT('',(52.761394531,65.482251346,-117.));
#9854=DIRECTION('',(0.,0.,1.));
#9855=DIRECTION('',(-1.,0.,0.));
#9856=AXIS2_PLACEMENT_3D('',#9853,#9854,#9855);
#9857=CIRCLE('',#9856,4.6);
#9858=EDGE_CURVE('',#9850,#9852,#9857,.T.);
#9859=ORIENTED_EDGE('',*,*,#9858,.F.);
#9860=CARTESIAN_POINT('',(57.361426838,65.468185737,-117.));
#9861=VERTEX_POINT('',#9860);
#9862=CARTESIAN_POINT('',(77.761373026,65.515042045,-117.));
#9863=DIRECTION('',(0.,0.,1.));
#9864=DIRECTION('',(1.,0.,-0.));
#9865=AXIS2_PLACEMENT_3D('',#9862,#9863,#9864);
#9866=CIRCLE('',#9865,20.4);
#9867=EDGE_CURVE('',#9850,#9861,#9866,.T.);
#9868=ORIENTED_EDGE('',*,*,#9867,.T.);
#9869=CARTESIAN_POINT('',(57.6,-38.4,-117.));
#9870=VERTEX_POINT('',#9869);
#9871=CARTESIAN_POINT('',(57.361426838,65.468185737,-117.));
#9872=DIRECTION('',(0.002296878,-0.999997362,0.));
#9873=VECTOR('',#9872,103.868459724);
#9874=LINE('',#9871,#9873);
#9875=EDGE_CURVE('',#9861,#9870,#9874,.T.);
#9876=ORIENTED_EDGE('',*,*,#9875,.T.);
#9877=CARTESIAN_POINT('',(53.,-43.,-117.));
#9878=VERTEX_POINT('',#9877);
#9879=CARTESIAN_POINT('',(53.,-38.4,-117.));
#9880=DIRECTION('',(0.,0.,1.));
#9881=DIRECTION('',(-1.,0.,0.));
#9882=AXIS2_PLACEMENT_3D('',#9879,#9880,#9881);
#9883=CIRCLE('',#9882,4.6);
#9884=EDGE_CURVE('',#9878,#9870,#9883,.T.);
#9885=ORIENTED_EDGE('',*,*,#9884,.F.);
#9886=CARTESIAN_POINT('',(-52.815183997,-42.957332349,-117.));
#9887=VERTEX_POINT('',#9886);
#9888=CARTESIAN_POINT('',(53.,-43.,-117.));
#9889=DIRECTION('',(-0.999999919,0.000403228,0.));
#9890=VECTOR('',#9889,105.8151926);
#9891=LINE('',#9888,#9890);
#9892=EDGE_CURVE('',#9878,#9887,#9891,.T.);
#9893=ORIENTED_EDGE('',*,*,#9892,.T.);
#9894=CARTESIAN_POINT('',(-57.415183997,-38.357332349,-117.));
#9895=VERTEX_POINT('',#9894);
#9896=CARTESIAN_POINT('',(-52.815183997,-38.357332349,-117.));
#9897=DIRECTION('',(0.,0.,1.));
#9898=DIRECTION('',(-1.,0.,0.));
#9899=AXIS2_PLACEMENT_3D('',#9896,#9897,#9898);
#9900=CIRCLE('',#9899,4.6);
#9901=EDGE_CURVE('',#9895,#9887,#9900,.T.);
#9902=ORIENTED_EDGE('',*,*,#9901,.F.);
#9903=CARTESIAN_POINT('',(-57.407159722,65.366774797,-117.));
#9904=VERTEX_POINT('',#9903);
#9905=CARTESIAN_POINT('',(-57.415183997,-38.357332349,-117.));
#9906=DIRECTION('',(0.000077362,0.999999997,0.));
#9907=VECTOR('',#9906,103.724107457);
#9908=LINE('',#9905,#9907);
#9909=EDGE_CURVE('',#9895,#9904,#9908,.T.);
#9910=ORIENTED_EDGE('',*,*,#9909,.T.);
#9911=CARTESIAN_POINT('',(-52.807159722,65.366774797,-117.));
#9912=DIRECTION('',(0.,0.,1.));
#9913=DIRECTION('',(-1.,0.,0.));
#9914=AXIS2_PLACEMENT_3D('',#9911,#9912,#9913);
#9915=CIRCLE('',#9914,4.6);
#9916=EDGE_CURVE('',#2670,#9904,#9915,.T.);
#9917=ORIENTED_EDGE('',*,*,#9916,.F.);
#9918=ORIENTED_EDGE('',*,*,#2675,.T.);
#9919=CARTESIAN_POINT('',(24.898746215,72.502741304,-117.));
#9920=DIRECTION('',(-0.319653063,-0.947534653,0.));
#9921=VECTOR('',#9920,2.587633481);
#9922=LINE('',#9919,#9921);
#9923=EDGE_CURVE('',#4710,#2662,#9922,.T.);
#9924=ORIENTED_EDGE('',*,*,#9923,.F.);
#9925=ORIENTED_EDGE('',*,*,#4715,.T.);
#9926=ORIENTED_EDGE('',*,*,#6270,.F.);
#9927=ORIENTED_EDGE('',*,*,#5312,.T.);
#9928=ORIENTED_EDGE('',*,*,#6246,.F.);
#9929=ORIENTED_EDGE('',*,*,#5153,.T.);
#9930=ORIENTED_EDGE('',*,*,#6222,.F.);
#9931=ORIENTED_EDGE('',*,*,#4940,.T.);
#9932=ORIENTED_EDGE('',*,*,#6198,.F.);
#9933=ORIENTED_EDGE('',*,*,#4747,.T.);
#9934=CARTESIAN_POINT('',(42.,70.203495544,-117.));
#9935=VERTEX_POINT('',#9934);
#9936=CARTESIAN_POINT('',(42.,70.203495544,-117.));
#9937=DIRECTION('',(0.,1.,0.));
#9938=VECTOR('',#9937,2.323263735);
#9939=LINE('',#9936,#9938);
#9940=EDGE_CURVE('',#9935,#4734,#9939,.T.);
#9941=ORIENTED_EDGE('',*,*,#9940,.F.);
#9942=CARTESIAN_POINT('',(52.406910067,70.203495544,-117.));
#9943=VERTEX_POINT('',#9942);
#9944=CARTESIAN_POINT('',(52.406910067,70.203495544,-117.));
#9945=DIRECTION('',(-1.,-0.,0.));
#9946=VECTOR('',#9945,10.406910067);
#9947=LINE('',#9944,#9946);
#9948=EDGE_CURVE('',#9943,#9935,#9947,.T.);
#9949=ORIENTED_EDGE('',*,*,#9948,.F.);
#9950=CARTESIAN_POINT('',(52.406910067,70.068572395,-117.));
#9951=DIRECTION('',(-0.,1.,0.));
#9952=VECTOR('',#9951,0.134923149);
#9953=LINE('',#9950,#9952);
#9954=EDGE_CURVE('',#9852,#9943,#9953,.T.);
#9955=ORIENTED_EDGE('',*,*,#9954,.F.);
#9956=EDGE_LOOP('',(#9859,#9868,#9876,#9885,#9893,#9902,#9910,#9917,#9918,#9924,#9925,#9926,#9927,#9928,#9929,#9930,#9931,#9932,#9933,#9941,#9949,#9955));
#9957=FACE_BOUND('',#9956,.T.);
#9958=ADVANCED_FACE('',(#9957),#9848,.T.);
#9959=CARTESIAN_POINT('',(0.,-29.214948478,-90.276729564));
#9960=DIRECTION('',(0.,-0.939692621,0.342020143));
#9961=DIRECTION('',(-1.,0.,0.));
#9962=AXIS2_PLACEMENT_3D('',#9959,#9960,#9961);
#9963=PLANE('',#9962);
#9964=ORIENTED_EDGE('',*,*,#8890,.F.);
#9965=ORIENTED_EDGE('',*,*,#4390,.F.);
#9966=ORIENTED_EDGE('',*,*,#8685,.F.);
#9967=CARTESIAN_POINT('',(25.670714614,-42.988980065,-128.120570324));
#9968=DIRECTION('',(-0.999999305,0.000403228,0.001107859));
#9969=VECTOR('',#9968,51.274719981);
#9970=LINE('',#9967,#9969);
#9971=EDGE_CURVE('',#8884,#8673,#9970,.T.);
#9972=ORIENTED_EDGE('',*,*,#9971,.F.);
#9973=EDGE_LOOP('',(#9964,#9965,#9966,#9972));
#9974=FACE_BOUND('',#9973,.T.);
#9975=ADVANCED_FACE('',(#9974),#9963,.F.);
#9976=CARTESIAN_POINT('',(-38.808556867,0.,-76.575636865));
#9977=DIRECTION('',(-0.939692621,0.,0.342020143));
#9978=DIRECTION('',(-0.342020143,0.,-0.939692621));
#9979=AXIS2_PLACEMENT_3D('',#9976,#9977,#9978);
#9980=PLANE('',#9979);
#9981=ORIENTED_EDGE('',*,*,#8663,.F.);
#9982=ORIENTED_EDGE('',*,*,#4416,.F.);
#9983=ORIENTED_EDGE('',*,*,#8777,.F.);
#9984=CARTESIAN_POINT('',(-57.412970003,-9.738604734,-127.690841859));
#9985=DIRECTION('',(0.000077362,0.999999974,0.00021255));
#9986=VECTOR('',#9985,46.354274182);
#9987=LINE('',#9984,#9986);
#9988=EDGE_CURVE('',#8657,#8765,#9987,.T.);
#9989=ORIENTED_EDGE('',*,*,#9988,.F.);
#9990=EDGE_LOOP('',(#9981,#9982,#9983,#9989));
#9991=FACE_BOUND('',#9990,.T.);
#9992=ADVANCED_FACE('',(#9991),#9980,.F.);
#9993=CARTESIAN_POINT('',(0.,0.,-132.));
#9994=DIRECTION('',(0.,0.,1.));
#9995=DIRECTION('',(-1.,0.,0.));
#9996=AXIS2_PLACEMENT_3D('',#9993,#9994,#9995);
#9997=PLANE('',#9996);
#9998=ORIENTED_EDGE('',*,*,#2399,.T.);
#9999=ORIENTED_EDGE('',*,*,#8422,.T.);
#10000=ORIENTED_EDGE('',*,*,#2440,.F.);
#10001=EDGE_LOOP('',(#9998,#9999,#10000));
#10002=FACE_BOUND('',#10001,.T.);
#10003=ADVANCED_FACE('',(#10002),#9997,.F.);
#10004=CARTESIAN_POINT('',(-52.815183997,-38.357332349,-117.));
#10005=DIRECTION('',(0.,0.,-1.));
#10006=DIRECTION('',(-1.,0.,0.));
#10007=AXIS2_PLACEMENT_3D('',#10004,#10005,#10006);
#10008=CYLINDRICAL_SURFACE('',#10007,4.6);
#10009=ORIENTED_EDGE('',*,*,#4239,.F.);
#10010=CARTESIAN_POINT('',(-57.415183997,-38.357332349,-117.));
#10011=DIRECTION('',(0.,0.,-1.));
#10012=VECTOR('',#10011,15.);
#10013=LINE('',#10010,#10012);
#10014=EDGE_CURVE('',#9895,#4223,#10013,.T.);
#10015=ORIENTED_EDGE('',*,*,#10014,.F.);
#10016=ORIENTED_EDGE('',*,*,#9901,.T.);
#10017=CARTESIAN_POINT('',(-52.815183997,-42.957332349,-117.));
#10018=DIRECTION('',(0.,0.,-1.));
#10019=VECTOR('',#10018,15.);
#10020=LINE('',#10017,#10019);
#10021=EDGE_CURVE('',#9887,#4233,#10020,.T.);
#10022=ORIENTED_EDGE('',*,*,#10021,.T.);
#10023=EDGE_LOOP('',(#10009,#10015,#10016,#10022));
#10024=FACE_BOUND('',#10023,.T.);
#10025=ADVANCED_FACE('',(#10024),#10008,.F.);
#10026=CARTESIAN_POINT('',(-57.41117186,13.504721224,-117.));
#10027=DIRECTION('',(-0.999999997,0.000077362,0.));
#10028=DIRECTION('',(-0.000077362,-0.999999997,0.));
#10029=AXIS2_PLACEMENT_3D('',#10026,#10027,#10028);
#10030=PLANE('',#10029);
#10031=ORIENTED_EDGE('',*,*,#4230,.T.);
#10032=ORIENTED_EDGE('',*,*,#8669,.F.);
#10033=ORIENTED_EDGE('',*,*,#9988,.T.);
#10034=ORIENTED_EDGE('',*,*,#8770,.F.);
#10035=ORIENTED_EDGE('',*,*,#4194,.T.);
#10036=CARTESIAN_POINT('',(-57.407159722,65.366774797,-117.));
#10037=DIRECTION('',(0.,0.,-1.));
#10038=VECTOR('',#10037,15.);
#10039=LINE('',#10036,#10038);
#10040=EDGE_CURVE('',#9904,#4180,#10039,.T.);
#10041=ORIENTED_EDGE('',*,*,#10040,.F.);
#10042=ORIENTED_EDGE('',*,*,#9909,.F.);
#10043=ORIENTED_EDGE('',*,*,#10014,.T.);
#10044=EDGE_LOOP('',(#10031,#10032,#10033,#10034,#10035,#10041,#10042,#10043));
#10045=FACE_BOUND('',#10044,.T.);
#10046=ADVANCED_FACE('',(#10045),#10030,.F.);
#10047=CARTESIAN_POINT('',(-52.807159722,65.366774797,-117.));
#10048=DIRECTION('',(0.,0.,-1.));
#10049=DIRECTION('',(-1.,0.,0.));
#10050=AXIS2_PLACEMENT_3D('',#10047,#10048,#10049);
#10051=CYLINDRICAL_SURFACE('',#10050,4.6);
#10052=ORIENTED_EDGE('',*,*,#4186,.F.);
#10053=ORIENTED_EDGE('',*,*,#2683,.F.);
#10054=ORIENTED_EDGE('',*,*,#9916,.T.);
#10055=ORIENTED_EDGE('',*,*,#10040,.T.);
#10056=EDGE_LOOP('',(#10052,#10053,#10054,#10055));
#10057=FACE_BOUND('',#10056,.T.);
#10058=ADVANCED_FACE('',(#10057),#10051,.F.);
#10059=CARTESIAN_POINT('',(52.761394531,65.482251346,-117.));
#10060=DIRECTION('',(0.,0.,-1.));
#10061=DIRECTION('',(-1.,0.,0.));
#10062=AXIS2_PLACEMENT_3D('',#10059,#10060,#10061);
#10063=CYLINDRICAL_SURFACE('',#10062,4.6);
#10064=CARTESIAN_POINT('',(52.406910067,70.068572395,-130.));
#10065=VERTEX_POINT('',#10064);
#10066=CARTESIAN_POINT('',(57.361394531,65.482251346,-130.));
#10067=VERTEX_POINT('',#10066);
#10068=CARTESIAN_POINT('',(52.761394531,65.482251346,-130.));
#10069=DIRECTION('',(-0.,-0.,-1.));
#10070=DIRECTION('',(1.,0.,-0.));
#10071=AXIS2_PLACEMENT_3D('',#10068,#10069,#10070);
#10072=CIRCLE('',#10071,4.6);
#10073=EDGE_CURVE('',#10065,#10067,#10072,.T.);
#10074=ORIENTED_EDGE('',*,*,#10073,.T.);
#10075=CARTESIAN_POINT('',(57.287723168,64.662282406,-130.));
#10076=VERTEX_POINT('',#10075);
#10077=CARTESIAN_POINT('',(52.761394531,65.482251346,-130.));
#10078=DIRECTION('',(-0.,-0.,-1.));
#10079=DIRECTION('',(1.,0.,-0.));
#10080=AXIS2_PLACEMENT_3D('',#10077,#10078,#10079);
#10081=CIRCLE('',#10080,4.6);
#10082=EDGE_CURVE('',#10067,#10076,#10081,.T.);
#10083=ORIENTED_EDGE('',*,*,#10082,.T.);
#10084=CARTESIAN_POINT('',(57.361390574,65.488284835,-125.3));
#10085=VERTEX_POINT('',#10084);
#10086=CARTESIAN_POINT('',(57.287723168,64.662282406,-130.));
#10087=CARTESIAN_POINT('',(57.312612546,64.79967481,-129.222130716));
#10088=CARTESIAN_POINT('',(57.3311326,64.937501328,-128.442103885));
#10089=CARTESIAN_POINT('',(57.343396651,65.075733739,-127.65985093));
#10090=CARTESIAN_POINT('',(57.349528677,65.144849945,-127.268724453));
#10091=CARTESIAN_POINT('',(57.354090009,65.214024047,-126.877296669));
#10092=CARTESIAN_POINT('',(57.357086882,65.283224196,-126.485656327));
#10093=CARTESIAN_POINT('',(57.358585319,65.317824271,-126.289836156));
#10094=CARTESIAN_POINT('',(57.359692568,65.352431061,-126.093936242));
#10095=CARTESIAN_POINT('',(57.360409034,65.387037916,-125.897936631));
#10096=CARTESIAN_POINT('',(57.360767267,65.404341343,-125.799936825));
#10097=CARTESIAN_POINT('',(57.361027789,65.421649743,-125.701958183));
#10098=CARTESIAN_POINT('',(57.361190542,65.438930953,-125.603827721));
#10099=CARTESIAN_POINT('',(57.361271918,65.447571557,-125.55476249));
#10100=CARTESIAN_POINT('',(57.361328824,65.456205831,-125.505662693));
#10101=CARTESIAN_POINT('',(57.361361429,65.464800411,-125.456355177));
#10102=CARTESIAN_POINT('',(57.361377732,65.469097702,-125.431701419));
#10103=CARTESIAN_POINT('',(57.361387956,65.473401968,-125.407083202));
#10104=CARTESIAN_POINT('',(57.361392203,65.477623771,-125.382054644));
#10105=CARTESIAN_POINT('',(57.361394326,65.479734673,-125.369540365));
#10106=CARTESIAN_POINT('',(57.361394945,65.481836075,-125.356978999));
#10107=CARTESIAN_POINT('',(57.361394259,65.483832362,-125.343896696));
#10108=CARTESIAN_POINT('',(57.361393573,65.485828649,-125.330814393));
#10109=CARTESIAN_POINT('',(57.361390574,65.488284835,-125.317354599));
#10110=CARTESIAN_POINT('',(57.361390574,65.488284835,-125.3));
#10111=B_SPLINE_CURVE_WITH_KNOTS('',3,(#10086,#10087,#10088,#10089,#10090,#10091,#10092,#10093,#10094,#10095,#10096,#10097,#10098,#10099,#10100,#10101,#10102,#10103,#10104,#10105,#10106,#10107,#10108,#10109,#10110),.UNSPECIFIED.,.F.,.F.,(4,3,3,3,3,3,3,3,4),(0.,0.003254898,0.004882346,0.005696071,0.006102933,0.006306364,0.006408079,0.006458937,0.006509795),.UNSPECIFIED.);
#10112=EDGE_CURVE('',#10076,#10085,#10111,.T.);
#10113=ORIENTED_EDGE('',*,*,#10112,.T.);
#10114=CARTESIAN_POINT('',(57.361390574,65.488284835,-125.3));
#10115=DIRECTION('',(-0.,-0.,1.));
#10116=VECTOR('',#10115,8.3);
#10117=LINE('',#10114,#10116);
#10118=EDGE_CURVE('',#10085,#9850,#10117,.T.);
#10119=ORIENTED_EDGE('',*,*,#10118,.T.);
#10120=ORIENTED_EDGE('',*,*,#9858,.T.);
#10121=CARTESIAN_POINT('',(52.406910067,70.068572395,-130.));
#10122=DIRECTION('',(-0.,-0.,1.));
#10123=VECTOR('',#10122,13.);
#10124=LINE('',#10121,#10123);
#10125=EDGE_CURVE('',#10065,#9852,#10124,.T.);
#10126=ORIENTED_EDGE('',*,*,#10125,.F.);
#10127=EDGE_LOOP('',(#10074,#10083,#10113,#10119,#10120,#10126));
#10128=FACE_BOUND('',#10127,.T.);
#10129=ADVANCED_FACE('',(#10128),#10063,.F.);
#10130=CARTESIAN_POINT('',(57.480697265,13.541125673,-117.));
#10131=DIRECTION('',(0.999997362,0.002296878,0.));
#10132=DIRECTION('',(-0.002296878,0.999997362,0.));
#10133=AXIS2_PLACEMENT_3D('',#10130,#10131,#10132);
#10134=PLANE('',#10133);
#10135=ORIENTED_EDGE('',*,*,#9875,.F.);
#10136=CARTESIAN_POINT('',(57.361426838,65.468185737,-125.3));
#10137=VERTEX_POINT('',#10136);
#10138=CARTESIAN_POINT('',(57.361426838,65.468185737,-117.));
#10139=DIRECTION('',(-0.,-0.,-1.));
#10140=VECTOR('',#10139,8.3);
#10141=LINE('',#10138,#10140);
#10142=EDGE_CURVE('',#9861,#10137,#10141,.T.);
#10143=ORIENTED_EDGE('',*,*,#10142,.T.);
#10144=CARTESIAN_POINT('',(57.477489591,14.937658912,-125.3));
#10145=VERTEX_POINT('',#10144);
#10146=CARTESIAN_POINT('',(57.361426838,65.468185737,-125.3));
#10147=DIRECTION('',(0.002296878,-0.999997362,0.));
#10148=VECTOR('',#10147,50.530660116);
#10149=LINE('',#10146,#10148);
#10150=EDGE_CURVE('',#10137,#10145,#10149,.T.);
#10151=ORIENTED_EDGE('',*,*,#10150,.T.);
#10152=CARTESIAN_POINT('',(57.477489591,14.937658912,-133.880091363));
#10153=VERTEX_POINT('',#10152);
#10154=CARTESIAN_POINT('',(57.477489591,14.937658912,-125.3));
#10155=DIRECTION('',(-0.,-0.,-1.));
#10156=VECTOR('',#10155,8.580091363);
#10157=LINE('',#10154,#10156);
#10158=EDGE_CURVE('',#10145,#10153,#10157,.T.);
#10159=ORIENTED_EDGE('',*,*,#10158,.T.);
#10160=CARTESIAN_POINT('',(57.477489591,14.937658912,-133.880091363));
#10161=DIRECTION('',(0.002296872,-0.999994724,-0.002296872));
#10162=VECTOR('',#10161,24.654289164);
#10163=LINE('',#10160,#10162);
#10164=EDGE_CURVE('',#10153,#8836,#10163,.T.);
#10165=ORIENTED_EDGE('',*,*,#10164,.T.);
#10166=ORIENTED_EDGE('',*,*,#8841,.F.);
#10167=ORIENTED_EDGE('',*,*,#4109,.T.);
#10168=CARTESIAN_POINT('',(57.6,-38.4,-117.));
#10169=DIRECTION('',(0.,0.,-1.));
#10170=VECTOR('',#10169,15.);
#10171=LINE('',#10168,#10170);
#10172=EDGE_CURVE('',#9870,#4104,#10171,.T.);
#10173=ORIENTED_EDGE('',*,*,#10172,.F.);
#10174=EDGE_LOOP('',(#10135,#10143,#10151,#10159,#10165,#10166,#10167,#10173));
#10175=FACE_BOUND('',#10174,.T.);
#10176=ADVANCED_FACE('',(#10175),#10134,.F.);
#10177=CARTESIAN_POINT('',(53.,-38.4,-117.));
#10178=DIRECTION('',(0.,0.,-1.));
#10179=DIRECTION('',(-1.,0.,0.));
#10180=AXIS2_PLACEMENT_3D('',#10177,#10178,#10179);
#10181=CYLINDRICAL_SURFACE('',#10180,4.6);
#10182=ORIENTED_EDGE('',*,*,#4133,.F.);
#10183=CARTESIAN_POINT('',(53.,-43.,-117.));
#10184=DIRECTION('',(0.,0.,-1.));
#10185=VECTOR('',#10184,15.);
#10186=LINE('',#10183,#10185);
#10187=EDGE_CURVE('',#9878,#4121,#10186,.T.);
#10188=ORIENTED_EDGE('',*,*,#10187,.F.);
#10189=ORIENTED_EDGE('',*,*,#9884,.T.);
#10190=ORIENTED_EDGE('',*,*,#10172,.T.);
#10191=EDGE_LOOP('',(#10182,#10188,#10189,#10190));
#10192=FACE_BOUND('',#10191,.T.);
#10193=ADVANCED_FACE('',(#10192),#10181,.F.);
#10194=CARTESIAN_POINT('',(0.092408001,-42.978666174,-117.));
#10195=DIRECTION('',(-0.000403228,-0.999999919,0.));
#10196=DIRECTION('',(0.999999919,-0.000403228,0.));
#10197=AXIS2_PLACEMENT_3D('',#10194,#10195,#10196);
#10198=PLANE('',#10197);
#10199=ORIENTED_EDGE('',*,*,#10021,.F.);
#10200=ORIENTED_EDGE('',*,*,#9892,.F.);
#10201=ORIENTED_EDGE('',*,*,#10187,.T.);
#10202=ORIENTED_EDGE('',*,*,#4126,.T.);
#10203=ORIENTED_EDGE('',*,*,#8896,.F.);
#10204=ORIENTED_EDGE('',*,*,#9971,.T.);
#10205=ORIENTED_EDGE('',*,*,#8678,.F.);
#10206=ORIENTED_EDGE('',*,*,#4247,.T.);
#10207=EDGE_LOOP('',(#10199,#10200,#10201,#10202,#10203,#10204,#10205,#10206));
#10208=FACE_BOUND('',#10207,.T.);
#10209=ADVANCED_FACE('',(#10208),#10198,.F.);
#10210=CARTESIAN_POINT('',(42.,73.021806529,-132.));
#10211=DIRECTION('',(-1.,0.,0.));
#10212=DIRECTION('',(0.,0.,1.));
#10213=AXIS2_PLACEMENT_3D('',#10210,#10211,#10212);
#10214=PLANE('',#10213);
#10215=ORIENTED_EDGE('',*,*,#8238,.T.);
#10216=CARTESIAN_POINT('',(42.,76.664334842,-118.60071697));
#10217=CARTESIAN_POINT('',(42.,77.201226191,-118.239895296));
#10218=B_SPLINE_CURVE_WITH_KNOTS('',1,(#10216,#10217),.UNSPECIFIED.,.F.,.F.,(2,2),(0.,1.),.UNSPECIFIED.);
#10219=EDGE_CURVE('',#8223,#9094,#10218,.T.);
#10220=ORIENTED_EDGE('',*,*,#10219,.T.);
#10221=ORIENTED_EDGE('',*,*,#9101,.T.);
#10222=ORIENTED_EDGE('',*,*,#9817,.T.);
#10223=ORIENTED_EDGE('',*,*,#9835,.T.);
#10224=ORIENTED_EDGE('',*,*,#3946,.T.);
#10225=ORIENTED_EDGE('',*,*,#3925,.T.);
#10226=ORIENTED_EDGE('',*,*,#3918,.T.);
#10227=ORIENTED_EDGE('',*,*,#5722,.F.);
#10228=ORIENTED_EDGE('',*,*,#5467,.T.);
#10229=ORIENTED_EDGE('',*,*,#8940,.T.);
#10230=ORIENTED_EDGE('',*,*,#8982,.F.);
#10231=ORIENTED_EDGE('',*,*,#4525,.T.);
#10232=CARTESIAN_POINT('',(42.,70.203495544,-117.));
#10233=DIRECTION('',(0.,-0.,-1.));
#10234=VECTOR('',#10233,15.);
#10235=LINE('',#10232,#10234);
#10236=EDGE_CURVE('',#9935,#4512,#10235,.T.);
#10237=ORIENTED_EDGE('',*,*,#10236,.F.);
#10238=ORIENTED_EDGE('',*,*,#9940,.T.);
#10239=ORIENTED_EDGE('',*,*,#4739,.T.);
#10240=ORIENTED_EDGE('',*,*,#8599,.T.);
#10241=CARTESIAN_POINT('',(42.,76.111744048,-118.96752284));
#10242=CARTESIAN_POINT('',(42.,76.648676367,-118.643159952));
#10243=B_SPLINE_CURVE_WITH_KNOTS('',1,(#10241,#10242),.UNSPECIFIED.,.F.,.F.,(2,2),(0.,1.),.UNSPECIFIED.);
#10244=EDGE_CURVE('',#8508,#8232,#10243,.T.);
#10245=ORIENTED_EDGE('',*,*,#10244,.T.);
#10246=EDGE_LOOP('',(#10215,#10220,#10221,#10222,#10223,#10224,#10225,#10226,#10227,#10228,#10229,#10230,#10231,#10237,#10238,#10239,#10240,#10245));
#10247=FACE_BOUND('',#10246,.T.);
#10248=ADVANCED_FACE('',(#10247),#10214,.T.);
#10249=CARTESIAN_POINT('',(24.535800623,71.426876359,-132.));
#10250=DIRECTION('',(-0.947534653,0.319653063,0.));
#10251=DIRECTION('',(-0.319653063,-0.947534653,0.));
#10252=AXIS2_PLACEMENT_3D('',#10249,#10250,#10251);
#10253=PLANE('',#10252);
#10254=ORIENTED_EDGE('',*,*,#9923,.T.);
#10255=ORIENTED_EDGE('',*,*,#2667,.F.);
#10256=CARTESIAN_POINT('',(24.289546852,70.696916258,-131.985));
#10257=VERTEX_POINT('',#10256);
#10258=CARTESIAN_POINT('',(24.341582933,70.85116471,-131.2));
#10259=DIRECTION('',(0.947534653,-0.319653063,-0.));
#10260=DIRECTION('',(0.319653063,0.947534653,0.));
#10261=AXIS2_PLACEMENT_3D('',#10258,#10259,#10260);
#10262=ELLIPSE('',#10261,0.844608476,0.8);
#10263=EDGE_CURVE('',#2660,#10257,#10262,.T.);
#10264=ORIENTED_EDGE('',*,*,#10263,.T.);
#10265=CARTESIAN_POINT('',(24.295584595,70.714813696,-131.985));
#10266=VERTEX_POINT('',#10265);
#10267=CARTESIAN_POINT('',(24.295584595,70.714813696,-131.985));
#10268=DIRECTION('',(-0.319653063,-0.947534653,0.));
#10269=VECTOR('',#10268,0.018888426);
#10270=LINE('',#10267,#10269);
#10271=EDGE_CURVE('',#10266,#10257,#10270,.T.);
#10272=ORIENTED_EDGE('',*,*,#10271,.F.);
#10273=CARTESIAN_POINT('',(24.295584595,70.714813696,-132.));
#10274=DIRECTION('',(0.,0.,1.));
#10275=VECTOR('',#10274,0.015);
#10276=LINE('',#10273,#10275);
#10277=EDGE_CURVE('',#4542,#10266,#10276,.T.);
#10278=ORIENTED_EDGE('',*,*,#10277,.F.);
#10279=ORIENTED_EDGE('',*,*,#4547,.F.);
#10280=ORIENTED_EDGE('',*,*,#2391,.T.);
#10281=ORIENTED_EDGE('',*,*,#2493,.T.);
#10282=ORIENTED_EDGE('',*,*,#8607,.T.);
#10283=ORIENTED_EDGE('',*,*,#4723,.F.);
#10284=EDGE_LOOP('',(#10254,#10255,#10264,#10272,#10278,#10279,#10280,#10281,#10282,#10283));
#10285=FACE_BOUND('',#10284,.T.);
#10286=ADVANCED_FACE('',(#10285),#10253,.F.);
#10287=CARTESIAN_POINT('',(52.406910067,74.603495544,-118.3));
#10288=DIRECTION('',(1.,0.,0.));
#10289=DIRECTION('',(-0.,1.,-0.));
#10290=AXIS2_PLACEMENT_3D('',#10287,#10288,#10289);
#10291=PLANE('',#10290);
#10292=ORIENTED_EDGE('',*,*,#9954,.T.);
#10293=CARTESIAN_POINT('',(52.406910067,70.203495544,-117.));
#10294=DIRECTION('',(0.,-0.,-1.));
#10295=VECTOR('',#10294,15.);
#10296=LINE('',#10293,#10295);
#10297=EDGE_CURVE('',#9943,#4504,#10296,.T.);
#10298=ORIENTED_EDGE('',*,*,#10297,.T.);
#10299=ORIENTED_EDGE('',*,*,#4509,.T.);
#10300=CARTESIAN_POINT('',(52.406910067,68.057972753,-132.));
#10301=CARTESIAN_POINT('',(52.406910067,68.1903794,-132.));
#10302=CARTESIAN_POINT('',(52.406910067,68.320683243,-131.987215086));
#10303=CARTESIAN_POINT('',(52.406910067,68.448949587,-131.962042306));
#10304=CARTESIAN_POINT('',(52.406910067,68.577215931,-131.936869527));
#10305=CARTESIAN_POINT('',(52.406910067,68.704777667,-131.898678612));
#10306=CARTESIAN_POINT('',(52.406910067,68.826222077,-131.848858507));
#10307=CARTESIAN_POINT('',(52.406910067,68.947666486,-131.799038402));
#10308=CARTESIAN_POINT('',(52.406910067,69.06301672,-131.737971605));
#10309=CARTESIAN_POINT('',(52.406910067,69.172286382,-131.665683221));
#10310=CARTESIAN_POINT('',(52.406910067,69.281556043,-131.593394837));
#10311=CARTESIAN_POINT('',(52.406910067,69.385062344,-131.509175279));
#10312=CARTESIAN_POINT('',(52.406910067,69.477871305,-131.417107429));
#10313=CARTESIAN_POINT('',(52.406910067,69.570680267,-131.32503958));
#10314=CARTESIAN_POINT('',(52.406910067,69.65406007,-131.224456137));
#10315=CARTESIAN_POINT('',(52.406910067,69.727750072,-131.115121713));
#10316=CARTESIAN_POINT('',(52.406910067,69.801440075,-131.00578729));
#10317=CARTESIAN_POINT('',(52.406910067,69.86404226,-130.889400981));
#10318=CARTESIAN_POINT('',(52.406910067,69.914369418,-130.76894845));
#10319=CARTESIAN_POINT('',(52.406910067,69.964696576,-130.64849592));
#10320=CARTESIAN_POINT('',(52.406910067,70.003478044,-130.522319128));
#10321=CARTESIAN_POINT('',(52.406910067,70.029493128,-130.392848839));
#10322=CARTESIAN_POINT('',(52.406910067,70.055508212,-130.263378551));
#10323=CARTESIAN_POINT('',(52.406910067,70.068572395,-130.132433238));
#10324=CARTESIAN_POINT('',(52.406910067,70.068572395,-130.));
#10325=B_SPLINE_CURVE_WITH_KNOTS('',3,(#10300,#10301,#10302,#10303,#10304,#10305,#10306,#10307,#10308,#10309,#10310,#10311,#10312,#10313,#10314,#10315,#10316,#10317,#10318,#10319,#10320,#10321,#10322,#10323,#10324),.UNSPECIFIED.,.F.,.F.,(4,3,3,3,3,3,3,3,4),(0.,0.000391954,0.000783907,0.001175861,0.001567815,0.001959769,0.002351722,0.002743676,0.00313563),.UNSPECIFIED.);
#10326=EDGE_CURVE('',#4495,#10065,#10325,.T.);
#10327=ORIENTED_EDGE('',*,*,#10326,.T.);
#10328=ORIENTED_EDGE('',*,*,#10125,.T.);
#10329=EDGE_LOOP('',(#10292,#10298,#10299,#10327,#10328));
#10330=FACE_BOUND('',#10329,.T.);
#10331=ADVANCED_FACE('',(#10330),#10291,.F.);
#10332=CARTESIAN_POINT('',(105.406910067,70.203495544,-118.3));
#10333=DIRECTION('',(-0.,1.,-0.));
#10334=DIRECTION('',(-1.,-0.,-0.));
#10335=AXIS2_PLACEMENT_3D('',#10332,#10333,#10334);
#10336=PLANE('',#10335);
#10337=ORIENTED_EDGE('',*,*,#9948,.T.);
#10338=ORIENTED_EDGE('',*,*,#10236,.T.);
#10339=ORIENTED_EDGE('',*,*,#4517,.T.);
#10340=ORIENTED_EDGE('',*,*,#10297,.F.);
#10341=EDGE_LOOP('',(#10337,#10338,#10339,#10340));
#10342=FACE_BOUND('',#10341,.T.);
#10343=ADVANCED_FACE('',(#10342),#10336,.F.);
#10344=CARTESIAN_POINT('',(33.71317104,79.686471171,-156.634597424));
#10345=DIRECTION('',(-0.001194787,0.999024214,0.044149655));
#10346=DIRECTION('',(0.,-0.044149686,0.999024927));
#10347=AXIS2_PLACEMENT_3D('',#10344,#10345,#10346);
#10348=CYLINDRICAL_SURFACE('',#10347,2.1);
#10349=CARTESIAN_POINT('',(33.704688335,86.686590026,-154.223193077));
#10350=VERTEX_POINT('',#10349);
#10351=CARTESIAN_POINT('',(33.711072013,81.34886306,-154.459082032));
#10352=VERTEX_POINT('',#10351);
#10353=CARTESIAN_POINT('',(33.704688335,86.686590026,-154.223193077));
#10354=DIRECTION('',(0.001194787,-0.999024214,-0.044149655));
#10355=VECTOR('',#10354,5.342940531);
#10356=LINE('',#10353,#10355);
#10357=EDGE_CURVE('',#10350,#10352,#10356,.T.);
#10358=ORIENTED_EDGE('',*,*,#10357,.F.);
#10359=CARTESIAN_POINT('',(33.704688335,86.779304368,-156.321145424));
#10360=DIRECTION('',(-0.001194787,0.999024214,0.044149655));
#10361=DIRECTION('',(0.,-0.044149686,0.999024927));
#10362=AXIS2_PLACEMENT_3D('',#10359,#10360,#10361);
#10363=CIRCLE('',#10362,2.1);
#10364=EDGE_CURVE('',#10350,#10350,#10363,.T.);
#10365=ORIENTED_EDGE('',*,*,#10364,.T.);
#10366=ORIENTED_EDGE('',*,*,#10357,.T.);
#10367=CARTESIAN_POINT('',(33.70874443,81.348863121,-154.459083273));
#10368=VERTEX_POINT('',#10367);
#10369=CARTESIAN_POINT('',(33.70860987,81.293955836,-158.665606061));
#10370=CARTESIAN_POINT('',(33.847462578,81.293899596,-158.665790527));
#10371=CARTESIAN_POINT('',(33.984013154,81.293487318,-158.652338247));
#10372=CARTESIAN_POINT('',(34.118351383,81.293354698,-158.625779217));
#10373=CARTESIAN_POINT('',(34.252689612,81.293222078,-158.599220187));
#10374=CARTESIAN_POINT('',(34.386216881,81.293384642,-158.558900101));
#10375=CARTESIAN_POINT('',(34.513490639,81.294087319,-158.506212651));
#10376=CARTESIAN_POINT('',(34.640764397,81.294789997,-158.4535252));
#10377=CARTESIAN_POINT('',(34.761490127,81.296017844,-158.388990315));
#10378=CARTESIAN_POINT('',(34.87573548,81.297532022,-158.312726299));
#10379=CARTESIAN_POINT('',(34.989980833,81.2990462,-158.236462283));
#10380=CARTESIAN_POINT('',(35.098123949,81.300848403,-158.147693271));
#10381=CARTESIAN_POINT('',(35.195063418,81.302222375,-158.050745692));
#10382=CARTESIAN_POINT('',(35.292002888,81.303596346,-157.953798113));
#10383=CARTESIAN_POINT('',(35.379032745,81.304672504,-157.847986749));
#10384=CARTESIAN_POINT('',(35.455896813,81.305935384,-157.733088937));
#10385=CARTESIAN_POINT('',(35.53276088,81.307198264,-157.618191126));
#10386=CARTESIAN_POINT('',(35.598024409,81.308635873,-157.49595952));
#10387=CARTESIAN_POINT('',(35.650473051,81.310374891,-157.369536463));
#10388=CARTESIAN_POINT('',(35.702921693,81.31211391,-157.243113407));
#10389=CARTESIAN_POINT('',(35.743339287,81.314177418,-157.110632034));
#10390=CARTESIAN_POINT('',(35.770414698,81.316341123,-156.97506366));
#10391=CARTESIAN_POINT('',(35.79749011,81.318504828,-156.839495286));
#10392=CARTESIAN_POINT('',(35.810974284,81.320712987,-156.703169241));
#10393=CARTESIAN_POINT('',(35.811212601,81.322568555,-156.566099282));
#10394=CARTESIAN_POINT('',(35.811450918,81.324424124,-156.429029324));
#10395=CARTESIAN_POINT('',(35.798009014,81.325587491,-156.289780861));
#10396=CARTESIAN_POINT('',(35.771425637,81.32674237,-156.154985835));
#10397=CARTESIAN_POINT('',(35.74484226,81.327897248,-156.020190809));
#10398=CARTESIAN_POINT('',(35.705414403,81.329094413,-155.889110867));
#10399=CARTESIAN_POINT('',(35.653066469,81.330680889,-155.76177144));
#10400=CARTESIAN_POINT('',(35.600718535,81.332267365,-155.634432014));
#10401=CARTESIAN_POINT('',(35.535202893,81.334252759,-155.511218821));
#10402=CARTESIAN_POINT('',(35.459427065,81.336274723,-155.397158977));
#10403=CARTESIAN_POINT('',(35.383651238,81.338296687,-155.283099133));
#10404=CARTESIAN_POINT('',(35.297095871,81.340374816,-155.176719714));
#10405=CARTESIAN_POINT('',(35.199290539,81.34160717,-155.078341019));
#10406=CARTESIAN_POINT('',(35.101485208,81.342839524,-154.979962323));
#10407=CARTESIAN_POINT('',(34.995313404,81.342807765,-154.892578354));
#10408=CARTESIAN_POINT('',(34.881682134,81.342829734,-154.816213112));
#10409=CARTESIAN_POINT('',(34.768050865,81.342851703,-154.739847871));
#10410=CARTESIAN_POINT('',(34.645401897,81.342942292,-154.67380165));
#10411=CARTESIAN_POINT('',(34.518163474,81.343550414,-154.620756041));
#10412=CARTESIAN_POINT('',(34.390925051,81.344158536,-154.567710431));
#10413=CARTESIAN_POINT('',(34.26000096,81.345266772,-154.52767563));
#10414=CARTESIAN_POINT('',(34.125427452,81.34643871,-154.500512893));
#10415=CARTESIAN_POINT('',(33.990853944,81.347610647,-154.473350156));
#10416=CARTESIAN_POINT('',(33.851589724,81.34883723,-154.459306784));
#10417=CARTESIAN_POINT('',(33.714450806,81.348862634,-154.459084797));
#10418=CARTESIAN_POINT('',(33.577311888,81.348888038,-154.45886281));
#10419=CARTESIAN_POINT('',(33.4409996,81.347922379,-154.472003039));
#10420=CARTESIAN_POINT('',(33.305526125,81.346924014,-154.498738136));
#10421=CARTESIAN_POINT('',(33.17005265,81.345925648,-154.525473233));
#10422=CARTESIAN_POINT('',(33.03716298,81.344920871,-154.565728851));
#10423=CARTESIAN_POINT('',(32.910633333,81.344301506,-154.617975866));
#10424=CARTESIAN_POINT('',(32.784103685,81.343682142,-154.670222882));
#10425=CARTESIAN_POINT('',(32.662010978,81.343439984,-154.735155736));
#10426=CARTESIAN_POINT('',(32.546890654,81.343243482,-154.81192573));
#10427=CARTESIAN_POINT('',(32.431770329,81.343046979,-154.888695725));
#10428=CARTESIAN_POINT('',(32.325837564,81.342884988,-154.975620076));
#10429=CARTESIAN_POINT('',(32.228845499,81.341751785,-155.07241663));
#10430=CARTESIAN_POINT('',(32.131853434,81.340618581,-155.169213183));
#10431=CARTESIAN_POINT('',(32.04305101,81.338615658,-155.277221717));
#10432=CARTESIAN_POINT('',(31.966632545,81.336668427,-155.391464617));
#10433=CARTESIAN_POINT('',(31.89021408,81.334721196,-155.505707517));
#10434=CARTESIAN_POINT('',(31.82555761,81.332837125,-155.626353134));
#10435=CARTESIAN_POINT('',(31.772699089,81.331303897,-155.753425229));
#10436=CARTESIAN_POINT('',(31.719840568,81.329770668,-155.880497325));
#10437=CARTESIAN_POINT('',(31.679174305,81.328595569,-156.014066143));
#10438=CARTESIAN_POINT('',(31.652260861,81.327504574,-156.148355381));
#10439=CARTESIAN_POINT('',(31.625347416,81.326413578,-156.282644619));
#10440=CARTESIAN_POINT('',(31.611506722,81.325375604,-156.419067774));
#10441=CARTESIAN_POINT('',(31.611216321,81.323580948,-156.55769515));
#10442=CARTESIAN_POINT('',(31.610925919,81.321786293,-156.696322526));
#10443=CARTESIAN_POINT('',(31.624266012,81.31957872,-156.833345963));
#10444=CARTESIAN_POINT('',(31.650615824,81.317447492,-156.967669953));
#10445=CARTESIAN_POINT('',(31.676965637,81.315316264,-157.101993943));
#10446=CARTESIAN_POINT('',(31.71690624,81.313246284,-157.235313324));
#10447=CARTESIAN_POINT('',(31.769330314,81.311508064,-157.362860179));
#10448=CARTESIAN_POINT('',(31.821754389,81.309769845,-157.490407035));
#10449=CARTESIAN_POINT('',(31.885965035,81.308371331,-157.611319939));
#10450=CARTESIAN_POINT('',(31.961797711,81.307125306,-157.725689301));
#10451=CARTESIAN_POINT('',(32.037630388,81.30587928,-157.840058663));
#10452=CARTESIAN_POINT('',(32.126064031,81.3047661,-157.94855272));
#10453=CARTESIAN_POINT('',(32.222758281,81.303363421,-158.045871628));
#10454=CARTESIAN_POINT('',(32.319452531,81.301960742,-158.143190536));
#10455=CARTESIAN_POINT('',(32.424931116,81.300350525,-158.230494281));
#10456=CARTESIAN_POINT('',(32.539366008,81.298917225,-158.307592882));
#10457=CARTESIAN_POINT('',(32.6538009,81.297483925,-158.384691483));
#10458=CARTESIAN_POINT('',(32.776242916,81.296261129,-158.450584341));
#10459=CARTESIAN_POINT('',(32.902532319,81.29544965,-158.503376589));
#10460=CARTESIAN_POINT('',(33.155111126,81.29382669,-158.608961085));
#10461=CARTESIAN_POINT('',(33.43090779,81.294068314,-158.665237135));
#10462=CARTESIAN_POINT('',(33.70860987,81.293955836,-158.665606061));
#10463=B_SPLINE_CURVE_WITH_KNOTS('',3,(#10369,#10370,#10371,#10372,#10373,#10374,#10375,#10376,#10377,#10378,#10379,#10380,#10381,#10382,#10383,#10384,#10385,#10386,#10387,#10388,#10389,#10390,#10391,#10392,#10393,#10394,
#10395,#10396,#10397,#10398,#10399,#10400,#10401,#10402,#10403,#10404,#10405,#10406,#10407,#10408,#10409,#10410,#10411,#10412,#10413,#10414,#10415,#10416,#10417,#10418,#10419,
#10420,#10421,#10422,#10423,#10424,#10425,#10426,#10427,#10428,#10429,#10430,#10431,#10432,#10433,#10434,#10435,#10436,#10437,#10438,#10439,#10440,#10441,#10442,#10443,#10444,
#10445,#10446,#10447,#10448,#10449,#10450,#10451,#10452,#10453,#10454,#10455,#10456,#10457,#10458,#10459,#10460,#10461,#10462),.UNSPECIFIED.,.T.,.F.,(4,3,3,3,3,3,3,3,3,3,3,3,3,3,3,3,3,3,3,3,3,3,3,3,3,3,
3,3,3,3,3,4),(0.,0.000410655,0.00082131,0.001231965,0.00164262,0.002053275,0.00246393,0.002874585,0.00328524,0.003695895,0.00410655,0.004517205,0.00492786,0.005338515,0.00574917,0.006159825,0.00657048,0.006981135,0.00739179,0.007802445,0.0082131,0.008623755,0.00903441,0.009445065,0.00985572,0.010266375,
0.01067703,0.011087685,0.01149834,0.011908995,0.01231965,0.01314096),.UNSPECIFIED.);
#10464=EDGE_CURVE('',#10352,#10368,#10463,.T.);
#10465=ORIENTED_EDGE('',*,*,#10464,.T.);
#10466=CARTESIAN_POINT('',(33.70860987,81.293955836,-158.665606061));
#10467=VERTEX_POINT('',#10466);
#10468=CARTESIAN_POINT('',(33.70860987,81.293955836,-158.665606061));
#10469=CARTESIAN_POINT('',(33.847462578,81.293899596,-158.665790527));
#10470=CARTESIAN_POINT('',(33.984013154,81.293487318,-158.652338247));
#10471=CARTESIAN_POINT('',(34.118351383,81.293354698,-158.625779217));
#10472=CARTESIAN_POINT('',(34.252689612,81.293222078,-158.599220187));
#10473=CARTESIAN_POINT('',(34.386216881,81.293384642,-158.558900101));
#10474=CARTESIAN_POINT('',(34.513490639,81.294087319,-158.506212651));
#10475=CARTESIAN_POINT('',(34.640764397,81.294789997,-158.4535252));
#10476=CARTESIAN_POINT('',(34.761490127,81.296017844,-158.388990315));
#10477=CARTESIAN_POINT('',(34.87573548,81.297532022,-158.312726299));
#10478=CARTESIAN_POINT('',(34.989980833,81.2990462,-158.236462283));
#10479=CARTESIAN_POINT('',(35.098123949,81.300848403,-158.147693271));
#10480=CARTESIAN_POINT('',(35.195063418,81.302222375,-158.050745692));
#10481=CARTESIAN_POINT('',(35.292002888,81.303596346,-157.953798113));
#10482=CARTESIAN_POINT('',(35.379032745,81.304672504,-157.847986749));
#10483=CARTESIAN_POINT('',(35.455896813,81.305935384,-157.733088937));
#10484=CARTESIAN_POINT('',(35.53276088,81.307198264,-157.618191126));
#10485=CARTESIAN_POINT('',(35.598024409,81.308635873,-157.49595952));
#10486=CARTESIAN_POINT('',(35.650473051,81.310374891,-157.369536463));
#10487=CARTESIAN_POINT('',(35.702921693,81.31211391,-157.243113407));
#10488=CARTESIAN_POINT('',(35.743339287,81.314177418,-157.110632034));
#10489=CARTESIAN_POINT('',(35.770414698,81.316341123,-156.97506366));
#10490=CARTESIAN_POINT('',(35.79749011,81.318504828,-156.839495286));
#10491=CARTESIAN_POINT('',(35.810974284,81.320712987,-156.703169241));
#10492=CARTESIAN_POINT('',(35.811212601,81.322568555,-156.566099282));
#10493=CARTESIAN_POINT('',(35.811450918,81.324424124,-156.429029324));
#10494=CARTESIAN_POINT('',(35.798009014,81.325587491,-156.289780861));
#10495=CARTESIAN_POINT('',(35.771425637,81.32674237,-156.154985835));
#10496=CARTESIAN_POINT('',(35.74484226,81.327897248,-156.020190809));
#10497=CARTESIAN_POINT('',(35.705414403,81.329094413,-155.889110867));
#10498=CARTESIAN_POINT('',(35.653066469,81.330680889,-155.76177144));
#10499=CARTESIAN_POINT('',(35.600718535,81.332267365,-155.634432014));
#10500=CARTESIAN_POINT('',(35.535202893,81.334252759,-155.511218821));
#10501=CARTESIAN_POINT('',(35.459427065,81.336274723,-155.397158977));
#10502=CARTESIAN_POINT('',(35.383651238,81.338296687,-155.283099133));
#10503=CARTESIAN_POINT('',(35.297095871,81.340374816,-155.176719714));
#10504=CARTESIAN_POINT('',(35.199290539,81.34160717,-155.078341019));
#10505=CARTESIAN_POINT('',(35.101485208,81.342839524,-154.979962323));
#10506=CARTESIAN_POINT('',(34.995313404,81.342807765,-154.892578354));
#10507=CARTESIAN_POINT('',(34.881682134,81.342829734,-154.816213112));
#10508=CARTESIAN_POINT('',(34.768050865,81.342851703,-154.739847871));
#10509=CARTESIAN_POINT('',(34.645401897,81.342942292,-154.67380165));
#10510=CARTESIAN_POINT('',(34.518163474,81.343550414,-154.620756041));
#10511=CARTESIAN_POINT('',(34.390925051,81.344158536,-154.567710431));
#10512=CARTESIAN_POINT('',(34.26000096,81.345266772,-154.52767563));
#10513=CARTESIAN_POINT('',(34.125427452,81.34643871,-154.500512893));
#10514=CARTESIAN_POINT('',(33.990853944,81.347610647,-154.473350156));
#10515=CARTESIAN_POINT('',(33.851589724,81.34883723,-154.459306784));
#10516=CARTESIAN_POINT('',(33.714450806,81.348862634,-154.459084797));
#10517=CARTESIAN_POINT('',(33.577311888,81.348888038,-154.45886281));
#10518=CARTESIAN_POINT('',(33.4409996,81.347922379,-154.472003039));
#10519=CARTESIAN_POINT('',(33.305526125,81.346924014,-154.498738136));
#10520=CARTESIAN_POINT('',(33.17005265,81.345925648,-154.525473233));
#10521=CARTESIAN_POINT('',(33.03716298,81.344920871,-154.565728851));
#10522=CARTESIAN_POINT('',(32.910633333,81.344301506,-154.617975866));
#10523=CARTESIAN_POINT('',(32.784103685,81.343682142,-154.670222882));
#10524=CARTESIAN_POINT('',(32.662010978,81.343439984,-154.735155736));
#10525=CARTESIAN_POINT('',(32.546890654,81.343243482,-154.81192573));
#10526=CARTESIAN_POINT('',(32.431770329,81.343046979,-154.888695725));
#10527=CARTESIAN_POINT('',(32.325837564,81.342884988,-154.975620076));
#10528=CARTESIAN_POINT('',(32.228845499,81.341751785,-155.07241663));
#10529=CARTESIAN_POINT('',(32.131853434,81.340618581,-155.169213183));
#10530=CARTESIAN_POINT('',(32.04305101,81.338615658,-155.277221717));
#10531=CARTESIAN_POINT('',(31.966632545,81.336668427,-155.391464617));
#10532=CARTESIAN_POINT('',(31.89021408,81.334721196,-155.505707517));
#10533=CARTESIAN_POINT('',(31.82555761,81.332837125,-155.626353134));
#10534=CARTESIAN_POINT('',(31.772699089,81.331303897,-155.753425229));
#10535=CARTESIAN_POINT('',(31.719840568,81.329770668,-155.880497325));
#10536=CARTESIAN_POINT('',(31.679174305,81.328595569,-156.014066143));
#10537=CARTESIAN_POINT('',(31.652260861,81.327504574,-156.148355381));
#10538=CARTESIAN_POINT('',(31.625347416,81.326413578,-156.282644619));
#10539=CARTESIAN_POINT('',(31.611506722,81.325375604,-156.419067774));
#10540=CARTESIAN_POINT('',(31.611216321,81.323580948,-156.55769515));
#10541=CARTESIAN_POINT('',(31.610925919,81.321786293,-156.696322526));
#10542=CARTESIAN_POINT('',(31.624266012,81.31957872,-156.833345963));
#10543=CARTESIAN_POINT('',(31.650615824,81.317447492,-156.967669953));
#10544=CARTESIAN_POINT('',(31.676965637,81.315316264,-157.101993943));
#10545=CARTESIAN_POINT('',(31.71690624,81.313246284,-157.235313324));
#10546=CARTESIAN_POINT('',(31.769330314,81.311508064,-157.362860179));
#10547=CARTESIAN_POINT('',(31.821754389,81.309769845,-157.490407035));
#10548=CARTESIAN_POINT('',(31.885965035,81.308371331,-157.611319939));
#10549=CARTESIAN_POINT('',(31.961797711,81.307125306,-157.725689301));
#10550=CARTESIAN_POINT('',(32.037630388,81.30587928,-157.840058663));
#10551=CARTESIAN_POINT('',(32.126064031,81.3047661,-157.94855272));
#10552=CARTESIAN_POINT('',(32.222758281,81.303363421,-158.045871628));
#10553=CARTESIAN_POINT('',(32.319452531,81.301960742,-158.143190536));
#10554=CARTESIAN_POINT('',(32.424931116,81.300350525,-158.230494281));
#10555=CARTESIAN_POINT('',(32.539366008,81.298917225,-158.307592882));
#10556=CARTESIAN_POINT('',(32.6538009,81.297483925,-158.384691483));
#10557=CARTESIAN_POINT('',(32.776242916,81.296261129,-158.450584341));
#10558=CARTESIAN_POINT('',(32.902532319,81.29544965,-158.503376589));
#10559=CARTESIAN_POINT('',(33.155111126,81.29382669,-158.608961085));
#10560=CARTESIAN_POINT('',(33.43090779,81.294068314,-158.665237135));
#10561=CARTESIAN_POINT('',(33.70860987,81.293955836,-158.665606061));
#10562=B_SPLINE_CURVE_WITH_KNOTS('',3,(#10468,#10469,#10470,#10471,#10472,#10473,#10474,#10475,#10476,#10477,#10478,#10479,#10480,#10481,#10482,#10483,#10484,#10485,#10486,#10487,#10488,#10489,#10490,#10491,#10492,#10493,
#10494,#10495,#10496,#10497,#10498,#10499,#10500,#10501,#10502,#10503,#10504,#10505,#10506,#10507,#10508,#10509,#10510,#10511,#10512,#10513,#10514,#10515,#10516,#10517,#10518,
#10519,#10520,#10521,#10522,#10523,#10524,#10525,#10526,#10527,#10528,#10529,#10530,#10531,#10532,#10533,#10534,#10535,#10536,#10537,#10538,#10539,#10540,#10541,#10542,#10543,
#10544,#10545,#10546,#10547,#10548,#10549,#10550,#10551,#10552,#10553,#10554,#10555,#10556,#10557,#10558,#10559,#10560,#10561),.UNSPECIFIED.,.T.,.F.,(4,3,3,3,3,3,3,3,3,3,3,3,3,3,3,3,3,3,3,3,3,3,3,3,3,3,
3,3,3,3,3,4),(0.,0.000410655,0.00082131,0.001231965,0.00164262,0.002053275,0.00246393,0.002874585,0.00328524,0.003695895,0.00410655,0.004517205,0.00492786,0.005338515,0.00574917,0.006159825,0.00657048,0.006981135,0.00739179,0.007802445,0.0082131,0.008623755,0.00903441,0.009445065,0.00985572,0.010266375,
0.01067703,0.011087685,0.01149834,0.011908995,0.01231965,0.01314096),.UNSPECIFIED.);
#10563=EDGE_CURVE('',#10368,#10467,#10562,.T.);
#10564=ORIENTED_EDGE('',*,*,#10563,.T.);
#10565=CARTESIAN_POINT('',(33.70860987,81.293955836,-158.665606061));
#10566=CARTESIAN_POINT('',(33.847462578,81.293899596,-158.665790527));
#10567=CARTESIAN_POINT('',(33.984013154,81.293487318,-158.652338247));
#10568=CARTESIAN_POINT('',(34.118351383,81.293354698,-158.625779217));
#10569=CARTESIAN_POINT('',(34.252689612,81.293222078,-158.599220187));
#10570=CARTESIAN_POINT('',(34.386216881,81.293384642,-158.558900101));
#10571=CARTESIAN_POINT('',(34.513490639,81.294087319,-158.506212651));
#10572=CARTESIAN_POINT('',(34.640764397,81.294789997,-158.4535252));
#10573=CARTESIAN_POINT('',(34.761490127,81.296017844,-158.388990315));
#10574=CARTESIAN_POINT('',(34.87573548,81.297532022,-158.312726299));
#10575=CARTESIAN_POINT('',(34.989980833,81.2990462,-158.236462283));
#10576=CARTESIAN_POINT('',(35.098123949,81.300848403,-158.147693271));
#10577=CARTESIAN_POINT('',(35.195063418,81.302222375,-158.050745692));
#10578=CARTESIAN_POINT('',(35.292002888,81.303596346,-157.953798113));
#10579=CARTESIAN_POINT('',(35.379032745,81.304672504,-157.847986749));
#10580=CARTESIAN_POINT('',(35.455896813,81.305935384,-157.733088937));
#10581=CARTESIAN_POINT('',(35.53276088,81.307198264,-157.618191126));
#10582=CARTESIAN_POINT('',(35.598024409,81.308635873,-157.49595952));
#10583=CARTESIAN_POINT('',(35.650473051,81.310374891,-157.369536463));
#10584=CARTESIAN_POINT('',(35.702921693,81.31211391,-157.243113407));
#10585=CARTESIAN_POINT('',(35.743339287,81.314177418,-157.110632034));
#10586=CARTESIAN_POINT('',(35.770414698,81.316341123,-156.97506366));
#10587=CARTESIAN_POINT('',(35.79749011,81.318504828,-156.839495286));
#10588=CARTESIAN_POINT('',(35.810974284,81.320712987,-156.703169241));
#10589=CARTESIAN_POINT('',(35.811212601,81.322568555,-156.566099282));
#10590=CARTESIAN_POINT('',(35.811450918,81.324424124,-156.429029324));
#10591=CARTESIAN_POINT('',(35.798009014,81.325587491,-156.289780861));
#10592=CARTESIAN_POINT('',(35.771425637,81.32674237,-156.154985835));
#10593=CARTESIAN_POINT('',(35.74484226,81.327897248,-156.020190809));
#10594=CARTESIAN_POINT('',(35.705414403,81.329094413,-155.889110867));
#10595=CARTESIAN_POINT('',(35.653066469,81.330680889,-155.76177144));
#10596=CARTESIAN_POINT('',(35.600718535,81.332267365,-155.634432014));
#10597=CARTESIAN_POINT('',(35.535202893,81.334252759,-155.511218821));
#10598=CARTESIAN_POINT('',(35.459427065,81.336274723,-155.397158977));
#10599=CARTESIAN_POINT('',(35.383651238,81.338296687,-155.283099133));
#10600=CARTESIAN_POINT('',(35.297095871,81.340374816,-155.176719714));
#10601=CARTESIAN_POINT('',(35.199290539,81.34160717,-155.078341019));
#10602=CARTESIAN_POINT('',(35.101485208,81.342839524,-154.979962323));
#10603=CARTESIAN_POINT('',(34.995313404,81.342807765,-154.892578354));
#10604=CARTESIAN_POINT('',(34.881682134,81.342829734,-154.816213112));
#10605=CARTESIAN_POINT('',(34.768050865,81.342851703,-154.739847871));
#10606=CARTESIAN_POINT('',(34.645401897,81.342942292,-154.67380165));
#10607=CARTESIAN_POINT('',(34.518163474,81.343550414,-154.620756041));
#10608=CARTESIAN_POINT('',(34.390925051,81.344158536,-154.567710431));
#10609=CARTESIAN_POINT('',(34.26000096,81.345266772,-154.52767563));
#10610=CARTESIAN_POINT('',(34.125427452,81.34643871,-154.500512893));
#10611=CARTESIAN_POINT('',(33.990853944,81.347610647,-154.473350156));
#10612=CARTESIAN_POINT('',(33.851589724,81.34883723,-154.459306784));
#10613=CARTESIAN_POINT('',(33.714450806,81.348862634,-154.459084797));
#10614=CARTESIAN_POINT('',(33.577311888,81.348888038,-154.45886281));
#10615=CARTESIAN_POINT('',(33.4409996,81.347922379,-154.472003039));
#10616=CARTESIAN_POINT('',(33.305526125,81.346924014,-154.498738136));
#10617=CARTESIAN_POINT('',(33.17005265,81.345925648,-154.525473233));
#10618=CARTESIAN_POINT('',(33.03716298,81.344920871,-154.565728851));
#10619=CARTESIAN_POINT('',(32.910633333,81.344301506,-154.617975866));
#10620=CARTESIAN_POINT('',(32.784103685,81.343682142,-154.670222882));
#10621=CARTESIAN_POINT('',(32.662010978,81.343439984,-154.735155736));
#10622=CARTESIAN_POINT('',(32.546890654,81.343243482,-154.81192573));
#10623=CARTESIAN_POINT('',(32.431770329,81.343046979,-154.888695725));
#10624=CARTESIAN_POINT('',(32.325837564,81.342884988,-154.975620076));
#10625=CARTESIAN_POINT('',(32.228845499,81.341751785,-155.07241663));
#10626=CARTESIAN_POINT('',(32.131853434,81.340618581,-155.169213183));
#10627=CARTESIAN_POINT('',(32.04305101,81.338615658,-155.277221717));
#10628=CARTESIAN_POINT('',(31.966632545,81.336668427,-155.391464617));
#10629=CARTESIAN_POINT('',(31.89021408,81.334721196,-155.505707517));
#10630=CARTESIAN_POINT('',(31.82555761,81.332837125,-155.626353134));
#10631=CARTESIAN_POINT('',(31.772699089,81.331303897,-155.753425229));
#10632=CARTESIAN_POINT('',(31.719840568,81.329770668,-155.880497325));
#10633=CARTESIAN_POINT('',(31.679174305,81.328595569,-156.014066143));
#10634=CARTESIAN_POINT('',(31.652260861,81.327504574,-156.148355381));
#10635=CARTESIAN_POINT('',(31.625347416,81.326413578,-156.282644619));
#10636=CARTESIAN_POINT('',(31.611506722,81.325375604,-156.419067774));
#10637=CARTESIAN_POINT('',(31.611216321,81.323580948,-156.55769515));
#10638=CARTESIAN_POINT('',(31.610925919,81.321786293,-156.696322526));
#10639=CARTESIAN_POINT('',(31.624266012,81.31957872,-156.833345963));
#10640=CARTESIAN_POINT('',(31.650615824,81.317447492,-156.967669953));
#10641=CARTESIAN_POINT('',(31.676965637,81.315316264,-157.101993943));
#10642=CARTESIAN_POINT('',(31.71690624,81.313246284,-157.235313324));
#10643=CARTESIAN_POINT('',(31.769330314,81.311508064,-157.362860179));
#10644=CARTESIAN_POINT('',(31.821754389,81.309769845,-157.490407035));
#10645=CARTESIAN_POINT('',(31.885965035,81.308371331,-157.611319939));
#10646=CARTESIAN_POINT('',(31.961797711,81.307125306,-157.725689301));
#10647=CARTESIAN_POINT('',(32.037630388,81.30587928,-157.840058663));
#10648=CARTESIAN_POINT('',(32.126064031,81.3047661,-157.94855272));
#10649=CARTESIAN_POINT('',(32.222758281,81.303363421,-158.045871628));
#10650=CARTESIAN_POINT('',(32.319452531,81.301960742,-158.143190536));
#10651=CARTESIAN_POINT('',(32.424931116,81.300350525,-158.230494281));
#10652=CARTESIAN_POINT('',(32.539366008,81.298917225,-158.307592882));
#10653=CARTESIAN_POINT('',(32.6538009,81.297483925,-158.384691483));
#10654=CARTESIAN_POINT('',(32.776242916,81.296261129,-158.450584341));
#10655=CARTESIAN_POINT('',(32.902532319,81.29544965,-158.503376589));
#10656=CARTESIAN_POINT('',(33.155111126,81.29382669,-158.608961085));
#10657=CARTESIAN_POINT('',(33.43090779,81.294068314,-158.665237135));
#10658=CARTESIAN_POINT('',(33.70860987,81.293955836,-158.665606061));
#10659=B_SPLINE_CURVE_WITH_KNOTS('',3,(#10565,#10566,#10567,#10568,#10569,#10570,#10571,#10572,#10573,#10574,#10575,#10576,#10577,#10578,#10579,#10580,#10581,#10582,#10583,#10584,#10585,#10586,#10587,#10588,#10589,#10590,
#10591,#10592,#10593,#10594,#10595,#10596,#10597,#10598,#10599,#10600,#10601,#10602,#10603,#10604,#10605,#10606,#10607,#10608,#10609,#10610,#10611,#10612,#10613,#10614,#10615,
#10616,#10617,#10618,#10619,#10620,#10621,#10622,#10623,#10624,#10625,#10626,#10627,#10628,#10629,#10630,#10631,#10632,#10633,#10634,#10635,#10636,#10637,#10638,#10639,#10640,
#10641,#10642,#10643,#10644,#10645,#10646,#10647,#10648,#10649,#10650,#10651,#10652,#10653,#10654,#10655,#10656,#10657,#10658),.UNSPECIFIED.,.T.,.F.,(4,3,3,3,3,3,3,3,3,3,3,3,3,3,3,3,3,3,3,3,3,3,3,3,3,3,
3,3,3,3,3,4),(0.,0.000410655,0.00082131,0.001231965,0.00164262,0.002053275,0.00246393,0.002874585,0.00328524,0.003695895,0.00410655,0.004517205,0.00492786,0.005338515,0.00574917,0.006159825,0.00657048,0.006981135,0.00739179,0.007802445,0.0082131,0.008623755,0.00903441,0.009445065,0.00985572,0.010266375,
0.01067703,0.011087685,0.01149834,0.011908995,0.01231965,0.01314096),.UNSPECIFIED.);
#10660=EDGE_CURVE('',#10467,#10352,#10659,.T.);
#10661=ORIENTED_EDGE('',*,*,#10660,.T.);
#10662=EDGE_LOOP('',(#10358,#10365,#10366,#10465,#10564,#10661));
#10663=FACE_BOUND('',#10662,.T.);
#10664=ADVANCED_FACE('',(#10663),#10348,.F.);
#10665=CARTESIAN_POINT('',(33.708744384,81.349256449,-154.459459712));
#10666=CARTESIAN_POINT('',(33.640989865,81.349250135,-154.459144101));
#10667=CARTESIAN_POINT('',(33.573132353,81.349244504,-154.46276161));
#10668=CARTESIAN_POINT('',(33.505550727,81.349236063,-154.470150909));
#10669=CARTESIAN_POINT('',(33.437689384,81.349215478,-154.476812792));
#10670=CARTESIAN_POINT('',(33.370087641,81.34918681,-154.487284312));
#10671=CARTESIAN_POINT('',(33.303132289,81.349147508,-154.501399912));
#10672=CARTESIAN_POINT('',(33.235883159,81.349089612,-154.514837632));
#10673=CARTESIAN_POINT('',(33.169276579,81.349017772,-154.531947013));
#10674=CARTESIAN_POINT('',(33.103703884,81.348930429,-154.552556737));
#10675=CARTESIAN_POINT('',(33.037837002,81.348821,-154.572520949));
#10676=CARTESIAN_POINT('',(32.973006002,81.348694707,-154.596000911));
#10677=CARTESIAN_POINT('',(32.90960358,81.348550945,-154.622819111));
#10678=CARTESIAN_POINT('',(32.845910678,81.348384468,-154.649005687));
#10679=CARTESIAN_POINT('',(32.783648127,81.348201027,-154.678533801));
#10680=CARTESIAN_POINT('',(32.72320711,81.348000932,-154.711220209));
#10681=CARTESIAN_POINT('',(32.662474809,81.347780249,-154.74327177));
#10682=CARTESIAN_POINT('',(32.603560155,81.347545243,-154.778474537));
#10683=CARTESIAN_POINT('',(32.546850254,81.347297138,-154.816640787));
#10684=CARTESIAN_POINT('',(32.489836075,81.34703332,-154.854155618));
#10685=CARTESIAN_POINT('',(32.4350123,81.346760584,-154.894619769));
#10686=CARTESIAN_POINT('',(32.382759732,81.346481091,-154.937843115));
#10687=CARTESIAN_POINT('',(32.330171034,81.34619356,-154.980391371));
#10688=CARTESIAN_POINT('',(32.280124702,81.34590532,-155.025682647));
#10689=CARTESIAN_POINT('',(32.232993485,81.345619447,-155.073527431));
#10690=CARTESIAN_POINT('',(32.18519696,81.345336047,-155.120973778));
#10691=CARTESIAN_POINT('',(32.140031868,81.345055885,-155.171232249));
#10692=CARTESIAN_POINT('',(32.09766426,81.344775119,-155.223943177));
#10693=CARTESIAN_POINT('',(32.0546109,81.344489875,-155.276355354));
#10694=CARTESIAN_POINT('',(32.014369655,81.344199271,-155.33125327));
#10695=CARTESIAN_POINT('',(31.977108225,81.343900532,-155.388269953));
#10696=CARTESIAN_POINT('',(31.939184047,81.343591785,-155.44502732));
#10697=CARTESIAN_POINT('',(31.904254555,81.343272273,-155.503923291));
#10698=CARTESIAN_POINT('',(31.872486221,81.342940258,-155.564584898));
#10699=CARTESIAN_POINT('',(31.840074543,81.342595814,-155.625008693));
#10700=CARTESIAN_POINT('',(31.810834177,81.342238228,-155.687207714));
#10701=CARTESIAN_POINT('',(31.784928283,81.341866709,-155.75080484));
#10702=CARTESIAN_POINT('',(31.75838859,81.341483174,-155.814173228));
#10703=CARTESIAN_POINT('',(31.735185399,81.341086855,-155.878943132));
#10704=CARTESIAN_POINT('',(31.715477218,81.340677801,-155.944735477));
#10705=CARTESIAN_POINT('',(31.695130911,81.340259679,-156.010302332));
#10706=CARTESIAN_POINT('',(31.678271562,81.339831566,-156.076893569));
#10707=CARTESIAN_POINT('',(31.665052412,81.33939426,-156.144130657));
#10708=CARTESIAN_POINT('',(31.651175094,81.33895308,-156.211147173));
#10709=CARTESIAN_POINT('',(31.640919366,81.338506849,-156.278815285));
#10710=CARTESIAN_POINT('',(31.634433363,81.338057008,-156.346759781));
#10711=CARTESIAN_POINT('',(31.627253938,81.337610398,-156.414498585));
#10712=CARTESIAN_POINT('',(31.623816285,81.33716544,-156.482529075));
#10713=CARTESIAN_POINT('',(31.624264531,81.33672403,-156.550482302));
#10714=CARTESIAN_POINT('',(31.623999376,81.336295176,-156.618829134));
#10715=CARTESIAN_POINT('',(31.627567951,81.335871625,-156.68704173));
#10716=CARTESIAN_POINT('',(31.634830747,81.335451817,-156.754795937));
#10717=CARTESIAN_POINT('',(31.64142609,81.3350388,-156.822777501));
#10718=CARTESIAN_POINT('',(31.651742304,81.334626119,-156.890324678));
#10719=CARTESIAN_POINT('',(31.665638258,81.334212832,-156.957107744));
#10720=CARTESIAN_POINT('',(31.678903638,81.333802221,-157.024146676));
#10721=CARTESIAN_POINT('',(31.695770788,81.333388966,-157.09043634));
#10722=CARTESIAN_POINT('',(31.716095759,81.332972848,-157.155643463));
#10723=CARTESIAN_POINT('',(31.73581864,81.33255745,-157.221124334));
#10724=CARTESIAN_POINT('',(31.75901511,81.332138621,-157.285532516));
#10725=CARTESIAN_POINT('',(31.78553794,81.331716875,-157.348533281));
#10726=CARTESIAN_POINT('',(31.811477414,81.331296077,-157.411821299));
#10727=CARTESIAN_POINT('',(31.840752553,81.330873216,-157.473710863));
#10728=CARTESIAN_POINT('',(31.87321308,81.330449483,-157.533867775));
#10729=CARTESIAN_POINT('',(31.905099917,81.330028964,-157.594327008));
#10730=CARTESIAN_POINT('',(31.940176076,81.329609702,-157.653065438));
#10731=CARTESIAN_POINT('',(31.97828909,81.329193477,-157.709751167));
#10732=CARTESIAN_POINT('',(32.015831571,81.328784484,-157.766761148));
#10733=CARTESIAN_POINT('',(32.056411777,81.3283817,-157.821736413));
#10734=CARTESIAN_POINT('',(32.099876496,81.327987348,-157.874348819));
#10735=CARTESIAN_POINT('',(32.14277167,81.327605572,-157.927318623));
#10736=CARTESIAN_POINT('',(32.188552627,81.327236094,-157.977952186));
#10737=CARTESIAN_POINT('',(32.237067419,81.326881364,-158.025926125));
#10738=CARTESIAN_POINT('',(32.285211606,81.326546215,-158.074481454));
#10739=CARTESIAN_POINT('',(32.335925322,81.326229852,-158.120229298));
#10740=CARTESIAN_POINT('',(32.388893131,81.325930758,-158.163040951));
#10741=CARTESIAN_POINT('',(32.441545809,81.325647279,-158.206439937));
#10742=CARTESIAN_POINT('',(32.496484008,81.325377409,-158.24690411));
#10743=CARTESIAN_POINT('',(32.553388075,81.325120122,-158.284302458));
#10744=CARTESIAN_POINT('',(32.61001798,81.324873783,-158.322287647));
#10745=CARTESIAN_POINT('',(32.66863718,81.324637531,-158.357205752));
#10746=CARTESIAN_POINT('',(32.728922359,81.324410989,-158.388925347));
#10747=CARTESIAN_POINT('',(32.788963411,81.324192664,-158.421230014));
#10748=CARTESIAN_POINT('',(32.850687488,81.323982932,-158.450335675));
#10749=CARTESIAN_POINT('',(32.913768646,81.323782128,-158.476111977));
#10750=CARTESIAN_POINT('',(32.976627864,81.323588946,-158.502474741));
#10751=CARTESIAN_POINT('',(33.040857264,81.323405014,-158.525510907));
#10752=CARTESIAN_POINT('',(33.106129653,81.323231382,-158.545092196));
#10753=CARTESIAN_POINT('',(33.171198559,81.323066907,-158.565267506));
#10754=CARTESIAN_POINT('',(33.237322625,81.322914438,-158.581995457));
#10755=CARTESIAN_POINT('',(33.304175021,81.322775682,-158.595150331));
#10756=CARTESIAN_POINT('',(33.370843506,81.322649588,-158.608914407));
#10757=CARTESIAN_POINT('',(33.438254968,81.322540131,-158.619118101));
#10758=CARTESIAN_POINT('',(33.506084707,81.322449563,-158.625638184));
#10759=CARTESIAN_POINT('',(33.573756501,81.322376787,-158.632790039));
#10760=CARTESIAN_POINT('',(33.641867282,81.322326737,-158.6362754));
#10761=CARTESIAN_POINT('',(33.710096273,81.322302012,-158.635972826));
#10762=CARTESIAN_POINT('',(33.778099742,81.322302633,-158.636331938));
#10763=CARTESIAN_POINT('',(33.84610449,81.322332239,-158.632857579));
#10764=CARTESIAN_POINT('',(33.913764015,81.322387483,-158.625683652));
#10765=CARTESIAN_POINT('',(33.981621089,81.322462211,-158.61914369));
#10766=CARTESIAN_POINT('',(34.04914707,81.322557084,-158.608881724));
#10767=CARTESIAN_POINT('',(34.115990701,81.322669398,-158.595034629));
#10768=CARTESIAN_POINT('',(34.183046939,81.322794026,-158.581792778));
#10769=CARTESIAN_POINT('',(34.249427686,81.322932098,-158.564950259));
#10770=CARTESIAN_POINT('',(34.314779154,81.323081734,-158.54464771));
#10771=CARTESIAN_POINT('',(34.380350693,81.323238978,-158.524932886));
#10772=CARTESIAN_POINT('',(34.444896907,81.323405544,-158.501750252));
#10773=CARTESIAN_POINT('',(34.508063598,81.323580471,-158.4752443));
#10774=CARTESIAN_POINT('',(34.571456557,81.323761047,-158.449320059));
#10775=CARTESIAN_POINT('',(34.633475088,81.323949634,-158.420072054));
#10776=CARTESIAN_POINT('',(34.693766498,81.324146237,-158.387648128));
#10777=CARTESIAN_POINT('',(34.75429487,81.324349427,-158.355809892));
#10778=CARTESIAN_POINT('',(34.813105971,81.324562243,-158.320801054));
#10779=CARTESIAN_POINT('',(34.869850299,81.324785676,-158.282771745));
#10780=CARTESIAN_POINT('',(34.926851818,81.32501959,-158.245338911));
#10781=CARTESIAN_POINT('',(34.981804253,81.325267692,-158.204894011));
#10782=CARTESIAN_POINT('',(35.034362674,81.325531935,-158.16158785));
#10783=CARTESIAN_POINT('',(35.087212181,81.325813425,-158.1188909));
#10784=CARTESIAN_POINT('',(35.137695572,81.32611646,-158.073340379));
#10785=CARTESIAN_POINT('',(35.185473436,81.326443839,-158.025085583));
#10786=CARTESIAN_POINT('',(35.233818328,81.326792392,-157.977218071));
#10787=CARTESIAN_POINT('',(35.279463716,81.327158138,-157.926699745));
#10788=CARTESIAN_POINT('',(35.322250825,81.327538389,-157.873846447));
#10789=CARTESIAN_POINT('',(35.365596945,81.327931403,-157.821352637));
#10790=CARTESIAN_POINT('',(35.406086787,81.328335114,-157.766499196));
#10791=CARTESIAN_POINT('',(35.443560699,81.32874709,-157.709606331));
#10792=CARTESIAN_POINT('',(35.481596209,81.329166605,-157.653042124));
#10793=CARTESIAN_POINT('',(35.51661799,81.329591306,-157.594421611));
#10794=CARTESIAN_POINT('',(35.54846735,81.330019216,-157.534068302));
#10795=CARTESIAN_POINT('',(35.580883723,81.330450793,-157.474022688));
#10796=CARTESIAN_POINT('',(35.610133218,81.330883546,-157.412232607));
#10797=CARTESIAN_POINT('',(35.636059397,81.331316077,-157.349023397));
#10798=CARTESIAN_POINT('',(35.662564701,81.331750137,-157.286106376));
#10799=CARTESIAN_POINT('',(35.685757583,81.332183189,-157.221760503));
#10800=CARTESIAN_POINT('',(35.705484566,81.332614491,-157.156311184));
#10801=CARTESIAN_POINT('',(35.725811603,81.33304715,-157.091138725));
#10802=CARTESIAN_POINT('',(35.742689792,81.33347863,-157.024851311));
#10803=CARTESIAN_POINT('',(35.755968707,81.333908876,-156.957772466));
#10804=CARTESIAN_POINT('',(35.769877682,81.334342362,-156.890949499));
#10805=CARTESIAN_POINT('',(35.780210101,81.334776541,-156.823317811));
#10806=CARTESIAN_POINT('',(35.786818001,81.335212012,-156.755197031));
#10807=CARTESIAN_POINT('',(35.794093265,81.33565455,-156.687299476));
#10808=CARTESIAN_POINT('',(35.79767049,81.336101499,-156.618885803));
#10809=CARTESIAN_POINT('',(35.797402844,81.336553973,-156.550269858));
#10810=CARTESIAN_POINT('',(35.797848645,81.337019223,-156.482119498));
#10811=CARTESIAN_POINT('',(35.794384648,81.337487892,-156.41391929));
#10812=CARTESIAN_POINT('',(35.787164179,81.33795757,-156.346036473));
#10813=CARTESIAN_POINT('',(35.780638982,81.338431014,-156.277942296));
#10814=CARTESIAN_POINT('',(35.770328116,81.338900222,-156.210149166));
#10815=CARTESIAN_POINT('',(35.756388833,81.339363203,-156.143031028));
#10816=CARTESIAN_POINT('',(35.74310764,81.339822831,-156.075685731));
#10817=CARTESIAN_POINT('',(35.726178142,81.340272071,-156.009009486));
#10818=CARTESIAN_POINT('',(35.705762741,81.34070957,-155.943379954));
#10819=CARTESIAN_POINT('',(35.685983586,81.341138495,-155.877518639));
#10820=CARTESIAN_POINT('',(35.662709396,81.341552931,-155.812702661));
#10821=CARTESIAN_POINT('',(35.636107989,81.341952294,-155.749310582));
#10822=CARTESIAN_POINT('',(35.610137153,81.342340168,-155.685684828));
#10823=CARTESIAN_POINT('',(35.58084045,81.342711873,-155.623480788));
#10824=CARTESIAN_POINT('',(35.548390597,81.343067709,-155.563075376));
#10825=CARTESIAN_POINT('',(35.516580258,81.343411791,-155.502429483));
#10826=CARTESIAN_POINT('',(35.481626841,81.343740799,-155.443574409));
#10827=CARTESIAN_POINT('',(35.443706726,81.344056039,-155.386883159));
#10828=CARTESIAN_POINT('',(35.406445975,81.344362292,-155.329932934));
#10829=CARTESIAN_POINT('',(35.366234114,81.34465772,-155.275128897));
#10830=CARTESIAN_POINT('',(35.323249207,81.344944766,-155.222838221));
#10831=CARTESIAN_POINT('',(35.280948471,81.345228987,-155.170252629));
#10832=CARTESIAN_POINT('',(35.235891039,81.345510129,-155.120149524));
#10833=CARTESIAN_POINT('',(35.188253868,81.345791838,-155.072888809));
#10834=CARTESIAN_POINT('',(35.141454073,81.346081677,-155.025402549));
#10835=CARTESIAN_POINT('',(35.091589947,81.346374526,-154.980360717));
#10836=CARTESIAN_POINT('',(35.039061595,81.346666667,-154.937975388));
#10837=CARTESIAN_POINT('',(34.986839849,81.346954386,-154.894886458));
#10838=CARTESIAN_POINT('',(34.931928882,81.347233331,-154.854481881));
#10839=CARTESIAN_POINT('',(34.874738426,81.347501174,-154.816973125));
#10840=CARTESIAN_POINT('',(34.817830585,81.347754546,-154.778799988));
#10841=CARTESIAN_POINT('',(34.758635332,81.347991435,-154.743545803));
#10842=CARTESIAN_POINT('',(34.69756975,81.348210795,-154.7114182));
#10843=CARTESIAN_POINT('',(34.636784815,81.348409481,-154.678654041));
#10844=CARTESIAN_POINT('',(34.574133792,81.348587702,-154.649029565));
#10845=CARTESIAN_POINT('',(34.510038524,81.348745589,-154.622746421));
#10846=CARTESIAN_POINT('',(34.446236187,81.348880133,-154.595836701));
#10847=CARTESIAN_POINT('',(34.381000592,81.348993708,-154.572267995));
#10848=CARTESIAN_POINT('',(34.314755507,81.349087591,-154.552234686));
#10849=CARTESIAN_POINT('',(34.248821383,81.349158916,-154.531563059));
#10850=CARTESIAN_POINT('',(34.181889539,81.349212257,-154.514411274));
#10851=CARTESIAN_POINT('',(34.114382516,81.349250098,-154.500965916));
#10852=CARTESIAN_POINT('',(34.047200746,81.349269805,-154.486847205));
#10853=CARTESIAN_POINT('',(33.979449619,81.349278247,-154.476403897));
#10854=CARTESIAN_POINT('',(33.911546857,81.349279228,-154.469815129));
#10855=CARTESIAN_POINT('',(33.843969129,81.34927044,-154.462495749));
#10856=CARTESIAN_POINT('',(33.776232009,81.349261128,-154.458986205));
#10857=CARTESIAN_POINT('',(33.708744384,81.349256449,-154.459459712));
#10858=CARTESIAN_POINT('',(33.708785278,80.994692839,-154.120283921));
#10859=CARTESIAN_POINT('',(33.629543741,80.994674419,-154.119984546));
#10860=CARTESIAN_POINT('',(33.550219245,80.994657444,-154.124193414));
#10861=CARTESIAN_POINT('',(33.471237183,80.994638453,-154.132729838));
#10862=CARTESIAN_POINT('',(33.391980691,80.994607339,-154.140544949));
#10863=CARTESIAN_POINT('',(33.313050607,80.99456902,-154.152724439));
#10864=CARTESIAN_POINT('',(33.234879974,80.994520954,-154.169083471));
#10865=CARTESIAN_POINT('',(33.156420878,80.994454401,-154.184769338));
#10866=CARTESIAN_POINT('',(33.078717206,80.994374822,-154.204661528));
#10867=CARTESIAN_POINT('',(33.002206364,80.994280642,-154.228569583));
#10868=CARTESIAN_POINT('',(32.925406144,80.994164499,-154.251835876));
#10869=CARTESIAN_POINT('',(32.849800301,80.994032383,-154.279132966));
#10870=CARTESIAN_POINT('',(32.775827511,80.993883653,-154.310264377));
#10871=CARTESIAN_POINT('',(32.701568271,80.993712291,-154.340767477));
#10872=CARTESIAN_POINT('',(32.628943302,80.993524779,-154.375108092));
#10873=CARTESIAN_POINT('',(32.558389755,80.993321376,-154.4130842));
#10874=CARTESIAN_POINT('',(32.487548137,80.993097387,-154.450428894));
#10875=CARTESIAN_POINT('',(32.418773547,80.992859773,-154.491402257));
#10876=CARTESIAN_POINT('',(32.352499118,80.992609698,-154.535797967));
#10877=CARTESIAN_POINT('',(32.285922987,80.992343797,-154.579546345));
#10878=CARTESIAN_POINT('',(32.221832353,80.992069526,-154.626703503));
#10879=CARTESIAN_POINT('',(32.160654181,80.991788975,-154.677060867));
#10880=CARTESIAN_POINT('',(32.099142214,80.991500119,-154.726748323));
#10881=CARTESIAN_POINT('',(32.040513893,80.991210916,-154.779620651));
#10882=CARTESIAN_POINT('',(31.985188332,80.990924351,-154.835469972));
#10883=CARTESIAN_POINT('',(31.929217908,80.990640286,-154.890907106));
#10884=CARTESIAN_POINT('',(31.876275559,80.990359766,-154.949568389));
#10885=CARTESIAN_POINT('',(31.826552963,80.990078981,-155.011049272));
#10886=CARTESIAN_POINT('',(31.776150938,80.989793952,-155.072229317));
#10887=CARTESIAN_POINT('',(31.728983151,80.989503904,-155.136261138));
#10888=CARTESIAN_POINT('',(31.685242692,80.989206068,-155.20273304));
#10889=CARTESIAN_POINT('',(31.640845282,80.988898423,-155.268942139));
#10890=CARTESIAN_POINT('',(31.599889551,80.988580318,-155.337610407));
#10891=CARTESIAN_POINT('',(31.562567214,80.988250004,-155.408320348));
#10892=CARTESIAN_POINT('',(31.524606377,80.987907367,-155.478788174));
#10893=CARTESIAN_POINT('',(31.490288373,80.987551808,-155.551306923));
#10894=CARTESIAN_POINT('',(31.459801549,80.987182513,-155.625455155));
#10895=CARTESIAN_POINT('',(31.428684647,80.986801184,-155.699370156));
#10896=CARTESIAN_POINT('',(31.401400206,80.98640718,-155.77491813));
#10897=CARTESIAN_POINT('',(31.378131945,80.98600053,-155.851675887));
#10898=CARTESIAN_POINT('',(31.354228221,80.985584663,-155.928204091));
#10899=CARTESIAN_POINT('',(31.334331995,80.985158809,-156.005944498));
#10900=CARTESIAN_POINT('',(31.318621816,80.984723751,-156.084474655));
#10901=CARTESIAN_POINT('',(31.302255361,80.984284558,-156.16278117));
#10902=CARTESIAN_POINT('',(31.290055974,80.983840234,-156.241884012));
#10903=CARTESIAN_POINT('',(31.282197265,80.983392214,-156.321364194));
#10904=CARTESIAN_POINT('',(31.273646755,80.982947078,-156.400637071));
#10905=CARTESIAN_POINT('',(31.269409001,80.982503458,-156.480303675));
#10906=CARTESIAN_POINT('',(31.269653832,80.982063252,-156.559951374));
#10907=CARTESIAN_POINT('',(31.269184313,80.981636102,-156.639955742));
#10908=CARTESIAN_POINT('',(31.273141956,80.981215033,-156.719825593));
#10909=CARTESIAN_POINT('',(31.281372273,80.980798422,-156.799187227));
#10910=CARTESIAN_POINT('',(31.288933864,80.980388796,-156.878773758));
#10911=CARTESIAN_POINT('',(31.300794593,80.979980188,-156.957875106));
#10912=CARTESIAN_POINT('',(31.316798159,80.979571585,-157.036112115));
#10913=CARTESIAN_POINT('',(31.332169337,80.979165791,-157.114601284));
#10914=CARTESIAN_POINT('',(31.351704875,80.978757915,-157.192240284));
#10915=CARTESIAN_POINT('',(31.37524552,80.978347663,-157.268646586));
#10916=CARTESIAN_POINT('',(31.398181346,80.977938181,-157.345322194));
#10917=CARTESIAN_POINT('',(31.425137361,80.977525697,-157.420774659));
#10918=CARTESIAN_POINT('',(31.455950983,80.977110644,-157.494620195));
#10919=CARTESIAN_POINT('',(31.486177444,80.976696504,-157.568748395));
#10920=CARTESIAN_POINT('',(31.520270096,80.976280593,-157.641278734));
#10921=CARTESIAN_POINT('',(31.558063334,80.975864027,-157.711828156));
#10922=CARTESIAN_POINT('',(31.595278063,80.975450565,-157.782675764));
#10923=CARTESIAN_POINT('',(31.636196708,80.975038535,-157.851554799));
#10924=CARTESIAN_POINT('',(31.680651565,80.974629652,-157.91808469));
#10925=CARTESIAN_POINT('',(31.724530343,80.974227849,-157.984935709));
#10926=CARTESIAN_POINT('',(31.771945861,80.973832351,-158.049456407));
#10927=CARTESIAN_POINT('',(31.822729838,80.973445329,-158.111270122));
#10928=CARTESIAN_POINT('',(31.872938493,80.973070732,-158.173439575));
#10929=CARTESIAN_POINT('',(31.926516937,80.972708493,-158.232929757));
#10930=CARTESIAN_POINT('',(31.983298382,80.972361027,-158.289368859));
#10931=CARTESIAN_POINT('',(32.039686541,80.972033286,-158.346374101));
#10932=CARTESIAN_POINT('',(32.099066896,80.971724404,-158.400131718));
#10933=CARTESIAN_POINT('',(32.161075886,80.971432728,-158.450490585));
#10934=CARTESIAN_POINT('',(32.222767694,80.971156814,-158.50144169));
#10935=CARTESIAN_POINT('',(32.287119523,80.970894401,-158.548994609));
#10936=CARTESIAN_POINT('',(32.353763397,80.970644328,-158.592995985));
#10937=CARTESIAN_POINT('',(32.42013072,80.970405287,-158.637588037));
#10938=CARTESIAN_POINT('',(32.488813137,80.970176047,-158.6786267));
#10939=CARTESIAN_POINT('',(32.559438879,80.969956098,-158.715958347));
#10940=CARTESIAN_POINT('',(32.629817373,80.969744397,-158.753878248));
#10941=CARTESIAN_POINT('',(32.702155667,80.969540835,-158.788090371));
#10942=CARTESIAN_POINT('',(32.776079307,80.969345621,-158.818442335));
#10943=CARTESIAN_POINT('',(32.849776977,80.969158016,-158.849383813));
#10944=CARTESIAN_POINT('',(32.92507248,80.968979059,-158.876467991));
#10945=CARTESIAN_POINT('',(33.001590125,80.968809676,-158.899544747));
#10946=CARTESIAN_POINT('',(33.077899395,80.96864942,-158.923218993));
#10947=CARTESIAN_POINT('',(33.15544247,80.968500438,-158.942893791));
#10948=CARTESIAN_POINT('',(33.233844114,80.968364328,-158.958421751));
#10949=CARTESIAN_POINT('',(33.312056361,80.968240859,-158.974563311));
#10950=CARTESIAN_POINT('',(33.391141568,80.968133203,-158.986571497));
#10951=CARTESIAN_POINT('',(33.470726793,80.96804351,-158.994301541));
#10952=CARTESIAN_POINT('',(33.550148487,80.967971633,-159.00266909));
#10953=CARTESIAN_POINT('',(33.630091055,80.967921598,-159.0067766));
#10954=CARTESIAN_POINT('',(33.710185712,80.967895915,-159.006481171));
#10955=CARTESIAN_POINT('',(33.790052874,80.967895681,-159.006854618));
#10956=CARTESIAN_POINT('',(33.869900047,80.967923446,-159.002772065));
#10957=CARTESIAN_POINT('',(33.949329342,80.967975963,-158.994390697));
#10958=CARTESIAN_POINT('',(34.028961788,80.968048001,-158.986649146));
#10959=CARTESIAN_POINT('',(34.108190553,80.968139234,-158.974585329));
#10960=CARTESIAN_POINT('',(34.186612758,80.968247078,-158.958359501));
#10961=CARTESIAN_POINT('',(34.265252957,80.968367201,-158.942743422));
#10962=CARTESIAN_POINT('',(34.343093132,80.968499909,-158.922949033));
#10963=CARTESIAN_POINT('',(34.419727722,80.968643459,-158.899140501));
#10964=CARTESIAN_POINT('',(34.49658709,80.968794564,-158.875923308));
#10965=CARTESIAN_POINT('',(34.572244274,80.968954274,-158.84868377));
#10966=CARTESIAN_POINT('',(34.646293225,80.969121778,-158.817590093));
#10967=CARTESIAN_POINT('',(34.720572246,80.969294903,-158.787081384));
#10968=CARTESIAN_POINT('',(34.7932475,80.969475501,-158.752718042));
#10969=CARTESIAN_POINT('',(34.863914441,80.969663739,-158.714671809));
#10970=CARTESIAN_POINT('',(34.934821233,80.969858594,-158.677214733));
#10971=CARTESIAN_POINT('',(35.003729,80.970062747,-158.636080407));
#10972=CARTESIAN_POINT('',(35.070236457,80.970277358,-158.591443043));
#10973=CARTESIAN_POINT('',(35.137003291,80.970502564,-158.547406361));
#10974=CARTESIAN_POINT('',(35.201387153,80.970741863,-158.499875695));
#10975=CARTESIAN_POINT('',(35.26299147,80.970997387,-158.449026072));
#10976=CARTESIAN_POINT('',(35.324888779,80.971270377,-158.398791038));
#10977=CARTESIAN_POINT('',(35.384034445,80.971565076,-158.345245621));
#10978=CARTESIAN_POINT('',(35.440037624,80.971884468,-158.288563421));
#10979=CARTESIAN_POINT('',(35.496629345,80.972224804,-158.232254291));
#10980=CARTESIAN_POINT('',(35.550058856,80.972582601,-158.172900768));
#10981=CARTESIAN_POINT('',(35.60015117,80.97295529,-158.110866399));
#10982=CARTESIAN_POINT('',(35.650808832,80.973340604,-158.049189681));
#10983=CARTESIAN_POINT('',(35.698131224,80.973736986,-157.984806361));
#10984=CARTESIAN_POINT('',(35.741942256,80.974142139,-157.918084468));
#10985=CARTESIAN_POINT('',(35.786320808,80.974554693,-157.851687958));
#10986=CARTESIAN_POINT('',(35.827189748,80.974972953,-157.78293519));
#10987=CARTESIAN_POINT('',(35.864373796,80.975395093,-157.712197667));
#10988=CARTESIAN_POINT('',(35.902129905,80.975820802,-157.64176363));
#10989=CARTESIAN_POINT('',(35.936205982,80.976248396,-157.569332735));
#10990=CARTESIAN_POINT('',(35.966428923,80.976676636,-157.49527851));
#10991=CARTESIAN_POINT('',(35.997234927,80.977106377,-157.421511917));
#10992=CARTESIAN_POINT('',(36.024197924,80.977536028,-157.346112243));
#10993=CARTESIAN_POINT('',(36.047147768,80.977965012,-157.269453289));
#10994=CARTESIAN_POINT('',(36.070700487,80.978395403,-157.193066904));
#10995=CARTESIAN_POINT('',(36.090256406,80.978825746,-157.115410107));
#10996=CARTESIAN_POINT('',(36.105648501,80.979256148,-157.036855009));
#10997=CARTESIAN_POINT('',(36.121672574,80.979689911,-156.958552347));
#10998=CARTESIAN_POINT('',(36.133555061,80.980125699,-156.879334834));
#10999=CARTESIAN_POINT('',(36.141131542,80.980564264,-156.799570849));
#11000=CARTESIAN_POINT('',(36.14937683,80.981010065,-156.720027972));
#11001=CARTESIAN_POINT('',(36.153342464,80.981461787,-156.639912602));
#11002=CARTESIAN_POINT('',(36.152865361,80.981920686,-156.559587427));
#11003=CARTESIAN_POINT('',(36.153102995,80.982393002,-156.479687674));
#11004=CARTESIAN_POINT('',(36.14882815,80.982869793,-156.399802495));
#11005=CARTESIAN_POINT('',(36.140221655,80.983348308,-156.320342751));
#11006=CARTESIAN_POINT('',(36.132308869,80.983830242,-156.240670162));
#11007=CARTESIAN_POINT('',(36.120035292,80.984308699,-156.161405547));
#11008=CARTESIAN_POINT('',(36.103585444,80.984781357,-156.082966568));
#11009=CARTESIAN_POINT('',(36.087791882,80.985250397,-156.004297456));
#11010=CARTESIAN_POINT('',(36.067801812,80.985709541,-155.926447195));
#11011=CARTESIAN_POINT('',(36.043804738,80.986157111,-155.849837328));
#11012=CARTESIAN_POINT('',(36.020441369,80.986595954,-155.772991703));
#11013=CARTESIAN_POINT('',(35.993061262,80.987020561,-155.69738462));
#11014=CARTESIAN_POINT('',(35.961859247,80.987430027,-155.623438723));
#11015=CARTESIAN_POINT('',(35.931284257,80.987827984,-155.549254767));
#11016=CARTESIAN_POINT('',(35.896888007,80.988209797,-155.476729747));
#11017=CARTESIAN_POINT('',(35.858870216,80.988575447,-155.406284866));
#11018=CARTESIAN_POINT('',(35.821487358,80.988929453,-155.335595342));
#11019=CARTESIAN_POINT('',(35.780492386,80.989268171,-155.266978506));
#11020=CARTESIAN_POINT('',(35.736088753,80.98959258,-155.200851862));
#11021=CARTESIAN_POINT('',(35.692339079,80.989908211,-155.134462921));
#11022=CARTESIAN_POINT('',(35.645195916,80.990212526,-155.070547292));
#11023=CARTESIAN_POINT('',(35.594864559,80.990507623,-155.009516831));
#11024=CARTESIAN_POINT('',(35.545211621,80.990800148,-154.948189535));
#11025=CARTESIAN_POINT('',(35.492386832,80.991088766,-154.889717624));
#11026=CARTESIAN_POINT('',(35.43659463,80.991376753,-154.834505828));
#11027=CARTESIAN_POINT('',(35.381618951,80.991673227,-154.779053207));
#11028=CARTESIAN_POINT('',(35.323179141,80.991970132,-154.726461485));
#11029=CARTESIAN_POINT('',(35.261724625,80.992264076,-154.676962694));
#11030=CARTESIAN_POINT('',(35.200574938,80.992553233,-154.626765429));
#11031=CARTESIAN_POINT('',(35.136385454,80.992831513,-154.579687867));
#11032=CARTESIAN_POINT('',(35.069614993,80.993096891,-154.535961562));
#11033=CARTESIAN_POINT('',(35.003124921,80.993347623,-154.491574609));
#11034=CARTESIAN_POINT('',(34.934045477,80.993580183,-154.45056129));
#11035=CARTESIAN_POINT('',(34.862842687,80.993793811,-154.413149507));
#11036=CARTESIAN_POINT('',(34.791917426,80.993986737,-154.375104062));
#11037=CARTESIAN_POINT('',(34.718872374,80.99415788,-154.340672901));
#11038=CARTESIAN_POINT('',(34.644178246,80.994307645,-154.31007816));
#11039=CARTESIAN_POINT('',(34.569772832,80.994434148,-154.27885953));
#11040=CARTESIAN_POINT('',(34.493728578,80.994538698,-154.251477081));
#11041=CARTESIAN_POINT('',(34.416518131,80.994622833,-154.228145896));
#11042=CARTESIAN_POINT('',(34.339613343,80.994684555,-154.204179526));
#11043=CARTESIAN_POINT('',(34.261553468,80.994727592,-154.184249376));
#11044=CARTESIAN_POINT('',(34.182810009,80.994754669,-154.168562945));
#11045=CARTESIAN_POINT('',(34.104385675,80.994763754,-154.152207368));
#11046=CARTESIAN_POINT('',(34.025283181,80.994761083,-154.140065394));
#11047=CARTESIAN_POINT('',(33.94596939,80.994750666,-154.132337253));
#11048=CARTESIAN_POINT('',(33.866974226,80.994730525,-154.123884322));
#11049=CARTESIAN_POINT('',(33.78776008,80.994709475,-154.119801736));
#11050=CARTESIAN_POINT('',(33.708785278,80.994692839,-154.120283921));
#11051=B_SPLINE_SURFACE_WITH_KNOTS('',1,3,((#10665,#10666,#10667,#10668,#10669,#10670,#10671,#10672,#10673,#10674,#10675,#10676,#10677,#10678,#10679,#10680,#10681,#10682,#10683,#10684,#10685,#10686,#10687,#10688,#10689,#10690,
#10691,#10692,#10693,#10694,#10695,#10696,#10697,#10698,#10699,#10700,#10701,#10702,#10703,#10704,#10705,#10706,#10707,#10708,#10709,#10710,#10711,#10712,#10713,#10714,#10715,
#10716,#10717,#10718,#10719,#10720,#10721,#10722,#10723,#10724,#10725,#10726,#10727,#10728,#10729,#10730,#10731,#10732,#10733,#10734,#10735,#10736,#10737,#10738,#10739,#10740,
#10741,#10742,#10743,#10744,#10745,#10746,#10747,#10748,#10749,#10750,#10751,#10752,#10753,#10754,#10755,#10756,#10757,#10758,#10759,#10760,#10761,#10762,#10763,#10764,#10765,
#10766,#10767,#10768,#10769,#10770,#10771,#10772,#10773,#10774,#10775,#10776,#10777,#10778,#10779,#10780,#10781,#10782,#10783,#10784,#10785,#10786,#10787,#10788,#10789,#10790,
#10791,#10792,#10793,#10794,#10795,#10796,#10797,#10798,#10799,#10800,#10801,#10802,#10803,#10804,#10805,#10806,#10807,#10808,#10809,#10810,#10811,#10812,#10813,#10814,#10815,
#10816,#10817,#10818,#10819,#10820,#10821,#10822,#10823,#10824,#10825,#10826,#10827,#10828,#10829,#10830,#10831,#10832,#10833,#10834,#10835,#10836,#10837,#10838,#10839,#10840,
#10841,#10842,#10843,#10844,#10845,#10846,#10847,#10848,#10849,#10850,#10851,#10852,#10853,#10854,#10855,#10856,#10857),(#10858,#10859,#10860,#10861,#10862,#10863,#10864,#10865,#10866,#10867,#10868,#10869,#10870,#10871,#10872,#10873,#10874,#10875,#10876,#10877,#10878,#10879,#10880,#10881,#10882,#10883,
#10884,#10885,#10886,#10887,#10888,#10889,#10890,#10891,#10892,#10893,#10894,#10895,#10896,#10897,#10898,#10899,#10900,#10901,#10902,#10903,#10904,#10905,#10906,#10907,#10908,
#10909,#10910,#10911,#10912,#10913,#10914,#10915,#10916,#10917,#10918,#10919,#10920,#10921,#10922,#10923,#10924,#10925,#10926,#10927,#10928,#10929,#10930,#10931,#10932,#10933,
#10934,#10935,#10936,#10937,#10938,#10939,#10940,#10941,#10942,#10943,#10944,#10945,#10946,#10947,#10948,#10949,#10950,#10951,#10952,#10953,#10954,#10955,#10956,#10957,#10958,
#10959,#10960,#10961,#10962,#10963,#10964,#10965,#10966,#10967,#10968,#10969,#10970,#10971,#10972,#10973,#10974,#10975,#10976,#10977,#10978,#10979,#10980,#10981,#10982,#10983,
#10984,#10985,#10986,#10987,#10988,#10989,#10990,#10991,#10992,#10993,#10994,#10995,#10996,#10997,#10998,#10999,#11000,#11001,#11002,#11003,#11004,#11005,#11006,#11007,#11008,
#11009,#11010,#11011,#11012,#11013,#11014,#11015,#11016,#11017,#11018,#11019,#11020,#11021,#11022,#11023,#11024,#11025,#11026,#11027,#11028,#11029,#11030,#11031,#11032,#11033,
#11034,#11035,#11036,#11037,#11038,#11039,#11040,#11041,#11042,#11043,#11044,#11045,#11046,#11047,#11048,#11049,#11050)),.UNSPECIFIED.,.F.,.T.,.U.,(2,2),(4,3,3,3,3,3,3,3,3,3,3,3,3,3,3,3,3,3,3,3,3,3,3,3,3,3,
3,3,3,3,3,3,3,3,3,3,3,3,3,3,3,3,3,3,3,3,3,3,3,3,3,
3,3,3,3,3,3,3,3,3,3,3,3,3,4),(0.389036871,0.610813211),(0.000035196,0.015660196,0.031285196,0.046910196,0.062535196,0.078160196,0.093785196,0.109410196,0.125035196,0.140660196,0.156285196,0.171910196,0.187535196,0.203160196,0.218785196,0.234410196,0.250035196,0.265660196,0.281285196,0.296910196,0.312535196,0.328160196,0.343785196,0.359410196,0.375035196,0.390660196,
0.406285196,0.421910196,0.437535196,0.453160196,0.468785196,0.484410196,0.500035196,0.515660196,0.531285196,0.546910196,0.562535196,0.578160196,0.593785196,0.609410196,0.625035196,0.640660196,0.656285196,0.671910196,0.687535196,0.703160196,0.718785196,0.734410196,0.750035196,0.765660196,0.781285196,
0.796910196,0.812535196,0.828160196,0.843785196,0.859410196,0.875035196,0.890660196,0.906285196,0.921910196,0.937535196,0.953160196,0.968785196,0.984410196,1.000035196),.UNSPECIFIED.);
#11052=CARTESIAN_POINT('',(33.708785264,80.994812557,-154.120398443));
#11053=CARTESIAN_POINT('',(33.70874443,81.348863031,-154.459083368));
#11054=B_SPLINE_CURVE_WITH_KNOTS('',1,(#11052,#11053),.UNSPECIFIED.,.F.,.F.,(2,2),(0.399261672,0.620717049),.UNSPECIFIED.);
#11055=EDGE_CURVE('',#3697,#10368,#11054,.T.);
#11056=ORIENTED_EDGE('',*,*,#11055,.T.);
#11057=ORIENTED_EDGE('',*,*,#10464,.F.);
#11058=ORIENTED_EDGE('',*,*,#10660,.F.);
#11059=ORIENTED_EDGE('',*,*,#10563,.F.);
#11060=ORIENTED_EDGE('',*,*,#11055,.F.);
#11061=ORIENTED_EDGE('',*,*,#3796,.F.);
#11062=ORIENTED_EDGE('',*,*,#3896,.F.);
#11063=EDGE_LOOP('',(#11056,#11057,#11058,#11059,#11060,#11061,#11062));
#11064=FACE_BOUND('',#11063,.T.);
#11065=ADVANCED_FACE('',(#11064),#11051,.T.);
#11066=CARTESIAN_POINT('',(26.87505318,78.584659755,-143.218247252));
#11067=DIRECTION('',(0.999999286,0.001193622,0.000052749));
#11068=DIRECTION('',(-0.001193622,0.999999288,-0.));
#11069=AXIS2_PLACEMENT_3D('',#11066,#11067,#11068);
#11070=PLANE('',#11069);
#11071=CARTESIAN_POINT('',(26.872313455,80.994690844,-145.814376551));
#11072=DIRECTION('',(-0.001194787,0.999024214,0.044149655));
#11073=VECTOR('',#11072,6.706935524);
#11074=LINE('',#11071,#11073);
#11075=EDGE_CURVE('',#4040,#2965,#11074,.T.);
#11076=ORIENTED_EDGE('',*,*,#11075,.T.);
#11077=ORIENTED_EDGE('',*,*,#2970,.F.);
#11078=CARTESIAN_POINT('',(26.872033421,80.990433231,-140.409294174));
#11079=DIRECTION('',(-0.001194787,0.999024214,0.044149655));
#11080=VECTOR('',#11079,6.472556127);
#11081=LINE('',#11078,#11080);
#11082=EDGE_CURVE('',#4052,#2957,#11081,.T.);
#11083=ORIENTED_EDGE('',*,*,#11082,.F.);
#11084=ORIENTED_EDGE('',*,*,#4058,.F.);
#11085=EDGE_LOOP('',(#11076,#11077,#11083,#11084));
#11086=FACE_BOUND('',#11085,.T.);
#11087=ADVANCED_FACE('',(#11086),#11070,.T.);
#11088=CARTESIAN_POINT('',(33.72504829,78.473631916,-140.520518615));
#11089=DIRECTION('',(0.,0.044149686,-0.999024927));
#11090=DIRECTION('',(0.,0.999024927,0.044149686));
#11091=AXIS2_PLACEMENT_3D('',#11088,#11089,#11090);
#11092=PLANE('',#11091);
#11093=ORIENTED_EDGE('',*,*,#11082,.T.);
#11094=ORIENTED_EDGE('',*,*,#2962,.F.);
#11095=CARTESIAN_POINT('',(40.571956014,81.063333791,-140.406072496));
#11096=DIRECTION('',(-0.001194787,0.999024214,0.044149655));
#11097=VECTOR('',#11096,6.415952962);
#11098=LINE('',#11095,#11097);
#11099=EDGE_CURVE('',#4061,#2955,#11098,.T.);
#11100=ORIENTED_EDGE('',*,*,#11099,.F.);
#11101=ORIENTED_EDGE('',*,*,#4073,.F.);
#11102=EDGE_LOOP('',(#11093,#11094,#11100,#11101));
#11103=FACE_BOUND('',#11102,.T.);
#11104=ADVANCED_FACE('',(#11103),#11092,.T.);
#11105=CARTESIAN_POINT('',(40.575043401,78.601012383,-143.217524584));
#11106=DIRECTION('',(-0.999999286,-0.001193622,-0.000052749));
#11107=DIRECTION('',(0.001193622,-0.999999288,0.));
#11108=AXIS2_PLACEMENT_3D('',#11105,#11106,#11107);
#11109=PLANE('',#11108);
#11110=ORIENTED_EDGE('',*,*,#11099,.T.);
#11111=ORIENTED_EDGE('',*,*,#2984,.F.);
#11112=CARTESIAN_POINT('',(40.572292321,81.020538047,-145.813234291));
#11113=DIRECTION('',(-0.001194787,0.999024214,0.044149655));
#11114=VECTOR('',#11113,6.697431675);
#11115=LINE('',#11112,#11114);
#11116=EDGE_CURVE('',#4038,#2973,#11115,.T.);
#11117=ORIENTED_EDGE('',*,*,#11116,.F.);
#11118=ORIENTED_EDGE('',*,*,#4080,.F.);
#11119=EDGE_LOOP('',(#11110,#11111,#11117,#11118));
#11120=FACE_BOUND('',#11119,.T.);
#11121=ADVANCED_FACE('',(#11120),#11109,.T.);
#11122=CARTESIAN_POINT('',(33.72504829,78.712040222,-145.915253222));
#11123=DIRECTION('',(-0.,-0.044149686,0.999024927));
#11124=DIRECTION('',(0.,-0.999024927,-0.044149686));
#11125=AXIS2_PLACEMENT_3D('',#11122,#11123,#11124);
#11126=PLANE('',#11125);
#11127=ORIENTED_EDGE('',*,*,#11116,.T.);
#11128=ORIENTED_EDGE('',*,*,#2978,.F.);
#11129=ORIENTED_EDGE('',*,*,#11075,.F.);
#11130=ORIENTED_EDGE('',*,*,#4049,.F.);
#11131=EDGE_LOOP('',(#11127,#11128,#11129,#11130));
#11132=FACE_BOUND('',#11131,.T.);
#11133=ADVANCED_FACE('',(#11132),#11126,.T.);
#11134=CARTESIAN_POINT('',(-1.706401566,52.212728229,-135.015));
#11135=DIRECTION('',(0.,0.,1.));
#11136=DIRECTION('',(1.,0.,-0.));
#11137=AXIS2_PLACEMENT_3D('',#11134,#11135,#11136);
#11138=CYLINDRICAL_SURFACE('',#11137,19.436900567);
#11139=ORIENTED_EDGE('',*,*,#1786,.T.);
#11140=ORIENTED_EDGE('',*,*,#1646,.F.);
#11141=CARTESIAN_POINT('',(17.730479832,52.240026492,-131.985));
#11142=VERTEX_POINT('',#11141);
#11143=CARTESIAN_POINT('',(17.730479832,52.240026492,-135.015));
#11144=DIRECTION('',(0.,0.,1.));
#11145=VECTOR('',#11144,3.03);
#11146=LINE('',#11143,#11145);
#11147=EDGE_CURVE('',#1638,#11142,#11146,.T.);
#11148=ORIENTED_EDGE('',*,*,#11147,.T.);
#11149=CARTESIAN_POINT('',(4.370842404,70.675128111,-131.985));
#11150=VERTEX_POINT('',#11149);
#11151=CARTESIAN_POINT('',(-1.706401566,52.212728229,-131.985));
#11152=DIRECTION('',(0.,0.,1.));
#11153=DIRECTION('',(1.,0.,-0.));
#11154=AXIS2_PLACEMENT_3D('',#11151,#11152,#11153);
#11155=CIRCLE('',#11154,19.436900567);
#11156=EDGE_CURVE('',#11142,#11150,#11155,.T.);
#11157=ORIENTED_EDGE('',*,*,#11156,.T.);
#11158=CARTESIAN_POINT('',(4.370842404,70.675128111,-131.985));
#11159=CARTESIAN_POINT('',(4.218361192,70.725320152,-131.994891588));
#11160=CARTESIAN_POINT('',(4.065456869,70.773558392,-131.99942989));
#11161=CARTESIAN_POINT('',(3.912102708,70.819864317,-131.999949895));
#11162=B_SPLINE_CURVE_WITH_KNOTS('',3,(#11158,#11159,#11160,#11161),.UNSPECIFIED.,.F.,.F.,(4,4),(0.,0.000480341),.UNSPECIFIED.);
#11163=EDGE_CURVE('',#11150,#1781,#11162,.T.);
#11164=ORIENTED_EDGE('',*,*,#11163,.T.);
#11165=EDGE_LOOP('',(#11139,#11140,#11148,#11157,#11164));
#11166=FACE_BOUND('',#11165,.T.);
#11167=ADVANCED_FACE('',(#11166),#11138,.F.);
#11168=CARTESIAN_POINT('',(-0.258931979,13.148131149,-135.015));
#11169=DIRECTION('',(0.,0.,1.));
#11170=DIRECTION('',(1.,0.,-0.));
#11171=AXIS2_PLACEMENT_3D('',#11168,#11169,#11170);
#11172=CYLINDRICAL_SURFACE('',#11171,62.58472037);
#11173=CARTESIAN_POINT('',(51.147672982,48.844184014,-131.985));
#11174=VERTEX_POINT('',#11173);
#11175=CARTESIAN_POINT('',(-0.258931979,13.148131149,-131.985));
#11176=DIRECTION('',(0.,-0.,1.));
#11177=DIRECTION('',(0.925861032,0.377864194,0.));
#11178=AXIS2_PLACEMENT_3D('',#11175,#11176,#11177);
#11179=CIRCLE('',#11178,62.58472037);
#11180=EDGE_CURVE('',#11174,#10266,#11179,.T.);
#11181=ORIENTED_EDGE('',*,*,#11180,.F.);
#11182=CARTESIAN_POINT('',(51.147672982,48.844184014,-131.985));
#11183=CARTESIAN_POINT('',(50.999206625,49.057993406,-131.994918394));
#11184=CARTESIAN_POINT('',(50.849359235,49.270944562,-132.));
#11185=CARTESIAN_POINT('',(50.698125189,49.483039274,-132.));
#11186=B_SPLINE_CURVE_WITH_KNOTS('',3,(#11182,#11183,#11184,#11185),.UNSPECIFIED.,.F.,.F.,(4,4),(0.,0.000781316),.UNSPECIFIED.);
#11187=EDGE_CURVE('',#11174,#4550,#11186,.T.);
#11188=ORIENTED_EDGE('',*,*,#11187,.T.);
#11189=ORIENTED_EDGE('',*,*,#4556,.F.);
#11190=ORIENTED_EDGE('',*,*,#10277,.T.);
#11191=EDGE_LOOP('',(#11181,#11188,#11189,#11190));
#11192=FACE_BOUND('',#11191,.T.);
#11193=ADVANCED_FACE('',(#11192),#11172,.T.);
#11194=CARTESIAN_POINT('',(17.728530264,53.62815571,-135.015));
#11195=DIRECTION('',(-0.999999014,-0.001404456,0.));
#11196=DIRECTION('',(0.001404456,-0.999999014,0.));
#11197=AXIS2_PLACEMENT_3D('',#11194,#11195,#11196);
#11198=PLANE('',#11197);
#11199=ORIENTED_EDGE('',*,*,#11147,.F.);
#11200=ORIENTED_EDGE('',*,*,#1720,.T.);
#11201=CARTESIAN_POINT('',(17.755878275,34.155853206,-131.985));
#11202=VERTEX_POINT('',#11201);
#11203=CARTESIAN_POINT('',(17.755878275,34.155853206,-135.015));
#11204=DIRECTION('',(0.,0.,1.));
#11205=VECTOR('',#11204,3.03);
#11206=LINE('',#11203,#11205);
#11207=EDGE_CURVE('',#1708,#11202,#11206,.T.);
#11208=ORIENTED_EDGE('',*,*,#11207,.T.);
#11209=CARTESIAN_POINT('',(17.730479832,52.240026492,-131.985));
#11210=DIRECTION('',(0.001404456,-0.999999014,0.));
#11211=VECTOR('',#11210,18.084191122);
#11212=LINE('',#11209,#11211);
#11213=EDGE_CURVE('',#11142,#11202,#11212,.T.);
#11214=ORIENTED_EDGE('',*,*,#11213,.F.);
#11215=EDGE_LOOP('',(#11199,#11200,#11208,#11214));
#11216=FACE_BOUND('',#11215,.T.);
#11217=ADVANCED_FACE('',(#11216),#11198,.T.);
#11218=CARTESIAN_POINT('',(49.667858389,12.851754533,-135.015));
#11219=DIRECTION('',(0.,0.,1.));
#11220=DIRECTION('',(1.,0.,-0.));
#11221=AXIS2_PLACEMENT_3D('',#11218,#11219,#11220);
#11222=CYLINDRICAL_SURFACE('',#11221,8.083398826);
#11223=ORIENTED_EDGE('',*,*,#1697,.F.);
#11224=CARTESIAN_POINT('',(57.729436681,13.445296462,-135.015));
#11225=CARTESIAN_POINT('',(57.717040189,13.61366754,-134.988592597));
#11226=CARTESIAN_POINT('',(57.699609233,13.778243286,-134.95052269));
#11227=CARTESIAN_POINT('',(57.677908894,13.938229336,-134.897581535));
#11228=CARTESIAN_POINT('',(57.656208555,14.098215386,-134.84464038));
#11229=CARTESIAN_POINT('',(57.629967707,14.254319232,-134.776384334));
#11230=CARTESIAN_POINT('',(57.602247564,14.396683334,-134.688631883));
#11231=CARTESIAN_POINT('',(57.574527422,14.539047435,-134.600879431));
#11232=CARTESIAN_POINT('',(57.544458043,14.671419097,-134.491449412));
#11233=CARTESIAN_POINT('',(57.519933523,14.771716165,-134.355204601));
#11234=CARTESIAN_POINT('',(57.507671264,14.821864699,-134.287082195));
#11235=CARTESIAN_POINT('',(57.496917495,14.863734948,-134.212001445));
#11236=CARTESIAN_POINT('',(57.489369506,14.892661299,-134.132097365));
#11237=CARTESIAN_POINT('',(57.481821518,14.92158765,-134.052193285));
#11238=CARTESIAN_POINT('',(57.477489591,14.937658912,-133.966504536));
#11239=CARTESIAN_POINT('',(57.477489591,14.937658912,-133.880091363));
#11240=B_SPLINE_CURVE_WITH_KNOTS('',3,(#11224,#11225,#11226,#11227,#11228,#11229,#11230,#11231,#11232,#11233,#11234,#11235,#11236,#11237,#11238,#11239),.UNSPECIFIED.,.F.,.F.,(4,3,3,3,3,4),(0.,0.000509007,0.001018014,0.00152702,0.001781524,0.002036027),.UNSPECIFIED.);
#11241=EDGE_CURVE('',#1682,#10153,#11240,.T.);
#11242=ORIENTED_EDGE('',*,*,#11241,.T.);
#11243=ORIENTED_EDGE('',*,*,#10158,.F.);
#11244=CARTESIAN_POINT('',(51.212118744,20.786273834,-131.985));
#11245=VERTEX_POINT('',#11244);
#11246=CARTESIAN_POINT('',(57.477489591,14.937658912,-125.3));
#11247=CARTESIAN_POINT('',(57.477489591,14.937658912,-125.425450872));
#11248=CARTESIAN_POINT('',(57.47394686,14.951032991,-125.548244308));
#11249=CARTESIAN_POINT('',(57.46724461,14.975645106,-125.668795417));
#11250=CARTESIAN_POINT('',(57.460542359,15.000257221,-125.789346526));
#11251=CARTESIAN_POINT('',(57.450608169,15.036304736,-125.908293905));
#11252=CARTESIAN_POINT('',(57.437922989,15.080528342,-126.024053971));
#11253=CARTESIAN_POINT('',(57.412552629,15.168975556,-126.255574104));
#11254=CARTESIAN_POINT('',(57.377170704,15.28621307,-126.469513701));
#11255=CARTESIAN_POINT('',(57.33375273,15.416008915,-126.675136568));
#11256=CARTESIAN_POINT('',(57.290334757,15.54580476,-126.880759435));
#11257=CARTESIAN_POINT('',(57.238572499,15.689114893,-127.077946215));
#11258=CARTESIAN_POINT('',(57.180241452,15.835952467,-127.266807843));
#11259=CARTESIAN_POINT('',(57.121910405,15.98279004,-127.45566947));
#11260=CARTESIAN_POINT('',(57.056746068,16.134179229,-127.637259808));
#11261=CARTESIAN_POINT('',(56.984822972,16.287357229,-127.814060448));
#11262=CARTESIAN_POINT('',(56.840976779,16.593713228,-128.167661727));
#11263=CARTESIAN_POINT('',(56.670265395,16.906970456,-128.502409693));
#11264=CARTESIAN_POINT('',(56.470204429,17.218609801,-128.824668925));
#11265=CARTESIAN_POINT('',(56.270143464,17.530249146,-129.146928157));
#11266=CARTESIAN_POINT('',(56.038939325,17.842366494,-129.457779016));
#11267=CARTESIAN_POINT('',(55.780898886,18.140617593,-129.74771607));
#11268=CARTESIAN_POINT('',(55.522858446,18.438868692,-130.037653124));
#11269=CARTESIAN_POINT('',(55.237148178,18.725347738,-130.3086887));
#11270=CARTESIAN_POINT('',(54.919322221,18.996953,-130.559072644));
#11271=CARTESIAN_POINT('',(54.760409243,19.132755631,-130.684264616));
#11272=CARTESIAN_POINT('',(54.593412692,19.264833471,-130.804238373));
#11273=CARTESIAN_POINT('',(54.417354108,19.392673963,-130.918427887));
#11274=CARTESIAN_POINT('',(54.241295525,19.520514455,-131.032617401));
#11275=CARTESIAN_POINT('',(54.054947806,19.644830799,-131.14162383));
#11276=CARTESIAN_POINT('',(53.861694152,19.762114739,-131.24215004));
#11277=CARTESIAN_POINT('',(53.475186843,19.99668262,-131.443202462));
#11278=CARTESIAN_POINT('',(53.062213464,20.203453872,-131.610942113));
#11279=CARTESIAN_POINT('',(52.617850955,20.377635242,-131.738701417));
#11280=CARTESIAN_POINT('',(52.3956697,20.464725927,-131.802581068));
#11281=CARTESIAN_POINT('',(52.164578694,20.543793092,-131.856428417));
#11282=CARTESIAN_POINT('',(51.929940331,20.612187631,-131.897849037));
#11283=CARTESIAN_POINT('',(51.695301967,20.680582171,-131.939269657));
#11284=CARTESIAN_POINT('',(51.456124401,20.738784093,-131.968652251));
#11285=CARTESIAN_POINT('',(51.212118744,20.786273834,-131.985));
#11286=B_SPLINE_CURVE_WITH_KNOTS('',3,(#11246,#11247,#11248,#11249,#11250,#11251,#11252,#11253,#11254,#11255,#11256,#11257,#11258,#11259,#11260,#11261,#11262,#11263,#11264,#11265,#11266,#11267,#11268,#11269,#11270,#11271,
#11272,#11273,#11274,#11275,#11276,#11277,#11278,#11279,#11280,#11281,#11282,#11283,#11284,#11285),.UNSPECIFIED.,.F.,.F.,(4,3,3,3,3,3,3,3,3,3,3,3,3,4),(0.,0.000369596,0.000739192,0.001478384,0.002217575,0.002956767,0.004435151,0.005913535,0.007391918,0.00813111,0.008870302,0.010348686,0.011087877,0.011827069),.UNSPECIFIED.);
#11287=EDGE_CURVE('',#10145,#11245,#11286,.T.);
#11288=ORIENTED_EDGE('',*,*,#11287,.T.);
#11289=CARTESIAN_POINT('',(51.194387189,20.789704294,-131.985));
#11290=VERTEX_POINT('',#11289);
#11291=CARTESIAN_POINT('',(49.667858389,12.851754533,-131.985));
#11292=DIRECTION('',(0.,-0.,1.));
#11293=DIRECTION('',(0.998586801,0.053145101,0.));
#11294=AXIS2_PLACEMENT_3D('',#11291,#11292,#11293);
#11295=CIRCLE('',#11294,8.083398826);
#11296=EDGE_CURVE('',#11245,#11290,#11295,.T.);
#11297=ORIENTED_EDGE('',*,*,#11296,.T.);
#11298=CARTESIAN_POINT('',(51.194387189,20.789704294,-135.015));
#11299=DIRECTION('',(0.,0.,1.));
#11300=VECTOR('',#11299,3.03);
#11301=LINE('',#11298,#11300);
#11302=EDGE_CURVE('',#1691,#11290,#11301,.T.);
#11303=ORIENTED_EDGE('',*,*,#11302,.F.);
#11304=EDGE_LOOP('',(#11223,#11242,#11243,#11288,#11297,#11303));
#11305=FACE_BOUND('',#11304,.T.);
#11306=ADVANCED_FACE('',(#11305),#11222,.F.);
#11307=CARTESIAN_POINT('',(-0.315612811,-0.420295706,-131.985));
#11308=DIRECTION('',(0.,0.,1.));
#11309=DIRECTION('',(0.,-1.,0.));
#11310=AXIS2_PLACEMENT_3D('',#11307,#11308,#11309);
#11311=PLANE('',#11310);
#11312=CARTESIAN_POINT('',(24.289546852,70.696916258,-131.985));
#11313=DIRECTION('',(-0.999999402,-0.001093853,-0.));
#11314=VECTOR('',#11313,19.918716364);
#11315=LINE('',#11312,#11314);
#11316=EDGE_CURVE('',#10257,#11150,#11315,.T.);
#11317=ORIENTED_EDGE('',*,*,#11316,.T.);
#11318=ORIENTED_EDGE('',*,*,#11156,.F.);
#11319=ORIENTED_EDGE('',*,*,#11213,.T.);
#11320=CARTESIAN_POINT('',(24.934387189,25.839704294,-131.985));
#11321=VERTEX_POINT('',#11320);
#11322=CARTESIAN_POINT('',(28.815872799,36.446529817,-131.985));
#11323=DIRECTION('',(0.,0.,1.));
#11324=DIRECTION('',(-0.979218207,-0.202809526,0.));
#11325=AXIS2_PLACEMENT_3D('',#11322,#11323,#11324);
#11326=CIRCLE('',#11325,11.294719042);
#11327=EDGE_CURVE('',#11202,#11321,#11326,.T.);
#11328=ORIENTED_EDGE('',*,*,#11327,.T.);
#11329=CARTESIAN_POINT('',(24.934387189,25.839704294,-131.985));
#11330=DIRECTION('',(0.982006447,-0.188847394,0.));
#11331=VECTOR('',#11330,26.741168636);
#11332=LINE('',#11329,#11331);
#11333=EDGE_CURVE('',#11321,#11290,#11332,.T.);
#11334=ORIENTED_EDGE('',*,*,#11333,.T.);
#11335=ORIENTED_EDGE('',*,*,#11296,.F.);
#11336=CARTESIAN_POINT('',(51.212118744,20.786273834,-131.985));
#11337=DIRECTION('',(-0.002296878,0.999997362,-0.));
#11338=VECTOR('',#11337,28.057984192);
#11339=LINE('',#11336,#11338);
#11340=EDGE_CURVE('',#11245,#11174,#11339,.T.);
#11341=ORIENTED_EDGE('',*,*,#11340,.T.);
#11342=ORIENTED_EDGE('',*,*,#11180,.T.);
#11343=ORIENTED_EDGE('',*,*,#10271,.T.);
#11344=EDGE_LOOP('',(#11317,#11318,#11319,#11328,#11334,#11335,#11341,#11342,#11343));
#11345=FACE_BOUND('',#11344,.T.);
#11346=ADVANCED_FACE('',(#11345),#11311,.T.);
#11347=CARTESIAN_POINT('',(28.815872799,36.446529817,-135.015));
#11348=DIRECTION('',(0.,0.,1.));
#11349=DIRECTION('',(1.,0.,-0.));
#11350=AXIS2_PLACEMENT_3D('',#11347,#11348,#11349);
#11351=CYLINDRICAL_SURFACE('',#11350,11.294719042);
#11352=ORIENTED_EDGE('',*,*,#11327,.F.);
#11353=ORIENTED_EDGE('',*,*,#11207,.F.);
#11354=ORIENTED_EDGE('',*,*,#1714,.T.);
#11355=CARTESIAN_POINT('',(24.934387189,25.839704294,-135.015));
#11356=DIRECTION('',(0.,0.,1.));
#11357=VECTOR('',#11356,3.03);
#11358=LINE('',#11355,#11357);
#11359=EDGE_CURVE('',#1700,#11321,#11358,.T.);
#11360=ORIENTED_EDGE('',*,*,#11359,.T.);
#11361=EDGE_LOOP('',(#11352,#11353,#11354,#11360));
#11362=FACE_BOUND('',#11361,.T.);
#11363=ADVANCED_FACE('',(#11362),#11351,.T.);
#11364=CARTESIAN_POINT('',(38.064387189,23.314704294,-135.015));
#11365=DIRECTION('',(-0.188847394,-0.982006447,0.));
#11366=DIRECTION('',(0.982006447,-0.188847394,0.));
#11367=AXIS2_PLACEMENT_3D('',#11364,#11365,#11366);
#11368=PLANE('',#11367);
#11369=ORIENTED_EDGE('',*,*,#11333,.F.);
#11370=ORIENTED_EDGE('',*,*,#11359,.F.);
#11371=ORIENTED_EDGE('',*,*,#1705,.T.);
#11372=ORIENTED_EDGE('',*,*,#11302,.T.);
#11373=EDGE_LOOP('',(#11369,#11370,#11371,#11372));
#11374=FACE_BOUND('',#11373,.T.);
#11375=ADVANCED_FACE('',(#11374),#11368,.T.);
#11376=CARTESIAN_POINT('',(-0.023757678,70.824512593,-131.2));
#11377=DIRECTION('',(0.999999402,0.001093853,0.));
#11378=DIRECTION('',(-0.001093853,0.999999402,0.));
#11379=AXIS2_PLACEMENT_3D('',#11376,#11377,#11378);
#11380=CYLINDRICAL_SURFACE('',#11379,0.8);
#11381=ORIENTED_EDGE('',*,*,#8760,.F.);
#11382=ORIENTED_EDGE('',*,*,#1831,.F.);
#11383=ORIENTED_EDGE('',*,*,#1793,.T.);
#11384=ORIENTED_EDGE('',*,*,#11163,.F.);
#11385=ORIENTED_EDGE('',*,*,#11316,.F.);
#11386=ORIENTED_EDGE('',*,*,#10263,.F.);
#11387=ORIENTED_EDGE('',*,*,#2705,.F.);
#11388=EDGE_LOOP('',(#11381,#11382,#11383,#11384,#11385,#11386,#11387));
#11389=FACE_BOUND('',#11388,.T.);
#11390=ADVANCED_FACE('',(#11389),#11380,.T.);
#11391=CARTESIAN_POINT('',(57.494014487,-0.420295706,-135.015));
#11392=DIRECTION('',(-0.707106781,0.,-0.707106781));
#11393=DIRECTION('',(0.,1.,0.));
#11394=AXIS2_PLACEMENT_3D('',#11391,#11392,#11393);
#11395=PLANE('',#11394);
#11396=CARTESIAN_POINT('',(58.320212865,-7.660114622,-135.841198379));
#11397=DIRECTION('',(-0.002296872,0.999994724,0.002296872));
#11398=VECTOR('',#11397,36.88807557);
#11399=LINE('',#11396,#11398);
#11400=EDGE_CURVE('',#8844,#1554,#11399,.T.);
#11401=ORIENTED_EDGE('',*,*,#11400,.T.);
#11402=ORIENTED_EDGE('',*,*,#1590,.T.);
#11403=ORIENTED_EDGE('',*,*,#4270,.F.);
#11404=ORIENTED_EDGE('',*,*,#8872,.F.);
#11405=EDGE_LOOP('',(#11401,#11402,#11403,#11404));
#11406=FACE_BOUND('',#11405,.T.);
#11407=ADVANCED_FACE('',(#11406),#11395,.T.);
#11408=CARTESIAN_POINT('',(60.180601073,13.586105812,-133.883209968));
#11409=DIRECTION('',(-0.002296872,0.999994724,0.002296872));
#11410=DIRECTION('',(0.,-0.002296878,0.999997362));
#11411=AXIS2_PLACEMENT_3D('',#11408,#11409,#11410);
#11412=CYLINDRICAL_SURFACE('',#11411,2.7);
#11413=ORIENTED_EDGE('',*,*,#1688,.F.);
#11414=ORIENTED_EDGE('',*,*,#1620,.T.);
#11415=ORIENTED_EDGE('',*,*,#11400,.F.);
#11416=ORIENTED_EDGE('',*,*,#8865,.F.);
#11417=ORIENTED_EDGE('',*,*,#10164,.F.);
#11418=ORIENTED_EDGE('',*,*,#11241,.F.);
#11419=EDGE_LOOP('',(#11413,#11414,#11415,#11416,#11417,#11418));
#11420=FACE_BOUND('',#11419,.T.);
#11421=ADVANCED_FACE('',(#11420),#11412,.T.);
#11422=CARTESIAN_POINT('',(25.061632558,77.15662927,-118.634087623));
#11423=CARTESIAN_POINT('',(25.066450432,77.152494917,-118.632614733));
#11424=CARTESIAN_POINT('',(25.071268306,77.148360564,-118.631141844));
#11425=CARTESIAN_POINT('',(25.076086181,77.14422621,-118.629668954));
#11426=CARTESIAN_POINT('',(25.084098907,77.137350265,-118.627219355));
#11427=CARTESIAN_POINT('',(25.092111633,77.13047432,-118.624769755));
#11428=CARTESIAN_POINT('',(25.100124359,77.123598374,-118.622320156));
#11429=CARTESIAN_POINT('',(25.103860085,77.120392643,-118.621178093));
#11430=CARTESIAN_POINT('',(25.102806136,77.12129163,-118.621500206));
#11431=CARTESIAN_POINT('',(25.111414701,77.113959528,-118.618867015));
#11432=CARTESIAN_POINT('',(25.119954812,77.106747161,-118.616264064));
#11433=CARTESIAN_POINT('',(25.13610779,77.093258089,-118.611393795));
#11434=CARTESIAN_POINT('',(25.143198659,77.087481562,-118.60932386));
#11435=CARTESIAN_POINT('',(25.147822736,77.08370208,-118.607971464));
#11436=CARTESIAN_POINT('',(25.148123959,77.083424205,-118.607861696));
#11437=CARTESIAN_POINT('',(25.166185502,77.068864799,-118.602711674));
#11438=CARTESIAN_POINT('',(25.183076127,77.05542814,-118.598014211));
#11439=CARTESIAN_POINT('',(25.216467307,77.029777014,-118.589497977));
#11440=CARTESIAN_POINT('',(25.233074397,77.017368743,-118.58556798));
#11441=CARTESIAN_POINT('',(25.321416459,76.953388533,-118.56658993));
#11442=CARTESIAN_POINT('',(25.408158998,76.894321955,-118.552834814));
#11443=CARTESIAN_POINT('',(25.535956149,76.831579634,-118.551074363));
#11444=CARTESIAN_POINT('',(25.392986468,77.511106184,-118.252151807));
#11445=CARTESIAN_POINT('',(25.401048708,77.510042865,-118.252111722));
#11446=CARTESIAN_POINT('',(25.409110947,77.508979547,-118.252071637));
#11447=CARTESIAN_POINT('',(25.417173186,77.507916229,-118.252031552));
#11448=CARTESIAN_POINT('',(25.430581696,77.506147798,-118.251964886));
#11449=CARTESIAN_POINT('',(25.443990206,77.504379367,-118.25189822));
#11450=CARTESIAN_POINT('',(25.457398717,77.502610937,-118.251831554));
#11451=CARTESIAN_POINT('',(25.463650086,77.501786452,-118.251800472));
#11452=CARTESIAN_POINT('',(25.462018521,77.502019205,-118.251809241));
#11453=CARTESIAN_POINT('',(25.476060917,77.500002276,-118.251733257));
#11454=CARTESIAN_POINT('',(25.489464311,77.497934626,-118.251655403));
#11455=CARTESIAN_POINT('',(25.513563533,77.493923283,-118.251504438));
#11456=CARTESIAN_POINT('',(25.523068375,77.492112543,-118.251436347));
#11457=CARTESIAN_POINT('',(25.529380109,77.490944422,-118.251392414));
#11458=CARTESIAN_POINT('',(25.529984676,77.490862308,-118.251389319));
#11459=CARTESIAN_POINT('',(25.553350939,77.486321792,-118.251218597));
#11460=CARTESIAN_POINT('',(25.574074841,77.482104185,-118.251060055));
#11461=CARTESIAN_POINT('',(25.610510857,77.474263754,-118.250765414));
#11462=CARTESIAN_POINT('',(25.626971127,77.470578906,-118.250626966));
#11463=CARTESIAN_POINT('',(25.706852019,77.452271764,-118.249939199));
#11464=CARTESIAN_POINT('',(25.760925021,77.44070721,-118.249504593));
#11465=CARTESIAN_POINT('',(25.813904125,77.413577363,-118.248488009));
#11466=B_SPLINE_SURFACE_WITH_KNOTS('',1,3,((#11422,#11423,#11424,#11425,#11426,#11427,#11428,#11429,#11430,#11431,#11432,#11433,#11434,#11435,#11436,#11437,#11438,#11439,#11440,#11441,#11442,#11443),(#11444,#11445,#11446,#11447,#11448,#11449,#11450,#11451,#11452,#11453,#11454,#11455,#11456,#11457,#11458,#11459,#11460,#11461,#11462,#11463,#11464,#11465)),.UNSPECIFIED.,.F.,.F.,.U.,(2,2),(4,3,3,2,2,2,2,2,2,4),(0.,1.),(-0.137685756,-0.097717873,-0.031246298,-0.00025565,0.030734997,0.092716292,0.216678881,0.340641471,0.46460406,0.960454418),.UNSPECIFIED.);
#11467=ORIENTED_EDGE('',*,*,#2274,.F.);
#11468=ORIENTED_EDGE('',*,*,#9157,.F.);
#11469=CARTESIAN_POINT('',(25.535956149,76.831579634,-118.551074363));
#11470=CARTESIAN_POINT('',(25.628605474,77.025578877,-118.450212245));
#11471=CARTESIAN_POINT('',(25.7212548,77.21957812,-118.349350127));
#11472=CARTESIAN_POINT('',(25.813904125,77.413577363,-118.248488009));
#11473=B_SPLINE_CURVE_WITH_KNOTS('',3,(#11469,#11470,#11471,#11472),.UNSPECIFIED.,.F.,.F.,(4,4),(0.,1.),.UNSPECIFIED.);
#11474=EDGE_CURVE('',#8357,#9140,#11473,.T.);
#11475=ORIENTED_EDGE('',*,*,#11474,.F.);
#11476=ORIENTED_EDGE('',*,*,#8363,.F.);
#11477=EDGE_LOOP('',(#11467,#11468,#11475,#11476));
#11478=FACE_BOUND('',#11477,.T.);
#11479=ADVANCED_FACE('',(#11478),#11466,.T.);
#11480=CARTESIAN_POINT('',(25.535956149,76.831579634,-118.551074363));
#11481=CARTESIAN_POINT('',(25.612405859,76.794046466,-118.550021239));
#11482=CARTESIAN_POINT('',(25.683666779,76.766360912,-118.553619291));
#11483=CARTESIAN_POINT('',(25.804329853,76.726757265,-118.561209318));
#11484=CARTESIAN_POINT('',(25.855218934,76.713818884,-118.565287908));
#11485=CARTESIAN_POINT('',(25.996945989,76.682876884,-118.576011175));
#11486=CARTESIAN_POINT('',(26.079014061,76.672537239,-118.581573697));
#11487=CARTESIAN_POINT('',(26.317684901,76.650042182,-118.593834986));
#11488=CARTESIAN_POINT('',(26.464737248,76.647438347,-118.596817679));
#11489=CARTESIAN_POINT('',(26.617869384,76.645511573,-118.59881867));
#11490=CARTESIAN_POINT('',(25.813904125,77.413577363,-118.248488009));
#11491=CARTESIAN_POINT('',(25.846338947,77.396967892,-118.247865634));
#11492=CARTESIAN_POINT('',(25.877129049,77.375869639,-118.247075479));
#11493=CARTESIAN_POINT('',(25.938973871,77.338506599,-118.245675894));
#11494=CARTESIAN_POINT('',(25.96964193,77.32190392,-118.245053844));
#11495=CARTESIAN_POINT('',(26.063360817,77.278482885,-118.243426452));
#11496=CARTESIAN_POINT('',(26.129114347,77.257068562,-118.242623069));
#11497=CARTESIAN_POINT('',(26.331463647,77.208279213,-118.240790564));
#11498=CARTESIAN_POINT('',(26.472945337,77.195614844,-118.240311311));
#11499=CARTESIAN_POINT('',(26.621809296,77.187722735,-118.240010206));
#11500=B_SPLINE_SURFACE_WITH_KNOTS('',1,3,((#11480,#11481,#11482,#11483,#11484,#11485,#11486,#11487,#11488,#11489),(#11490,#11491,#11492,#11493,#11494,#11495,#11496,#11497,#11498,#11499)),.UNSPECIFIED.,.F.,.F.,.U.,(2,2),(4,2,2,2,4),(0.,1.),(0.20019033,0.288863473,0.377536616,0.554882902,0.909575474),.UNSPECIFIED.);
#11501=ORIENTED_EDGE('',*,*,#11474,.T.);
#11502=ORIENTED_EDGE('',*,*,#9149,.F.);
#11503=CARTESIAN_POINT('',(26.617869384,76.645511573,-118.59881867));
#11504=CARTESIAN_POINT('',(26.619182688,76.826248627,-118.479215849));
#11505=CARTESIAN_POINT('',(26.620495992,77.006985681,-118.359613028));
#11506=CARTESIAN_POINT('',(26.621809296,77.187722735,-118.240010206));
#11507=B_SPLINE_CURVE_WITH_KNOTS('',3,(#11503,#11504,#11505,#11506),.UNSPECIFIED.,.F.,.F.,(4,4),(0.,1.),.UNSPECIFIED.);
#11508=EDGE_CURVE('',#8366,#9132,#11507,.T.);
#11509=ORIENTED_EDGE('',*,*,#11508,.F.);
#11510=ORIENTED_EDGE('',*,*,#8384,.F.);
#11511=EDGE_LOOP('',(#11501,#11502,#11509,#11510));
#11512=FACE_BOUND('',#11511,.T.);
#11513=ADVANCED_FACE('',(#11512),#11500,.T.);
#11514=CARTESIAN_POINT('',(26.617869384,76.645511573,-118.59881867));
#11515=CARTESIAN_POINT('',(27.09931026,76.639453878,-118.605109698));
#11516=CARTESIAN_POINT('',(27.597284257,76.63880896,-118.605101179));
#11517=CARTESIAN_POINT('',(28.082360135,76.637726274,-118.605316312));
#11518=CARTESIAN_POINT('',(26.621809296,77.187722735,-118.240010206));
#11519=CARTESIAN_POINT('',(27.099540411,77.162395547,-118.239043908));
#11520=CARTESIAN_POINT('',(27.599874119,77.159987089,-118.238933684));
#11521=CARTESIAN_POINT('',(28.083386159,77.157921497,-118.238836958));
#11522=B_SPLINE_SURFACE_WITH_KNOTS('',1,3,((#11514,#11515,#11516,#11517),(#11518,#11519,#11520,#11521)),.UNSPECIFIED.,.F.,.F.,.U.,(2,2),(4,4),(0.,1.),(0.082766684,0.917106946),.UNSPECIFIED.);
#11523=ORIENTED_EDGE('',*,*,#11508,.T.);
#11524=ORIENTED_EDGE('',*,*,#9137,.F.);
#11525=CARTESIAN_POINT('',(28.082360135,76.637726274,-118.605316312));
#11526=CARTESIAN_POINT('',(28.082702143,76.811124682,-118.483156527));
#11527=CARTESIAN_POINT('',(28.083044151,76.98452309,-118.360996743));
#11528=CARTESIAN_POINT('',(28.083386159,77.157921497,-118.238836958));
#11529=B_SPLINE_CURVE_WITH_KNOTS('',3,(#11525,#11526,#11527,#11528),.UNSPECIFIED.,.F.,.F.,(4,4),(0.,1.),.UNSPECIFIED.);
#11530=EDGE_CURVE('',#8387,#9125,#11529,.T.);
#11531=ORIENTED_EDGE('',*,*,#11530,.F.);
#11532=ORIENTED_EDGE('',*,*,#8393,.F.);
#11533=EDGE_LOOP('',(#11523,#11524,#11531,#11532));
#11534=FACE_BOUND('',#11533,.T.);
#11535=ADVANCED_FACE('',(#11534),#11522,.T.);
#11536=CARTESIAN_POINT('',(28.082360135,76.637726274,-118.605316312));
#11537=CARTESIAN_POINT('',(28.694019641,76.636361053,-118.605587585));
#11538=CARTESIAN_POINT('',(29.308102652,76.636857692,-118.606058208));
#11539=CARTESIAN_POINT('',(29.919272985,76.637571554,-118.606723974));
#11540=CARTESIAN_POINT('',(28.083386159,77.157921497,-118.238836958));
#11541=CARTESIAN_POINT('',(28.694135862,77.155312339,-118.238714779));
#11542=CARTESIAN_POINT('',(29.307324105,77.154082475,-118.238644077));
#11543=CARTESIAN_POINT('',(29.9185116,77.152269768,-118.238551661));
#11544=B_SPLINE_SURFACE_WITH_KNOTS('',1,3,((#11536,#11537,#11538,#11539),(#11540,#11541,#11542,#11543)),.UNSPECIFIED.,.F.,.F.,.U.,(2,2),(4,4),(0.,1.),(0.083503003,0.916011425),.UNSPECIFIED.);
#11545=ORIENTED_EDGE('',*,*,#11530,.T.);
#11546=ORIENTED_EDGE('',*,*,#9129,.F.);
#11547=CARTESIAN_POINT('',(29.919272985,76.637571554,-118.606723974));
#11548=CARTESIAN_POINT('',(29.91901919,76.809137625,-118.48399987));
#11549=CARTESIAN_POINT('',(29.918765395,76.980703696,-118.361275765));
#11550=CARTESIAN_POINT('',(29.9185116,77.152269768,-118.238551661));
#11551=B_SPLINE_CURVE_WITH_KNOTS('',3,(#11547,#11548,#11549,#11550),.UNSPECIFIED.,.F.,.F.,(4,4),(0.,1.),.UNSPECIFIED.);
#11552=EDGE_CURVE('',#8191,#9111,#11551,.T.);
#11553=ORIENTED_EDGE('',*,*,#11552,.F.);
#11554=ORIENTED_EDGE('',*,*,#8400,.F.);
#11555=EDGE_LOOP('',(#11545,#11546,#11553,#11554));
#11556=FACE_BOUND('',#11555,.T.);
#11557=ADVANCED_FACE('',(#11556),#11544,.T.);
#11558=CARTESIAN_POINT('',(29.919272985,76.637571554,-118.606723974));
#11559=CARTESIAN_POINT('',(31.841469349,76.639816724,-118.608817879));
#11560=CARTESIAN_POINT('',(33.765996267,76.643044247,-118.606763634));
#11561=CARTESIAN_POINT('',(36.652410469,76.645708683,-118.6080753));
#11562=CARTESIAN_POINT('',(37.614161292,76.64503119,-118.609365888));
#11563=CARTESIAN_POINT('',(39.537157053,76.647968521,-118.609113475));
#11564=CARTESIAN_POINT('',(40.498192376,76.65261556,-118.607112625));
#11565=CARTESIAN_POINT('',(41.4582395,76.659971461,-118.603133827));
#11566=CARTESIAN_POINT('',(29.9185116,77.152269768,-118.238551661));
#11567=CARTESIAN_POINT('',(31.841475959,77.146566492,-118.238260896));
#11568=CARTESIAN_POINT('',(33.76473367,77.157845686,-118.238605135));
#11569=CARTESIAN_POINT('',(36.652231898,77.155262761,-118.238392171));
#11570=CARTESIAN_POINT('',(37.614029274,77.148931061,-118.238116648));
#11571=CARTESIAN_POINT('',(39.535799346,77.153083117,-118.238194446));
#11572=CARTESIAN_POINT('',(40.495401465,77.167413823,-118.238691628));
#11573=CARTESIAN_POINT('',(41.455038909,77.188668822,-118.239447724));
#11574=B_SPLINE_SURFACE_WITH_KNOTS('',1,3,((#11558,#11559,#11560,#11561,#11562,#11563,#11564,#11565),(#11566,#11567,#11568,#11569,#11570,#11571,#11572,#11573)),.UNSPECIFIED.,.F.,.F.,.U.,(2,2),(4,2,2,4),(0.,1.),(0.083299609,0.500000357,0.708350732,0.916701106),.UNSPECIFIED.);
#11575=ORIENTED_EDGE('',*,*,#11552,.T.);
#11576=ORIENTED_EDGE('',*,*,#9122,.F.);
#11577=CARTESIAN_POINT('',(41.4582395,76.659971461,-118.603133827));
#11578=CARTESIAN_POINT('',(41.457172636,76.836203914,-118.481905126));
#11579=CARTESIAN_POINT('',(41.456105773,77.012436368,-118.360676425));
#11580=CARTESIAN_POINT('',(41.455038909,77.188668822,-118.239447724));
#11581=B_SPLINE_CURVE_WITH_KNOTS('',3,(#11577,#11578,#11579,#11580),.UNSPECIFIED.,.F.,.F.,(4,4),(0.,1.),.UNSPECIFIED.);
#11582=EDGE_CURVE('',#8193,#9104,#11581,.T.);
#11583=ORIENTED_EDGE('',*,*,#11582,.F.);
#11584=ORIENTED_EDGE('',*,*,#8220,.F.);
#11585=EDGE_LOOP('',(#11575,#11576,#11583,#11584));
#11586=FACE_BOUND('',#11585,.T.);
#11587=ADVANCED_FACE('',(#11586),#11574,.T.);
#11588=CARTESIAN_POINT('',(41.4582395,76.659971461,-118.603133827));
#11589=CARTESIAN_POINT('',(41.640027358,76.661364323,-118.602380429));
#11590=CARTESIAN_POINT('',(41.821771484,76.662835267,-118.601566346));
#11591=CARTESIAN_POINT('',(42.003469351,76.664364025,-118.600700443));
#11592=CARTESIAN_POINT('',(41.455038909,77.188668822,-118.239447724));
#11593=CARTESIAN_POINT('',(41.63672038,77.192692882,-118.23959087));
#11594=CARTESIAN_POINT('',(41.818374122,77.196902579,-118.239740959));
#11595=CARTESIAN_POINT('',(42.000001095,77.201226199,-118.239895309));
#11596=B_SPLINE_SURFACE_WITH_KNOTS('',1,3,((#11588,#11589,#11590,#11591),(#11592,#11593,#11594,#11595)),.UNSPECIFIED.,.F.,.F.,.U.,(2,2),(4,4),(0.,1.),(0.08905699,0.917610251),.UNSPECIFIED.);
#11597=ORIENTED_EDGE('',*,*,#11582,.T.);
#11598=ORIENTED_EDGE('',*,*,#9108,.F.);
#11599=ORIENTED_EDGE('',*,*,#10219,.F.);
#11600=ORIENTED_EDGE('',*,*,#8229,.F.);
#11601=EDGE_LOOP('',(#11597,#11598,#11599,#11600));
#11602=FACE_BOUND('',#11601,.T.);
#11603=ADVANCED_FACE('',(#11602),#11596,.T.);
#11604=CARTESIAN_POINT('',(42.,76.648676367,-118.643159952));
#11605=CARTESIAN_POINT('',(41.015217606,76.646312973,-118.637504724));
#11606=CARTESIAN_POINT('',(40.032969863,76.642681076,-118.633567553));
#11607=CARTESIAN_POINT('',(37.836870567,76.638785658,-118.6317107));
#11608=CARTESIAN_POINT('',(36.620530164,76.638428533,-118.634027711));
#11609=CARTESIAN_POINT('',(34.185210846,76.634903131,-118.634857913));
#11610=CARTESIAN_POINT('',(32.968265096,76.632677805,-118.633972414));
#11611=CARTESIAN_POINT('',(30.536264402,76.630563586,-118.634180229));
#11612=CARTESIAN_POINT('',(29.323451082,76.625560209,-118.63634914));
#11613=CARTESIAN_POINT('',(28.100493523,76.627684827,-118.636936681));
#11614=CARTESIAN_POINT('',(42.002307096,76.111711329,-118.967518294));
#11615=CARTESIAN_POINT('',(41.017543663,76.125679385,-118.969458953));
#11616=CARTESIAN_POINT('',(40.034541806,76.136641706,-118.970932058));
#11617=CARTESIAN_POINT('',(37.837108833,76.139953563,-118.971693453));
#11618=CARTESIAN_POINT('',(36.620956792,76.130737902,-118.970798361));
#11619=CARTESIAN_POINT('',(34.186163527,76.124159233,-118.970418044));
#11620=CARTESIAN_POINT('',(32.968811803,76.125160127,-118.97074422));
#11621=CARTESIAN_POINT('',(30.53663842,76.122365377,-118.970818774));
#11622=CARTESIAN_POINT('',(29.325295452,76.109371061,-118.969448828));
#11623=CARTESIAN_POINT('',(28.09970754,76.109783606,-118.969709654));
#11624=B_SPLINE_SURFACE_WITH_KNOTS('',1,3,((#11604,#11605,#11606,#11607,#11608,#11609,#11610,#11611,#11612,#11613),(#11614,#11615,#11616,#11617,#11618,#11619,#11620,#11621,#11622,#11623)),.UNSPECIFIED.,.F.,.F.,.U.,(2,2),(4,2,2,2,4),(0.,1.),(0.083302619,0.26037484,0.479115149,0.697855458,0.916595767),.UNSPECIFIED.);
#11625=ORIENTED_EDGE('',*,*,#10244,.F.);
#11626=ORIENTED_EDGE('',*,*,#8592,.F.);
#11627=CARTESIAN_POINT('',(28.100493523,76.627684827,-118.636936681));
#11628=CARTESIAN_POINT('',(28.100231529,76.455051087,-118.747861005));
#11629=CARTESIAN_POINT('',(28.099969534,76.282417346,-118.85878533));
#11630=CARTESIAN_POINT('',(28.09970754,76.109783606,-118.969709654));
#11631=B_SPLINE_CURVE_WITH_KNOTS('',3,(#11627,#11628,#11629,#11630),.UNSPECIFIED.,.F.,.F.,(4,4),(0.,1.),.UNSPECIFIED.);
#11632=EDGE_CURVE('',#8241,#8499,#11631,.T.);
#11633=ORIENTED_EDGE('',*,*,#11632,.F.);
#11634=ORIENTED_EDGE('',*,*,#8298,.F.);
#11635=EDGE_LOOP('',(#11625,#11626,#11633,#11634));
#11636=FACE_BOUND('',#11635,.T.);
#11637=ADVANCED_FACE('',(#11636),#11624,.T.);
#11638=CARTESIAN_POINT('',(28.100493523,76.627684827,-118.636936681));
#11639=CARTESIAN_POINT('',(27.619382244,76.628520651,-118.637167819));
#11640=CARTESIAN_POINT('',(27.128595809,76.630545653,-118.636922257));
#11641=CARTESIAN_POINT('',(26.668213342,76.627551195,-118.644899358));
#11642=CARTESIAN_POINT('',(28.09970754,76.109783606,-118.969709654));
#11643=CARTESIAN_POINT('',(27.618138168,76.109945707,-118.96981214));
#11644=CARTESIAN_POINT('',(27.12745188,76.110556974,-118.970044165));
#11645=CARTESIAN_POINT('',(26.668188426,76.085626033,-118.96694133));
#11646=B_SPLINE_SURFACE_WITH_KNOTS('',1,3,((#11638,#11639,#11640,#11641),(#11642,#11643,#11644,#11645)),.UNSPECIFIED.,.F.,.F.,.U.,(2,2),(4,4),(0.,1.),(0.081350902,0.918687392),.UNSPECIFIED.);
#11647=ORIENTED_EDGE('',*,*,#11632,.T.);
#11648=ORIENTED_EDGE('',*,*,#8505,.F.);
#11649=CARTESIAN_POINT('',(26.668213342,76.627551195,-118.644899358));
#11650=CARTESIAN_POINT('',(26.668205037,76.446909474,-118.752246682));
#11651=CARTESIAN_POINT('',(26.668196731,76.266267753,-118.859594006));
#11652=CARTESIAN_POINT('',(26.668188426,76.085626033,-118.96694133));
#11653=B_SPLINE_CURVE_WITH_KNOTS('',3,(#11649,#11650,#11651,#11652),.UNSPECIFIED.,.F.,.F.,(4,4),(0.,1.),.UNSPECIFIED.);
#11654=EDGE_CURVE('',#8301,#8463,#11653,.T.);
#11655=ORIENTED_EDGE('',*,*,#11654,.F.);
#11656=ORIENTED_EDGE('',*,*,#8307,.F.);
#11657=EDGE_LOOP('',(#11647,#11648,#11655,#11656));
#11658=FACE_BOUND('',#11657,.T.);
#11659=ADVANCED_FACE('',(#11658),#11646,.T.);
#11660=CARTESIAN_POINT('',(26.668213342,76.627551195,-118.644899358));
#11661=CARTESIAN_POINT('',(26.472599471,76.626278867,-118.648288784));
#11662=CARTESIAN_POINT('',(26.293147251,76.62843024,-118.652070229));
#11663=CARTESIAN_POINT('',(26.096486491,76.613729588,-118.680508683));
#11664=CARTESIAN_POINT('',(26.059146365,76.609918987,-118.687273973));
#11665=CARTESIAN_POINT('',(25.998149429,76.597410984,-118.702930819));
#11666=CARTESIAN_POINT('',(25.977111262,76.592105114,-118.709084414));
#11667=CARTESIAN_POINT('',(25.942515741,76.579831342,-118.720939328));
#11668=CARTESIAN_POINT('',(25.930161757,76.574338645,-118.725862962));
#11669=CARTESIAN_POINT('',(25.905923566,76.567538549,-118.731049394));
#11670=CARTESIAN_POINT('',(25.893441455,76.563790424,-118.733754277));
#11671=CARTESIAN_POINT('',(25.82879232,76.542837821,-118.747831304));
#11672=CARTESIAN_POINT('',(25.769545057,76.519232535,-118.761479309));
#11673=CARTESIAN_POINT('',(25.624528533,76.439681744,-118.786707505));
#11674=CARTESIAN_POINT('',(25.539158513,76.381653107,-118.795985458));
#11675=CARTESIAN_POINT('',(25.466342961,76.324030837,-118.797862446));
#11676=CARTESIAN_POINT('',(26.668188426,76.085626033,-118.96694133));
#11677=CARTESIAN_POINT('',(26.474071294,76.075088454,-118.965629852));
#11678=CARTESIAN_POINT('',(26.282454082,76.061752456,-118.96422638));
#11679=CARTESIAN_POINT('',(26.089580938,75.99703471,-118.954781891));
#11680=CARTESIAN_POINT('',(26.053812309,75.981955446,-118.952547901));
#11681=CARTESIAN_POINT('',(26.003232833,75.947443043,-118.947058125));
#11682=CARTESIAN_POINT('',(25.987021768,75.933933409,-118.944868161));
#11683=CARTESIAN_POINT('',(25.965301422,75.907708892,-118.940410777));
#11684=CARTESIAN_POINT('',(25.959020745,75.896826171,-118.938516192));
#11685=CARTESIAN_POINT('',(25.942297073,75.884577102,-118.936355615));
#11686=CARTESIAN_POINT('',(25.934046488,75.878103909,-118.935199501));
#11687=CARTESIAN_POINT('',(25.893554997,75.843748919,-118.928967665));
#11688=CARTESIAN_POINT('',(25.863907691,75.809249558,-118.922444049));
#11689=CARTESIAN_POINT('',(25.813471284,75.725114597,-118.904916062));
#11690=CARTESIAN_POINT('',(25.79201868,75.677151253,-118.894092489));
#11691=CARTESIAN_POINT('',(25.767650149,75.635644746,-118.884012601));
#11692=B_SPLINE_SURFACE_WITH_KNOTS('',1,3,((#11660,#11661,#11662,#11663,#11664,#11665,#11666,#11667,#11668,#11669,#11670,#11671,#11672,#11673,#11674,#11675),(#11676,#11677,#11678,#11679,#11680,#11681,#11682,#11683,#11684,#11685,#11686,#11687,#11688,#11689,#11690,#11691)),.UNSPECIFIED.,.F.,.F.,.U.,(2,2),(4,2,2,2,2,2,2,4),(0.,1.),(0.102975088,0.514691948,0.617621164,0.669085771,0.694818075,0.720550379,0.823479594,0.926408809),.UNSPECIFIED.);
#11693=ORIENTED_EDGE('',*,*,#11654,.T.);
#11694=ORIENTED_EDGE('',*,*,#8496,.F.);
#11695=CARTESIAN_POINT('',(25.466342961,76.324030837,-118.797862446));
#11696=CARTESIAN_POINT('',(25.56677869,76.094568807,-118.826579164));
#11697=CARTESIAN_POINT('',(25.66721442,75.865106776,-118.855295883));
#11698=CARTESIAN_POINT('',(25.767650149,75.635644746,-118.884012601));
#11699=B_SPLINE_CURVE_WITH_KNOTS('',3,(#11695,#11696,#11697,#11698),.UNSPECIFIED.,.F.,.F.,(4,4),(0.,1.),.UNSPECIFIED.);
#11700=EDGE_CURVE('',#8310,#8454,#11699,.T.);
#11701=ORIENTED_EDGE('',*,*,#11700,.F.);
#11702=ORIENTED_EDGE('',*,*,#8346,.F.);
#11703=EDGE_LOOP('',(#11693,#11694,#11701,#11702));
#11704=FACE_BOUND('',#11703,.T.);
#11705=ADVANCED_FACE('',(#11704),#11692,.T.);
#11706=CARTESIAN_POINT('',(25.466342961,76.324030837,-118.797862446));
#11707=CARTESIAN_POINT('',(25.341383206,76.225144465,-118.801083577));
#11708=CARTESIAN_POINT('',(25.258419679,76.140935635,-118.790664245));
#11709=CARTESIAN_POINT('',(25.111980703,75.986137943,-118.768972304));
#11710=CARTESIAN_POINT('',(25.050251589,75.914550907,-118.755741867));
#11711=CARTESIAN_POINT('',(24.887050584,75.720182892,-118.715316023));
#11712=CARTESIAN_POINT('',(24.794334254,75.603074236,-118.685255286));
#11713=CARTESIAN_POINT('',(24.701163471,75.48936806,-118.651887165));
#11714=CARTESIAN_POINT('',(25.767650149,75.635644746,-118.884012601));
#11715=CARTESIAN_POINT('',(25.725839263,75.564429018,-118.866717806));
#11716=CARTESIAN_POINT('',(25.678420877,75.505615043,-118.850695182));
#11717=CARTESIAN_POINT('',(25.581240748,75.382810601,-118.814525698));
#11718=CARTESIAN_POINT('',(25.530999847,75.320330092,-118.794573174));
#11719=CARTESIAN_POINT('',(25.387343528,75.140856576,-118.732208755));
#11720=CARTESIAN_POINT('',(25.291597555,75.021071757,-118.684641405));
#11721=CARTESIAN_POINT('',(25.190156948,74.90171795,-118.630292961));
#11722=B_SPLINE_SURFACE_WITH_KNOTS('',1,3,((#11706,#11707,#11708,#11709,#11710,#11711,#11712,#11713),(#11714,#11715,#11716,#11717,#11718,#11719,#11720,#11721)),.UNSPECIFIED.,.F.,.F.,.U.,(2,2),(4,2,2,4),(0.,1.),(0.217687936,0.407779515,0.597871094,0.941853297),.UNSPECIFIED.);
#11723=ORIENTED_EDGE('',*,*,#11700,.T.);
#11724=ORIENTED_EDGE('',*,*,#8460,.F.);
#11725=ORIENTED_EDGE('',*,*,#2304,.F.);
#11726=ORIENTED_EDGE('',*,*,#8353,.F.);
#11727=EDGE_LOOP('',(#11723,#11724,#11725,#11726));
#11728=FACE_BOUND('',#11727,.T.);
#11729=ADVANCED_FACE('',(#11728),#11722,.T.);
#11730=CARTESIAN_POINT('',(1.7,81.918898104,-18.170541166));
#11731=DIRECTION('',(1.,0.,0.));
#11732=DIRECTION('',(0.,0.,-1.));
#11733=AXIS2_PLACEMENT_3D('',#11730,#11731,#11732);
#11734=TOROIDAL_SURFACE('',#11733,11.377616922,0.8);
#11735=ORIENTED_EDGE('',*,*,#2095,.F.);
#11736=CARTESIAN_POINT('',(1.7,84.127463743,-28.515018802));
#11737=CARTESIAN_POINT('',(1.753110814,84.127663182,-28.514976221));
#11738=CARTESIAN_POINT('',(1.805315347,84.126221813,-28.520639372));
#11739=CARTESIAN_POINT('',(1.856652438,84.123257151,-28.531750576));
#11740=CARTESIAN_POINT('',(1.907989529,84.120292489,-28.542861779));
#11741=CARTESIAN_POINT('',(1.959003699,84.115728964,-28.559702892));
#11742=CARTESIAN_POINT('',(2.007524747,84.109875229,-28.581581527));
#11743=CARTESIAN_POINT('',(2.056045795,84.104021494,-28.603460162));
#11744=CARTESIAN_POINT('',(2.102040624,84.096929925,-28.630188));
#11745=CARTESIAN_POINT('',(2.145539285,84.088796088,-28.661655168));
#11746=CARTESIAN_POINT('',(2.189037945,84.08066225,-28.693122337));
#11747=CARTESIAN_POINT('',(2.230089527,84.071433475,-28.729568622));
#11748=CARTESIAN_POINT('',(2.266857391,84.061731744,-28.769197831));
#11749=CARTESIAN_POINT('',(2.340393119,84.04232828,-28.848456248));
#11750=CARTESIAN_POINT('',(2.399645122,84.020336697,-28.943606937));
#11751=CARTESIAN_POINT('',(2.439299073,83.998793571,-29.045371947));
#11752=CARTESIAN_POINT('',(2.478953024,83.977250445,-29.147136958));
#11753=CARTESIAN_POINT('',(2.5,83.955735839,-29.257442707));
#11754=CARTESIAN_POINT('',(2.5,83.935979048,-29.367931544));
#11755=B_SPLINE_CURVE_WITH_KNOTS('',3,(#11736,#11737,#11738,#11739,#11740,#11741,#11742,#11743,#11744,#11745,#11746,#11747,#11748,#11749,#11750,#11751,#11752,#11753,#11754),.UNSPECIFIED.,.F.,.F.,(4,3,3,3,3,3,4),(-0.,0.000431905,0.00086381,0.001295716,0.001727621,0.002591431,0.003455241),.UNSPECIFIED.);
#11756=EDGE_CURVE('',#2080,#2114,#11755,.T.);
#11757=ORIENTED_EDGE('',*,*,#11756,.T.);
#11758=ORIENTED_EDGE('',*,*,#2120,.F.);
#11759=CARTESIAN_POINT('',(1.7,93.085137293,-20.353490817));
#11760=DIRECTION('',(-0.,0.191863522,0.981421616));
#11761=DIRECTION('',(0.,-0.981421616,0.191863522));
#11762=AXIS2_PLACEMENT_3D('',#11759,#11760,#11761);
#11763=CIRCLE('',#11762,0.8);
#11764=EDGE_CURVE('',#2089,#2112,#11763,.T.);
#11765=ORIENTED_EDGE('',*,*,#11764,.F.);
#11766=EDGE_LOOP('',(#11735,#11757,#11758,#11765));
#11767=FACE_BOUND('',#11766,.T.);
#11768=ADVANCED_FACE('',(#11767),#11734,.T.);
#11769=CARTESIAN_POINT('',(1.7,93.38718351,-20.412539497));
#11770=DIRECTION('',(1.,0.,0.));
#11771=DIRECTION('',(0.,0.,-1.));
#11772=AXIS2_PLACEMENT_3D('',#11769,#11770,#11771);
#11773=DEGENERATE_TOROIDAL_SURFACE('',#11772,0.307763975,0.8,.T.);
#11774=ORIENTED_EDGE('',*,*,#11764,.T.);
#11775=ORIENTED_EDGE('',*,*,#2153,.F.);
#11776=CARTESIAN_POINT('',(1.7,93.689229728,-20.471588177));
#11777=DIRECTION('',(-0.,-0.191863522,-0.981421616));
#11778=DIRECTION('',(0.,0.981421616,-0.191863522));
#11779=AXIS2_PLACEMENT_3D('',#11776,#11777,#11778);
#11780=CIRCLE('',#11779,0.8);
#11781=EDGE_CURVE('',#2003,#2140,#11780,.T.);
#11782=ORIENTED_EDGE('',*,*,#11781,.F.);
#11783=ORIENTED_EDGE('',*,*,#2050,.F.);
#11784=CARTESIAN_POINT('',(1.7,93.38718351,-20.412539497));
#11785=DIRECTION('',(-1.,-0.,-0.));
#11786=DIRECTION('',(0.,0.,-1.));
#11787=AXIS2_PLACEMENT_3D('',#11784,#11785,#11786);
#11788=CIRCLE('',#11787,1.107763975);
#11789=EDGE_CURVE('',#2089,#2038,#11788,.T.);
#11790=ORIENTED_EDGE('',*,*,#11789,.F.);
#11791=EDGE_LOOP('',(#11774,#11775,#11782,#11783,#11790));
#11792=FACE_BOUND('',#11791,.T.);
#11793=ADVANCED_FACE('',(#11792),#11773,.T.);
#11794=CARTESIAN_POINT('',(1.7,77.373074233,-17.281852999));
#11795=DIRECTION('',(1.,0.,0.));
#11796=DIRECTION('',(0.,0.,-1.));
#11797=AXIS2_PLACEMENT_3D('',#11794,#11795,#11796);
#11798=TOROIDAL_SURFACE('',#11797,16.625021523,0.8);
#11799=ORIENTED_EDGE('',*,*,#11781,.T.);
#11800=ORIENTED_EDGE('',*,*,#2146,.F.);
#11801=CARTESIAN_POINT('',(1.7,89.563641984,-29.732613337));
#11802=CARTESIAN_POINT('',(1.75280006,89.563641984,-29.732613337));
#11803=CARTESIAN_POINT('',(1.804719746,89.560013593,-29.728931207));
#11804=CARTESIAN_POINT('',(1.8557918,89.552891831,-29.72170382));
#11805=CARTESIAN_POINT('',(1.906863854,89.545770069,-29.714476434));
#11806=CARTESIAN_POINT('',(1.957620302,89.535001101,-29.703547769));
#11807=CARTESIAN_POINT('',(2.006023648,89.520935459,-29.689273366));
#11808=CARTESIAN_POINT('',(2.054426995,89.506869816,-29.674998963));
#11809=CARTESIAN_POINT('',(2.100343751,89.489654974,-29.657528497));
#11810=CARTESIAN_POINT('',(2.143796874,89.469320112,-29.636891369));
#11811=CARTESIAN_POINT('',(2.187249997,89.448985251,-29.616254242));
#11812=CARTESIAN_POINT('',(2.228407503,89.425310796,-29.592227601));
#11813=CARTESIAN_POINT('',(2.265301291,89.399451508,-29.565983137));
#11814=CARTESIAN_POINT('',(2.339088866,89.347732934,-29.51349421));
#11815=CARTESIAN_POINT('',(2.398712689,89.285196243,-29.450024262));
#11816=CARTESIAN_POINT('',(2.438684087,89.217734391,-29.381552053));
#11817=CARTESIAN_POINT('',(2.478655484,89.150272539,-29.313079845));
#11818=CARTESIAN_POINT('',(2.5,89.076274779,-29.237971885));
#11819=CARTESIAN_POINT('',(2.5,89.002165316,-29.162744431));
#11820=B_SPLINE_CURVE_WITH_KNOTS('',3,(#11801,#11802,#11803,#11804,#11805,#11806,#11807,#11808,#11809,#11810,#11811,#11812,#11813,#11814,#11815,#11816,#11817,#11818,#11819),.UNSPECIFIED.,.F.,.F.,(4,3,3,3,3,3,4),(0.,0.000156152,0.000312304,0.000468456,0.000624608,0.000936912,0.001249215),.UNSPECIFIED.);
#11821=EDGE_CURVE('',#1960,#2131,#11820,.T.);
#11822=ORIENTED_EDGE('',*,*,#11821,.F.);
#11823=ORIENTED_EDGE('',*,*,#2017,.F.);
#11824=EDGE_LOOP('',(#11799,#11800,#11822,#11823));
#11825=FACE_BOUND('',#11824,.T.);
#11826=ADVANCED_FACE('',(#11825),#11798,.T.);
#11827=CARTESIAN_POINT('',(1.7,108.69675658,-49.025392158));
#11828=DIRECTION('',(1.,0.,0.));
#11829=DIRECTION('',(0.,0.,-1.));
#11830=AXIS2_PLACEMENT_3D('',#11827,#11828,#11829);
#11831=TOROIDAL_SURFACE('',#11830,27.971444363,0.8);
#11832=ORIENTED_EDGE('',*,*,#2137,.F.);
#11833=CARTESIAN_POINT('',(2.5,84.207402034,-35.509726666));
#11834=CARTESIAN_POINT('',(2.5,84.089782139,-35.910195684));
#11835=CARTESIAN_POINT('',(2.485037577,83.975497197,-36.313539318));
#11836=CARTESIAN_POINT('',(2.457251696,83.865044485,-36.720090759));
#11837=CARTESIAN_POINT('',(2.429465815,83.754591773,-37.1266422));
#11838=CARTESIAN_POINT('',(2.389027916,83.647963143,-37.536501265));
#11839=CARTESIAN_POINT('',(2.332901919,83.54618189,-37.947680723));
#11840=CARTESIAN_POINT('',(2.304838921,83.495291264,-38.153270452));
#11841=CARTESIAN_POINT('',(2.272874173,83.445858681,-38.358228723));
#11842=CARTESIAN_POINT('',(2.236138449,83.398683277,-38.5590234));
#11843=CARTESIAN_POINT('',(2.199402726,83.351507873,-38.759818076));
#11844=CARTESIAN_POINT('',(2.157789653,83.306348323,-38.957566182));
#11845=CARTESIAN_POINT('',(2.109531156,83.264954249,-39.143498767));
#11846=CARTESIAN_POINT('',(2.085401907,83.244257212,-39.23646506));
#11847=CARTESIAN_POINT('',(2.059561783,83.224436338,-39.326687689));
#11848=CARTESIAN_POINT('',(2.031242053,83.205793676,-39.412637917));
#11849=CARTESIAN_POINT('',(2.002922324,83.187151014,-39.498588145));
#11850=CARTESIAN_POINT('',(1.971893905,83.169580147,-39.580766082));
#11851=CARTESIAN_POINT('',(1.938136947,83.154264945,-39.653061469));
#11852=CARTESIAN_POINT('',(1.904379988,83.138949743,-39.725356855));
#11853=CARTESIAN_POINT('',(1.867152379,83.125632778,-39.789031821));
#11854=CARTESIAN_POINT('',(1.827288912,83.116204583,-39.834272234));
#11855=CARTESIAN_POINT('',(1.787425444,83.106776387,-39.879512647));
#11856=CARTESIAN_POINT('',(1.744018669,83.101181969,-39.906513428));
#11857=CARTESIAN_POINT('',(1.7,83.101046177,-39.906894596));
#11858=B_SPLINE_CURVE_WITH_KNOTS('',3,(#11833,#11834,#11835,#11836,#11837,#11838,#11839,#11840,#11841,#11842,#11843,#11844,#11845,#11846,#11847,#11848,#11849,#11850,#11851,#11852,#11853,#11854,#11855,#11856,#11857),.UNSPECIFIED.,.F.,.F.,(4,3,3,3,3,3,3,3,4),(-0.,0.001411696,0.002823392,0.00352924,0.004235088,0.004588012,0.004940936,0.00529386,0.005646784),.UNSPECIFIED.);
#11859=EDGE_CURVE('',#2123,#1962,#11858,.T.);
#11860=ORIENTED_EDGE('',*,*,#11859,.T.);
#11861=ORIENTED_EDGE('',*,*,#1968,.F.);
#11862=ORIENTED_EDGE('',*,*,#11821,.T.);
#11863=EDGE_LOOP('',(#11832,#11860,#11861,#11862));
#11864=FACE_BOUND('',#11863,.T.);
#11865=ADVANCED_FACE('',(#11864),#11831,.T.);
#11866=CARTESIAN_POINT('',(-1.7,81.918898104,-18.170541166));
#11867=DIRECTION('',(-1.,0.,0.));
#11868=DIRECTION('',(0.,0.,1.));
#11869=AXIS2_PLACEMENT_3D('',#11866,#11867,#11868);
#11870=TOROIDAL_SURFACE('',#11869,11.377616922,0.8);
#11871=ORIENTED_EDGE('',*,*,#2189,.F.);
#11872=CARTESIAN_POINT('',(-2.5,83.926724106,-29.369594767));
#11873=CARTESIAN_POINT('',(-2.5,83.936532028,-29.31435911));
#11874=CARTESIAN_POINT('',(-2.494855479,83.946652954,-29.25991802));
#11875=CARTESIAN_POINT('',(-2.484783544,83.957101009,-29.206227124));
#11876=CARTESIAN_POINT('',(-2.474711609,83.967549064,-29.152536227));
#11877=CARTESIAN_POINT('',(-2.459480974,83.978441773,-29.099056221));
#11878=CARTESIAN_POINT('',(-2.439556307,83.989348866,-29.047808138));
#11879=CARTESIAN_POINT('',(-2.419631639,84.000255958,-28.996560054));
#11880=CARTESIAN_POINT('',(-2.395240858,84.011115323,-28.947778559));
#11881=CARTESIAN_POINT('',(-2.366424705,84.021835038,-28.901462031));
#11882=CARTESIAN_POINT('',(-2.337608551,84.032554753,-28.855145504));
#11883=CARTESIAN_POINT('',(-2.304001205,84.043209589,-28.811026834));
#11884=CARTESIAN_POINT('',(-2.267227605,84.053128919,-28.771312975));
#11885=CARTESIAN_POINT('',(-2.193680405,84.072967579,-28.691885258));
#11886=CARTESIAN_POINT('',(-2.104594588,84.090604695,-28.627025865));
#11887=CARTESIAN_POINT('',(-2.008164828,84.102926024,-28.58331421));
#11888=CARTESIAN_POINT('',(-1.911735067,84.115247353,-28.539602554));
#11889=CARTESIAN_POINT('',(-1.806248821,84.122421982,-28.516093951));
#11890=CARTESIAN_POINT('',(-1.7,84.12282097,-28.516008953));
#11891=B_SPLINE_CURVE_WITH_KNOTS('',3,(#11872,#11873,#11874,#11875,#11876,#11877,#11878,#11879,#11880,#11881,#11882,#11883,#11884,#11885,#11886,#11887,#11888,#11889,#11890),.UNSPECIFIED.,.F.,.F.,(4,3,3,3,3,3,4),(0.,0.000431932,0.000863863,0.001295795,0.001727727,0.00259159,0.003455453),.UNSPECIFIED.);
#11892=EDGE_CURVE('',#2175,#2071,#11891,.T.);
#11893=ORIENTED_EDGE('',*,*,#11892,.T.);
#11894=ORIENTED_EDGE('',*,*,#2077,.F.);
#11895=CARTESIAN_POINT('',(-1.7,93.085137293,-20.353490817));
#11896=DIRECTION('',(0.,0.191863522,0.981421616));
#11897=DIRECTION('',(0.,-0.981421616,0.191863522));
#11898=AXIS2_PLACEMENT_3D('',#11895,#11896,#11897);
#11899=CIRCLE('',#11898,0.8);
#11900=EDGE_CURVE('',#2183,#2069,#11899,.T.);
#11901=ORIENTED_EDGE('',*,*,#11900,.F.);
#11902=EDGE_LOOP('',(#11871,#11893,#11894,#11901));
#11903=FACE_BOUND('',#11902,.T.);
#11904=ADVANCED_FACE('',(#11903),#11870,.T.);
#11905=CARTESIAN_POINT('',(-1.7,93.38718351,-20.412539497));
#11906=DIRECTION('',(-1.,0.,0.));
#11907=DIRECTION('',(0.,0.,1.));
#11908=AXIS2_PLACEMENT_3D('',#11905,#11906,#11907);
#11909=DEGENERATE_TOROIDAL_SURFACE('',#11908,0.307763975,0.8,.T.);
#11910=CARTESIAN_POINT('',(-1.7,93.38718351,-20.104775523));
#11911=DIRECTION('',(-0.,1.,-0.));
#11912=DIRECTION('',(0.,0.,1.));
#11913=AXIS2_PLACEMENT_3D('',#11910,#11911,#11912);
#11914=CIRCLE('',#11913,0.8);
#11915=EDGE_CURVE('',#2192,#2036,#11914,.T.);
#11916=ORIENTED_EDGE('',*,*,#11915,.T.);
#11917=ORIENTED_EDGE('',*,*,#2058,.F.);
#11918=CARTESIAN_POINT('',(-1.7,93.689229728,-20.471588177));
#11919=DIRECTION('',(0.,-0.191863522,-0.981421616));
#11920=DIRECTION('',(0.,0.981421616,-0.191863522));
#11921=AXIS2_PLACEMENT_3D('',#11918,#11919,#11920);
#11922=CIRCLE('',#11921,0.8);
#11923=EDGE_CURVE('',#2201,#2005,#11922,.T.);
#11924=ORIENTED_EDGE('',*,*,#11923,.F.);
#11925=ORIENTED_EDGE('',*,*,#2207,.F.);
#11926=EDGE_LOOP('',(#11916,#11917,#11924,#11925));
#11927=FACE_BOUND('',#11926,.T.);
#11928=ADVANCED_FACE('',(#11927),#11909,.T.);
#11929=CARTESIAN_POINT('',(-1.7,77.373074233,-17.281852999));
#11930=DIRECTION('',(-1.,0.,0.));
#11931=DIRECTION('',(0.,0.,1.));
#11932=AXIS2_PLACEMENT_3D('',#11929,#11930,#11931);
#11933=TOROIDAL_SURFACE('',#11932,16.625021523,0.8);
#11934=ORIENTED_EDGE('',*,*,#11923,.T.);
#11935=ORIENTED_EDGE('',*,*,#2025,.F.);
#11936=CARTESIAN_POINT('',(-2.5,89.002165316,-29.162744431));
#11937=CARTESIAN_POINT('',(-2.5,89.076276662,-29.23797003));
#11938=CARTESIAN_POINT('',(-2.478655484,89.150272539,-29.313079845));
#11939=CARTESIAN_POINT('',(-2.438684087,89.217734391,-29.381552053));
#11940=CARTESIAN_POINT('',(-2.398712689,89.285196243,-29.450024262));
#11941=CARTESIAN_POINT('',(-2.339088866,89.347732934,-29.51349421));
#11942=CARTESIAN_POINT('',(-2.265301291,89.399451508,-29.565983137));
#11943=CARTESIAN_POINT('',(-2.228407503,89.425310796,-29.592227601));
#11944=CARTESIAN_POINT('',(-2.187249997,89.448985251,-29.616254242));
#11945=CARTESIAN_POINT('',(-2.143796874,89.469320112,-29.636891369));
#11946=CARTESIAN_POINT('',(-2.100343751,89.489654974,-29.657528497));
#11947=CARTESIAN_POINT('',(-2.054426995,89.506869816,-29.674998963));
#11948=CARTESIAN_POINT('',(-2.006023648,89.520935459,-29.689273366));
#11949=CARTESIAN_POINT('',(-1.957620302,89.535001101,-29.703547769));
#11950=CARTESIAN_POINT('',(-1.906863854,89.545770069,-29.714476434));
#11951=CARTESIAN_POINT('',(-1.8557918,89.552891831,-29.72170382));
#11952=CARTESIAN_POINT('',(-1.804719746,89.560013593,-29.728931207));
#11953=CARTESIAN_POINT('',(-1.75280006,89.563641984,-29.732613337));
#11954=CARTESIAN_POINT('',(-1.7,89.563641984,-29.732613337));
#11955=B_SPLINE_CURVE_WITH_KNOTS('',3,(#11936,#11937,#11938,#11939,#11940,#11941,#11942,#11943,#11944,#11945,#11946,#11947,#11948,#11949,#11950,#11951,#11952,#11953,#11954),.UNSPECIFIED.,.F.,.F.,(4,3,3,3,3,3,4),(0.,0.000312304,0.000624608,0.00078076,0.000936912,0.001093063,0.001249215),.UNSPECIFIED.);
#11956=EDGE_CURVE('',#2164,#1980,#11955,.T.);
#11957=ORIENTED_EDGE('',*,*,#11956,.F.);
#11958=ORIENTED_EDGE('',*,*,#2214,.F.);
#11959=EDGE_LOOP('',(#11934,#11935,#11957,#11958));
#11960=FACE_BOUND('',#11959,.T.);
#11961=ADVANCED_FACE('',(#11960),#11933,.T.);
#11962=CARTESIAN_POINT('',(-1.7,108.69675658,-49.025392158));
#11963=DIRECTION('',(-1.,0.,0.));
#11964=DIRECTION('',(0.,0.,1.));
#11965=AXIS2_PLACEMENT_3D('',#11962,#11963,#11964);
#11966=TOROIDAL_SURFACE('',#11965,27.971444363,0.8);
#11967=ORIENTED_EDGE('',*,*,#1986,.F.);
#11968=CARTESIAN_POINT('',(-1.7,83.097232444,-39.917606872));
#11969=CARTESIAN_POINT('',(-1.744131785,83.097096324,-39.91798947));
#11970=CARTESIAN_POINT('',(-1.787013658,83.102326694,-39.892174214));
#11971=CARTESIAN_POINT('',(-1.827311295,83.11161002,-39.847059108));
#11972=CARTESIAN_POINT('',(-1.867608932,83.120893346,-39.801944002));
#11973=CARTESIAN_POINT('',(-1.904190625,83.133783091,-39.739759587));
#11974=CARTESIAN_POINT('',(-1.938292307,83.149054064,-39.667134063));
#11975=CARTESIAN_POINT('',(-2.006495671,83.179596009,-39.521883014));
#11976=CARTESIAN_POINT('',(-2.061353413,83.217499546,-39.345355567));
#11977=CARTESIAN_POINT('',(-2.110112412,83.259099779,-39.157620222));
#11978=CARTESIAN_POINT('',(-2.15887141,83.300700012,-38.969884876));
#11979=CARTESIAN_POINT('',(-2.199918412,83.3452274,-38.774201935));
#11980=CARTESIAN_POINT('',(-2.236401791,83.391894716,-38.574823766));
#11981=CARTESIAN_POINT('',(-2.27288517,83.438562033,-38.375445597));
#11982=CARTESIAN_POINT('',(-2.304635373,83.487409637,-38.17215471));
#11983=CARTESIAN_POINT('',(-2.33272341,83.538139919,-37.966530563));
#11984=CARTESIAN_POINT('',(-2.388899484,83.639600484,-37.555282269));
#11985=CARTESIAN_POINT('',(-2.429524352,83.746457257,-37.143425604));
#11986=CARTESIAN_POINT('',(-2.457307297,83.856821615,-36.736330066));
#11987=CARTESIAN_POINT('',(-2.485090242,83.967185973,-36.329234529));
#11988=CARTESIAN_POINT('',(-2.5,84.081342273,-35.925683099));
#11989=CARTESIAN_POINT('',(-2.5,84.19876566,-35.525386948));
#11990=B_SPLINE_CURVE_WITH_KNOTS('',3,(#11968,#11969,#11970,#11971,#11972,#11973,#11974,#11975,#11976,#11977,#11978,#11979,#11980,#11981,#11982,#11983,#11984,#11985,#11986,#11987,#11988,#11989),.UNSPECIFIED.,.F.,.F.,(4,3,3,3,3,3,3,4),(-0.,0.000357921,0.000715842,0.001431685,0.002147527,0.00286337,0.004295054,0.005726739),.UNSPECIFIED.);
#11991=EDGE_CURVE('',#1971,#2166,#11990,.T.);
#11992=ORIENTED_EDGE('',*,*,#11991,.T.);
#11993=ORIENTED_EDGE('',*,*,#2172,.F.);
#11994=ORIENTED_EDGE('',*,*,#11956,.T.);
#11995=EDGE_LOOP('',(#11967,#11992,#11993,#11994));
#11996=FACE_BOUND('',#11995,.T.);
#11997=ADVANCED_FACE('',(#11996),#11966,.T.);
#11998=CARTESIAN_POINT('',(1.70000109,83.101046179,-39.906894592));
#11999=CARTESIAN_POINT('',(1.700572777,83.040532905,-40.076755933));
#12000=CARTESIAN_POINT('',(1.701144254,83.01326145,-40.258389092));
#12001=CARTESIAN_POINT('',(1.701673792,83.021223089,-40.438531786));
#12002=CARTESIAN_POINT('',(0.565924922,83.099774008,-39.910465588));
#12003=CARTESIAN_POINT('',(0.566496599,83.039306282,-40.08027404));
#12004=CARTESIAN_POINT('',(0.567068065,83.012057702,-40.261841137));
#12005=CARTESIAN_POINT('',(0.567597624,83.020016467,-40.441918787));
#12006=CARTESIAN_POINT('',(-0.567408242,83.098502764,-39.914036346));
#12007=CARTESIAN_POINT('',(-0.566836575,83.038080555,-40.083791903));
#12008=CARTESIAN_POINT('',(-0.566265119,83.010854832,-40.265292948));
#12009=CARTESIAN_POINT('',(-0.56573554,83.018810723,-40.445305564));
#12010=CARTESIAN_POINT('',(-1.699998812,83.097232445,-39.917606868));
#12011=CARTESIAN_POINT('',(-1.699427156,83.036855724,-40.087309523));
#12012=CARTESIAN_POINT('',(-1.69885571,83.00965284,-40.268744525));
#12013=CARTESIAN_POINT('',(-1.69832611,83.017605858,-40.448692116));
#12014=B_SPLINE_SURFACE_WITH_KNOTS('',3,3,((#11998,#11999,#12000,#12001),(#12002,#12003,#12004,#12005),(#12006,#12007,#12008,#12009),(#12010,#12011,#12012,#12013)),.UNSPECIFIED.,.F.,.F.,.U.,(4,4),(4,4),(0.837752982,0.837905599),(0.,1.),.UNSPECIFIED.);
#12015=CARTESIAN_POINT('',(-1.7,84.416239756,-40.386882602));
#12016=DIRECTION('',(0.999994964,0.001063809,0.002990078));
#12017=DIRECTION('',(0.00299008,-0.,-0.99999553));
#12018=AXIS2_PLACEMENT_3D('',#12015,#12016,#12017);
#12019=CIRCLE('',#12018,1.4);
#12020=EDGE_CURVE('',#1971,#2803,#12019,.T.);
#12021=ORIENTED_EDGE('',*,*,#12020,.F.);
#12022=ORIENTED_EDGE('',*,*,#1977,.F.);
#12023=CARTESIAN_POINT('',(1.7,84.419856988,-40.376722273));
#12024=DIRECTION('',(-0.999994974,-0.001063964,-0.002986558));
#12025=DIRECTION('',(-0.002986559,-0.,0.99999554));
#12026=AXIS2_PLACEMENT_3D('',#12023,#12024,#12025);
#12027=CIRCLE('',#12026,1.4);
#12028=EDGE_CURVE('',#2839,#1962,#12027,.T.);
#12029=ORIENTED_EDGE('',*,*,#12028,.F.);
#12030=ORIENTED_EDGE('',*,*,#2845,.F.);
#12031=EDGE_LOOP('',(#12021,#12022,#12029,#12030));
#12032=FACE_BOUND('',#12031,.T.);
#12033=ADVANCED_FACE('',(#12032),#12014,.F.);
#12034=CARTESIAN_POINT('',(2.5,84.207402034,-35.509726666));
#12035=CARTESIAN_POINT('',(2.5,84.024181898,-35.517823673));
#12036=CARTESIAN_POINT('',(2.536494389,83.84103407,-35.525917484));
#12037=CARTESIAN_POINT('',(2.676963094,83.502529304,-35.54087695));
#12038=CARTESIAN_POINT('',(2.780881974,83.347305958,-35.547736701));
#12039=CARTESIAN_POINT('',(3.040402172,83.088348395,-35.559180755));
#12040=CARTESIAN_POINT('',(3.19590107,82.984716376,-35.563760542));
#12041=CARTESIAN_POINT('',(3.534903813,82.84478918,-35.569944313));
#12042=CARTESIAN_POINT('',(3.71827387,82.808549225,-35.571545857));
#12043=CARTESIAN_POINT('',(3.901672702,82.808768134,-35.571536183));
#12044=CARTESIAN_POINT('',(2.5,84.089782139,-35.910195684));
#12045=CARTESIAN_POINT('',(2.517709238,83.91781593,-35.917782408));
#12046=CARTESIAN_POINT('',(2.567367226,83.749515455,-35.92736235));
#12047=CARTESIAN_POINT('',(2.723746253,83.442331507,-35.949209274));
#12048=CARTESIAN_POINT('',(2.830419148,83.303536562,-35.961469078));
#12049=CARTESIAN_POINT('',(3.086512873,83.073678516,-35.986935078));
#12050=CARTESIAN_POINT('',(3.235857708,82.982681111,-36.000132329));
#12051=CARTESIAN_POINT('',(3.55741802,82.860407336,-36.025546209));
#12052=CARTESIAN_POINT('',(3.729539344,82.829165704,-36.037753405));
#12053=CARTESIAN_POINT('',(3.901672702,82.829848877,-36.04855403));
#12054=CARTESIAN_POINT('',(2.485037577,83.975497197,-36.313539318));
#12055=CARTESIAN_POINT('',(2.516741646,83.817159151,-36.323495217));
#12056=CARTESIAN_POINT('',(2.575741805,83.664661902,-36.336455978));
#12057=CARTESIAN_POINT('',(2.741367497,83.38889337,-36.366820508));
#12058=CARTESIAN_POINT('',(2.847954845,83.265683747,-36.384216875));
#12059=CARTESIAN_POINT('',(3.09628422,83.062761525,-36.42134163));
#12060=CARTESIAN_POINT('',(3.237969847,82.983094169,-36.441060988));
#12061=CARTESIAN_POINT('',(3.539990534,82.876482649,-36.480436374));
#12062=CARTESIAN_POINT('',(3.70025739,82.8495622,-36.500082791));
#12063=CARTESIAN_POINT('',(3.860526966,82.85056787,-36.51849962));
#12064=CARTESIAN_POINT('',(2.443358756,83.809818129,-36.923366479));
#12065=CARTESIAN_POINT('',(2.490203829,83.673808283,-36.938182823));
#12066=CARTESIAN_POINT('',(2.557909684,83.545454681,-36.956715626));
#12067=CARTESIAN_POINT('',(2.728636713,83.316103831,-36.99945269));
#12068=CARTESIAN_POINT('',(2.831632096,83.215140764,-37.023650398));
#12069=CARTESIAN_POINT('',(3.063183049,83.050104992,-37.075405458));
#12070=CARTESIAN_POINT('',(3.191703847,82.986056843,-37.102954877));
#12071=CARTESIAN_POINT('',(3.462149228,82.900901024,-37.15878017));
#12072=CARTESIAN_POINT('',(3.604033304,82.879806009,-37.187047481));
#12073=CARTESIAN_POINT('',(3.745911727,82.881181294,-37.214325965));
#12074=CARTESIAN_POINT('',(2.426194448,83.755556495,-37.127418426));
#12075=CARTESIAN_POINT('',(2.47711455,83.627313044,-37.14409937));
#12076=CARTESIAN_POINT('',(2.546834307,83.50708614,-37.164595862));
#12077=CARTESIAN_POINT('',(2.717785926,83.293093955,-37.211419258));
#12078=CARTESIAN_POINT('',(2.818995801,83.199355941,-37.237740059));
#12079=CARTESIAN_POINT('',(3.044074265,83.046522275,-37.293891331));
#12080=CARTESIAN_POINT('',(3.167914014,82.987446079,-37.323714497));
#12081=CARTESIAN_POINT('',(3.427429607,82.909094072,-37.384241732));
#12082=CARTESIAN_POINT('',(3.563072253,82.889828226,-37.414937931));
#12083=CARTESIAN_POINT('',(3.698707433,82.891306648,-37.444721267));
#12084=CARTESIAN_POINT('',(2.384987684,83.649185413,-37.536775681));
#12085=CARTESIAN_POINT('',(2.44202826,83.536912097,-37.557391125));
#12086=CARTESIAN_POINT('',(2.513980035,83.432969831,-37.581822556));
#12087=CARTESIAN_POINT('',(2.682402385,83.249342724,-37.636505737));
#12088=CARTESIAN_POINT('',(2.778857626,83.169674341,-37.666752428));
#12089=CARTESIAN_POINT('',(2.989172808,83.04044409,-37.730816358));
#12090=CARTESIAN_POINT('',(3.103013712,82.990893782,-37.764627681));
#12091=CARTESIAN_POINT('',(3.339716865,82.925537581,-37.833306805));
#12092=CARTESIAN_POINT('',(3.462557746,82.909737523,-37.868168266));
#12093=CARTESIAN_POINT('',(3.585388832,82.911391101,-37.902261559));
#12094=CARTESIAN_POINT('',(2.360964918,83.597072517,-37.742090994));
#12095=CARTESIAN_POINT('',(2.420054645,83.493003855,-37.764777428));
#12096=CARTESIAN_POINT('',(2.492227853,83.397220267,-37.791181033));
#12097=CARTESIAN_POINT('',(2.657902465,83.228600654,-37.849638825));
#12098=CARTESIAN_POINT('',(2.751391388,83.155777197,-37.881688543));
#12099=CARTESIAN_POINT('',(2.953421146,83.037948703,-37.949268643));
#12100=CARTESIAN_POINT('',(3.061946815,82.992952439,-37.984793871));
#12101=CARTESIAN_POINT('',(3.286772343,82.933788387,-38.056921461));
#12102=CARTESIAN_POINT('',(3.403055353,82.919625,-38.093518326));
#12103=CARTESIAN_POINT('',(3.519328044,82.92135067,-38.129415747));
#12104=CARTESIAN_POINT('',(2.304838921,83.495291264,-38.153270452));
#12105=CARTESIAN_POINT('',(2.365800764,83.407877747,-38.18009991));
#12106=CARTESIAN_POINT('',(2.436473872,83.328324885,-38.21031527));
#12107=CARTESIAN_POINT('',(2.593383671,83.189239045,-38.2758541));
#12108=CARTESIAN_POINT('',(2.679612601,83.129712809,-38.31117426));
#12109=CARTESIAN_POINT('',(2.862927071,83.033906573,-38.384974988));
#12110=CARTESIAN_POINT('',(2.960003597,82.997631206,-38.423451839));
#12111=CARTESIAN_POINT('',(3.159723786,82.95029198,-38.501445853));
#12112=CARTESIAN_POINT('',(3.262357659,82.939230404,-38.540959093));
#12113=CARTESIAN_POINT('',(3.364981101,82.941074403,-38.579903959));
#12114=CARTESIAN_POINT('',(2.272874173,83.445858681,-38.358228723));
#12115=CARTESIAN_POINT('',(2.333652878,83.366858866,-38.387120727));
#12116=CARTESIAN_POINT('',(2.402607243,83.295341088,-38.419166574));
#12117=CARTESIAN_POINT('',(2.553521015,83.170713296,-38.487994153));
#12118=CARTESIAN_POINT('',(2.635474513,83.117608103,-38.524773136));
#12119=CARTESIAN_POINT('',(2.808406966,83.032370433,-38.601261228));
#12120=CARTESIAN_POINT('',(2.899379172,83.000241249,-38.640967291));
#12121=CARTESIAN_POINT('',(3.085936767,82.958507062,-38.721361912));
#12122=CARTESIAN_POINT('',(3.181514886,82.948903667,-38.762047272));
#12123=CARTESIAN_POINT('',(3.277082907,82.95079432,-38.802226247));
#12124=CARTESIAN_POINT('',(2.199402726,83.351507873,-38.759818076));
#12125=CARTESIAN_POINT('',(2.257244737,83.289073306,-38.792616207));
#12126=CARTESIAN_POINT('',(2.320556175,83.233128911,-38.82803726));
#12127=CARTESIAN_POINT('',(2.455749882,83.136283547,-38.902782232));
#12128=CARTESIAN_POINT('',(2.527629063,83.095384723,-38.942104384));
#12129=CARTESIAN_POINT('',(2.677273782,83.030140747,-39.023160469));
#12130=CARTESIAN_POINT('',(2.755035926,83.005797037,-39.064892494));
#12131=CARTESIAN_POINT('',(2.913548699,82.974561099,-39.149187665));
#12132=CARTESIAN_POINT('',(2.994295746,82.967669558,-39.191748829));
#12133=CARTESIAN_POINT('',(3.07503397,82.969630414,-39.23391975));
#12134=CARTESIAN_POINT('',(2.157789653,83.306348323,-38.957566182));
#12135=CARTESIAN_POINT('',(2.212876712,83.252110654,-38.992217125));
#12136=CARTESIAN_POINT('',(2.272257703,83.203745895,-39.029190495));
#12137=CARTESIAN_POINT('',(2.397706977,83.120297395,-39.10657669));
#12138=CARTESIAN_POINT('',(2.463773145,83.085215042,-39.146988167));
#12139=CARTESIAN_POINT('',(2.600478383,83.029446702,-39.229933125));
#12140=CARTESIAN_POINT('',(2.671115154,83.008761641,-39.272465166));
#12141=CARTESIAN_POINT('',(2.814703602,82.982444892,-39.358266185));
#12142=CARTESIAN_POINT('',(2.887652867,82.976813639,-39.401533675));
#12143=CARTESIAN_POINT('',(2.960594249,82.978798144,-39.444465349));
#12144=CARTESIAN_POINT('',(2.085401907,83.244257212,-39.23646506));
#12145=CARTESIAN_POINT('',(2.133965549,83.201561871,-39.273589241));
#12146=CARTESIAN_POINT('',(2.185377013,83.163745141,-39.312587813));
#12147=CARTESIAN_POINT('',(2.292599104,83.098818861,-39.393343931));
#12148=CARTESIAN_POINT('',(2.348408601,83.07170999,-39.435100612));
#12149=CARTESIAN_POINT('',(2.463018374,83.02888144,-39.520312052));
#12150=CARTESIAN_POINT('',(2.521817444,83.013162208,-39.563765901));
#12151=CARTESIAN_POINT('',(2.640923317,82.993508242,-39.651268015));
#12152=CARTESIAN_POINT('',(2.701228868,82.989573713,-39.695315346));
#12153=CARTESIAN_POINT('',(2.761527947,82.991580818,-39.739100569));
#12154=CARTESIAN_POINT('',(2.059551204,83.224455748,-39.32665749));
#12155=CARTESIAN_POINT('',(2.105537625,83.185490242,-39.364557604));
#12156=CARTESIAN_POINT('',(2.153941021,83.151060163,-39.404182881));
#12157=CARTESIAN_POINT('',(2.254471185,83.092059274,-39.485967423));
#12158=CARTESIAN_POINT('',(2.306597073,83.06748898,-39.528125961));
#12159=CARTESIAN_POINT('',(2.413375155,83.028771117,-39.614001183));
#12160=CARTESIAN_POINT('',(2.468026415,83.014623887,-39.657717104));
#12161=CARTESIAN_POINT('',(2.578600594,82.997076463,-39.745695494));
#12162=CARTESIAN_POINT('',(2.634522546,82.993676421,-39.789957181));
#12163=CARTESIAN_POINT('',(2.690438514,82.995688787,-39.833980071));
#12164=CARTESIAN_POINT('',(2.002905029,83.187170837,-39.498550232));
#12165=CARTESIAN_POINT('',(2.04271961,83.155301098,-39.53788464));
#12166=CARTESIAN_POINT('',(2.084192627,83.127281296,-39.578655288));
#12167=CARTESIAN_POINT('',(2.169679375,83.079464132,-39.662297689));
#12168=CARTESIAN_POINT('',(2.213692612,83.059667044,-39.705168946));
#12169=CARTESIAN_POINT('',(2.303435914,83.028664814,-39.79220097));
#12170=CARTESIAN_POINT('',(2.349165461,83.017459849,-39.836361223));
#12171=CARTESIAN_POINT('',(2.441485878,83.003850794,-39.925135537));
#12172=CARTESIAN_POINT('',(2.488076215,83.001446781,-39.969749074));
#12173=CARTESIAN_POINT('',(2.534661531,83.003465465,-40.014167423));
#12174=CARTESIAN_POINT('',(1.971892028,83.169584969,-39.580756146));
#12175=CARTESIAN_POINT('',(2.008082437,83.141101732,-39.620752388));
#12176=CARTESIAN_POINT('',(2.045602772,83.116123677,-39.66204429));
#12177=CARTESIAN_POINT('',(2.122676068,83.073596014,-39.746520008));
#12178=CARTESIAN_POINT('',(2.162228672,83.056046604,-39.789703422));
#12179=CARTESIAN_POINT('',(2.242704893,83.028670222,-39.877230266));
#12180=CARTESIAN_POINT('',(2.283628137,83.018843377,-39.92157328));
#12181=CARTESIAN_POINT('',(2.366161283,83.007076609,-40.010667969));
#12182=CARTESIAN_POINT('',(2.407770803,83.005136741,-40.055419222));
#12183=CARTESIAN_POINT('',(2.44937578,83.007156457,-40.099995701));
#12184=CARTESIAN_POINT('',(1.921255644,83.146612275,-39.689197525));
#12185=CARTESIAN_POINT('',(1.95116394,83.122585554,-39.730041671));
#12186=CARTESIAN_POINT('',(1.981997497,83.10159491,-39.771994809));
#12187=CARTESIAN_POINT('',(2.045074363,83.065986003,-39.85751656));
#12188=CARTESIAN_POINT('',(2.077317457,83.051367862,-39.90108488));
#12189=CARTESIAN_POINT('',(2.142752133,83.028713241,-39.989210786));
#12190=CARTESIAN_POINT('',(2.175943493,83.020676838,-40.03376807));
#12191=CARTESIAN_POINT('',(2.242799928,83.011300719,-40.123231528));
#12192=CARTESIAN_POINT('',(2.276464777,83.009961034,-40.168137395));
#12193=CARTESIAN_POINT('',(2.310125724,83.011979255,-40.212895021));
#12194=CARTESIAN_POINT('',(1.903645522,83.13949581,-39.722982383));
#12195=CARTESIAN_POINT('',(1.931314315,83.116855573,-39.764086155));
#12196=CARTESIAN_POINT('',(1.959787406,83.09710265,-39.806240529));
#12197=CARTESIAN_POINT('',(2.017957743,83.063638587,-39.892078522));
#12198=CARTESIAN_POINT('',(2.047654813,83.049927548,-39.935761876));
#12199=CARTESIAN_POINT('',(2.107871827,83.028732862,-40.024064655));
#12200=CARTESIAN_POINT('',(2.138391588,83.02124928,-40.068683808));
#12201=CARTESIAN_POINT('',(2.199841614,83.012610797,-40.158252334));
#12202=CARTESIAN_POINT('',(2.230771692,83.011455922,-40.203201432));
#12203=CARTESIAN_POINT('',(2.261698068,83.013473187,-40.248010481));
#12204=CARTESIAN_POINT('',(1.866540677,83.126612841,-39.784383813));
#12205=CARTESIAN_POINT('',(1.889387123,83.10648919,-39.825953114));
#12206=CARTESIAN_POINT('',(1.912820722,83.088979193,-39.868466686));
#12207=CARTESIAN_POINT('',(1.960579668,83.059398183,-39.954866352));
#12208=CARTESIAN_POINT('',(1.984904899,83.047327242,-39.998752235));
#12209=CARTESIAN_POINT('',(2.034153621,83.028770381,-40.087363483));
#12210=CARTESIAN_POINT('',(2.059076991,83.022284505,-40.132088631));
#12211=CARTESIAN_POINT('',(2.109221316,83.01497621,-40.22183521));
#12212=CARTESIAN_POINT('',(2.134442148,83.014153809,-40.26685642));
#12213=CARTESIAN_POINT('',(2.159659648,83.016168085,-40.311752379));
#12214=CARTESIAN_POINT('',(1.847220645,83.120918681,-39.811652028));
#12215=CARTESIAN_POINT('',(1.867506421,83.101910812,-39.853424608));
#12216=CARTESIAN_POINT('',(1.888284416,83.085393274,-39.896094121));
#12217=CARTESIAN_POINT('',(1.930587252,83.057528456,-39.982736066));
#12218=CARTESIAN_POINT('',(1.952112001,83.046181237,-40.026708307));
#12219=CARTESIAN_POINT('',(1.99566204,83.028787406,-40.115449422));
#12220=CARTESIAN_POINT('',(2.017687235,83.022740834,-40.1602181));
#12221=CARTESIAN_POINT('',(2.061986146,83.016017746,-40.25003665));
#12222=CARTESIAN_POINT('',(2.084259765,83.015341245,-40.295086324));
#12223=CARTESIAN_POINT('',(2.106530214,83.017353649,-40.34001726));
#12224=CARTESIAN_POINT('',(1.787425444,83.106776387,-39.879512647));
#12225=CARTESIAN_POINT('',(1.799667206,83.090541529,-39.921785846));
#12226=CARTESIAN_POINT('',(1.812150844,83.076487681,-39.964838061));
#12227=CARTESIAN_POINT('',(1.837483533,83.05288001,-40.052072269));
#12228=CARTESIAN_POINT('',(1.850332546,83.043326223,-40.096254118));
#12229=CARTESIAN_POINT('',(1.876274204,83.028812477,-40.185307942));
#12230=CARTESIAN_POINT('',(1.88936681,83.023852541,-40.230179772));
#12231=CARTESIAN_POINT('',(1.915671627,83.018575096,-40.320167115));
#12232=CARTESIAN_POINT('',(1.928883799,83.018257596,-40.365282482));
#12233=CARTESIAN_POINT('',(1.94209321,83.02026277,-40.41029527));
#12234=CARTESIAN_POINT('',(1.744018669,83.101181969,-39.906513428));
#12235=CARTESIAN_POINT('',(1.750258278,83.086044684,-39.948978499));
#12236=CARTESIAN_POINT('',(1.756617776,83.072962095,-39.992175523));
#12237=CARTESIAN_POINT('',(1.769517287,83.051028338,-40.079630552));
#12238=CARTESIAN_POINT('',(1.776057282,83.042177201,-40.12388843));
#12239=CARTESIAN_POINT('',(1.789256807,83.028788973,-40.213052096));
#12240=CARTESIAN_POINT('',(1.795916318,83.0242519,-40.257957754));
#12241=CARTESIAN_POINT('',(1.809292778,83.019534158,-40.34799786));
#12242=CARTESIAN_POINT('',(1.816009708,83.019353495,-40.393132177));
#12243=CARTESIAN_POINT('',(1.822724042,83.021351883,-40.438170261));
#12244=CARTESIAN_POINT('',(1.7,83.101046177,-39.906894596));
#12245=CARTESIAN_POINT('',(1.700142922,83.085917859,-39.949359931));
#12246=CARTESIAN_POINT('',(1.700285844,83.072842234,-39.992556471));
#12247=CARTESIAN_POINT('',(1.700570355,83.050918217,-40.080009436));
#12248=CARTESIAN_POINT('',(1.700711944,83.042069856,-40.124265734));
#12249=CARTESIAN_POINT('',(1.700992469,83.028682883,-40.213425562));
#12250=CARTESIAN_POINT('',(1.701131406,83.02414429,-40.258328962));
#12251=CARTESIAN_POINT('',(1.70140533,83.019419184,-40.348364304));
#12252=CARTESIAN_POINT('',(1.701540318,83.019232678,-40.393496116));
#12253=CARTESIAN_POINT('',(1.701672702,83.021223088,-40.43853179));
#12254=B_SPLINE_SURFACE_WITH_KNOTS('',3,3,((#12034,#12035,#12036,#12037,#12038,#12039,#12040,#12041,#12042,#12043),(#12044,#12045,#12046,#12047,#12048,#12049,#12050,#12051,#12052,#12053),(#12054,#12055,#12056,#12057,#12058,#12059,#12060,#12061,#12062,#12063),(#12064,#12065,#12066,#12067,#12068,#12069,#12070,#12071,#12072,#12073),(#12074,#12075,#12076,#12077,#12078,#12079,#12080,#12081,#12082,#12083),(#12084,#12085,#12086,#12087,#12088,#12089,#12090,#12091,#12092,#12093),(#12094,#12095,#12096,#12097,#12098,#12099,#12100,#12101,#12102,#12103),(#12104,#12105,#12106,#12107,#12108,#12109,#12110,#12111,#12112,#12113),(#12114,#12115,#12116,#12117,#12118,#12119,#12120,#12121,#12122,#12123),(#12124,#12125,#12126,#12127,#12128,#12129,#12130,#12131,#12132,#12133),(#12134,#12135,#12136,#12137,#12138,#12139,#12140,#12141,#12142,#12143),(#12144,#12145,#12146,#12147,#12148,#12149,#12150,#12151,#12152,#12153),(#12154,#12155,#12156,#12157,#12158,#12159,#12160,#12161,#12162,#12163),(#12164,#12165,#12166,#12167,#12168,#12169,#12170,#12171,#12172,#12173),(#12174,#12175,#12176,#12177,#12178,#12179,#12180,#12181,#12182,#12183),(#12184,#12185,#12186,#12187,#12188,#12189,#12190,#12191,#12192,#12193),(#12194,#12195,#12196,#12197,#12198,#12199,#12200,#12201,#12202,#12203),(#12204,#12205,#12206,#12207,#12208,#12209,#12210,#12211,#12212,#12213),(#12214,#12215,#12216,#12217,#12218,#12219,#12220,#12221,#12222,#12223),(#12224,#12225,#12226,#12227,#12228,#12229,#12230,#12231,#12232,#12233),(#12234,#12235,#12236,#12237,#12238,#12239,#12240,#12241,#12242,#12243),(#12244,#12245,#12246,#12247,#12248,#12249,#12250,#12251,#12252,#12253)),.UNSPECIFIED.,.F.,.F.,.U.,(4,2,2,2,2,2,2,2,2,2,4),(4,2,2,2,4),(-0.,0.001411696,0.002117544,0.002823392,0.00352924,0.004235088,0.004588012,0.004940936,0.005117398,0.00529386,0.005646784),(0.,0.25,0.5,0.75,1.),.UNSPECIFIED.);
#12255=ORIENTED_EDGE('',*,*,#12028,.T.);
#12256=ORIENTED_EDGE('',*,*,#11859,.F.);
#12257=CARTESIAN_POINT('',(3.9,84.207402034,-35.509726666));
#12258=DIRECTION('',(-0.,0.044149686,-0.999024927));
#12259=DIRECTION('',(0.,0.999024927,0.044149686));
#12260=AXIS2_PLACEMENT_3D('',#12257,#12258,#12259);
#12261=CIRCLE('',#12260,1.4);
#12262=EDGE_CURVE('',#2848,#2123,#12261,.T.);
#12263=ORIENTED_EDGE('',*,*,#12262,.F.);
#12264=ORIENTED_EDGE('',*,*,#2875,.F.);
#12265=EDGE_LOOP('',(#12255,#12256,#12263,#12264));
#12266=FACE_BOUND('',#12265,.T.);
#12267=ADVANCED_FACE('',(#12266),#12254,.F.);
#12268=CARTESIAN_POINT('',(-1.7,83.097232444,-39.917606872));
#12269=CARTESIAN_POINT('',(-1.699857086,83.082138264,-39.960032535));
#12270=CARTESIAN_POINT('',(-1.699714172,83.069092635,-40.003186963));
#12271=CARTESIAN_POINT('',(-1.699429673,83.047219782,-40.090552081));
#12272=CARTESIAN_POINT('',(-1.699288089,83.03839259,-40.134762646));
#12273=CARTESIAN_POINT('',(-1.699007567,83.025038752,-40.223828705));
#12274=CARTESIAN_POINT('',(-1.69886863,83.020512125,-40.26868407));
#12275=CARTESIAN_POINT('',(-1.698594695,83.015801547,-40.358622394));
#12276=CARTESIAN_POINT('',(-1.698459697,83.015617602,-40.403705221));
#12277=CARTESIAN_POINT('',(-1.698327298,83.017605856,-40.448692119));
#12278=CARTESIAN_POINT('',(-1.722065892,83.097164384,-39.917798171));
#12279=CARTESIAN_POINT('',(-1.724979509,83.082074698,-39.960223965));
#12280=CARTESIAN_POINT('',(-1.727953094,83.06903256,-40.003378148));
#12281=CARTESIAN_POINT('',(-1.733992552,83.04716459,-40.090742228));
#12282=CARTESIAN_POINT('',(-1.737058416,83.038338789,-40.134952));
#12283=CARTESIAN_POINT('',(-1.743253905,83.02498558,-40.224016133));
#12284=CARTESIAN_POINT('',(-1.746383522,83.020458191,-40.268870366));
#12285=CARTESIAN_POINT('',(-1.752677399,83.015743922,-40.358806301));
#12286=CARTESIAN_POINT('',(-1.75584165,83.015557048,-40.403887873));
#12287=CARTESIAN_POINT('',(-1.759008502,83.017541303,-40.448873562));
#12288=CARTESIAN_POINT('',(-1.743687887,83.098416823,-39.911557124));
#12289=CARTESIAN_POINT('',(-1.749596346,83.083068853,-39.953936717));
#12290=CARTESIAN_POINT('',(-1.755623591,83.069797311,-39.997055485));
#12291=CARTESIAN_POINT('',(-1.767859599,83.047532183,-40.084364514));
#12292=CARTESIAN_POINT('',(-1.774068344,83.03853863,-40.128554644));
#12293=CARTESIAN_POINT('',(-1.786609576,83.024914319,-40.217589175));
#12294=CARTESIAN_POINT('',(-1.792942045,83.02028358,-40.262433444));
#12295=CARTESIAN_POINT('',(-1.805671802,83.015428575,-40.352352858));
#12296=CARTESIAN_POINT('',(-1.812069071,83.015204317,-40.39742787));
#12297=CARTESIAN_POINT('',(-1.818468986,83.017184351,-40.442405535));
#12298=CARTESIAN_POINT('',(-1.786137897,83.103293995,-39.887587246));
#12299=CARTESIAN_POINT('',(-1.797884114,83.086959508,-39.929790171));
#12300=CARTESIAN_POINT('',(-1.80987998,83.072811809,-39.972773751));
#12301=CARTESIAN_POINT('',(-1.834252081,83.049031088,-40.059873145));
#12302=CARTESIAN_POINT('',(-1.846628276,83.039398106,-40.103988813));
#12303=CARTESIAN_POINT('',(-1.87163826,83.024742966,-40.192911722));
#12304=CARTESIAN_POINT('',(-1.884272007,83.019720833,-40.237718815));
#12305=CARTESIAN_POINT('',(-1.909671765,83.014337517,-40.327577009));
#12306=CARTESIAN_POINT('',(-1.922437734,83.013976344,-40.372627961));
#12307=CARTESIAN_POINT('',(-1.935206514,83.015947448,-40.417575918));
#12308=CARTESIAN_POINT('',(-1.807162477,83.106968357,-39.869616661));
#12309=CARTESIAN_POINT('',(-1.821778061,83.089895653,-39.911687283));
#12310=CARTESIAN_POINT('',(-1.836716167,83.07509232,-39.954569675));
#12311=CARTESIAN_POINT('',(-1.86708363,83.05017781,-40.041512271));
#12312=CARTESIAN_POINT('',(-1.882512933,83.040066679,-40.08557232));
#12313=CARTESIAN_POINT('',(-1.913703846,83.024641431,-40.174411987));
#12314=CARTESIAN_POINT('',(-1.929465402,83.019327342,-40.219191445));
#12315=CARTESIAN_POINT('',(-1.96115847,83.01355127,-40.309004218));
#12316=CARTESIAN_POINT('',(-1.977089927,83.013089298,-40.354037372));
#12317=CARTESIAN_POINT('',(-1.993024312,83.015055757,-40.398963283));
#12318=CARTESIAN_POINT('',(-1.867608932,83.120893346,-39.801944002));
#12319=CARTESIAN_POINT('',(-1.890360942,83.101040807,-39.843510794));
#12320=CARTESIAN_POINT('',(-1.913686349,83.083765207,-39.886006398));
#12321=CARTESIAN_POINT('',(-1.961211065,83.05457258,-39.972347236));
#12322=CARTESIAN_POINT('',(-1.985410266,83.042655621,-40.016192264));
#12323=CARTESIAN_POINT('',(-2.034399289,83.024321547,-40.104707539));
#12324=CARTESIAN_POINT('',(-2.059188999,83.017904474,-40.149377576));
#12325=CARTESIAN_POINT('',(-2.109068875,83.010646165,-40.239008664));
#12326=CARTESIAN_POINT('',(-2.134158926,83.009804946,-40.283969502));
#12327=CARTESIAN_POINT('',(-2.159252372,83.011756555,-40.328807018));
#12328=CARTESIAN_POINT('',(-1.904190625,83.133783091,-39.739759587));
#12329=CARTESIAN_POINT('',(-1.931710209,83.1113757,-39.780856925));
#12330=CARTESIAN_POINT('',(-1.960012296,83.091824244,-39.822990558));
#12331=CARTESIAN_POINT('',(-2.01781031,83.058690359,-39.908765601));
#12332=CARTESIAN_POINT('',(-2.047306074,83.045108024,-39.952406758));
#12333=CARTESIAN_POINT('',(-2.107104681,83.02409102,-40.040611663));
#12334=CARTESIAN_POINT('',(-2.137407356,83.01665641,-40.085175151));
#12335=CARTESIAN_POINT('',(-2.1984227,83.008032434,-40.174627364));
#12336=CARTESIAN_POINT('',(-2.229135197,83.006843091,-40.219515825));
#12337=CARTESIAN_POINT('',(-2.259851523,83.008784,-40.264266084));
#12338=CARTESIAN_POINT('',(-1.972393989,83.164325036,-39.594508539));
#12339=CARTESIAN_POINT('',(-2.008383298,83.135936736,-39.634467716));
#12340=CARTESIAN_POINT('',(-2.045696248,83.111031428,-39.675712199));
#12341=CARTESIAN_POINT('',(-2.122349808,83.068600945,-39.760077574));
#12342=CARTESIAN_POINT('',(-2.161690065,83.051075964,-39.803198069));
#12343=CARTESIAN_POINT('',(-2.241744541,83.023697794,-39.890589245));
#12344=CARTESIAN_POINT('',(-2.282458393,83.013844731,-39.934859516));
#12345=CARTESIAN_POINT('',(-2.364583718,83.001974237,-40.023804856));
#12346=CARTESIAN_POINT('',(-2.405994816,82.99995686,-40.068479508));
#12347=CARTESIAN_POINT('',(-2.447410809,83.001873957,-40.112980494));
#12348=CARTESIAN_POINT('',(-2.002939881,83.181502496,-39.513705432));
#12349=CARTESIAN_POINT('',(-2.042501072,83.149781412,-39.55301356));
#12350=CARTESIAN_POINT('',(-2.083708119,83.121881513,-39.593744621));
#12351=CARTESIAN_POINT('',(-2.168648707,83.074240413,-39.677287868));
#12352=CARTESIAN_POINT('',(-2.212381767,83.05449948,-39.720099567));
#12353=CARTESIAN_POINT('',(-2.301562079,83.023541927,-39.806999819));
#12354=CARTESIAN_POINT('',(-2.347008826,83.012325481,-39.851087867));
#12355=CARTESIAN_POINT('',(-2.438772881,82.998624432,-39.939712862));
#12356=CARTESIAN_POINT('',(-2.48508967,82.996139906,-39.984249294));
#12357=CARTESIAN_POINT('',(-2.53141197,82.998044135,-40.028592032));
#12358=CARTESIAN_POINT('',(-2.059608143,83.218456649,-39.342351661));
#12359=CARTESIAN_POINT('',(-2.105354151,83.1796564,-39.380230359));
#12360=CARTESIAN_POINT('',(-2.153499965,83.145359603,-39.419818886));
#12361=CARTESIAN_POINT('',(-2.253494564,83.086552588,-39.501506709));
#12362=CARTESIAN_POINT('',(-2.305342485,83.062042876,-39.543605289));
#12363=CARTESIAN_POINT('',(-2.411559275,83.023368021,-39.629345795));
#12364=CARTESIAN_POINT('',(-2.465927228,83.009203211,-39.67298697));
#12365=CARTESIAN_POINT('',(-2.575945015,82.991540516,-39.760810083));
#12366=CARTESIAN_POINT('',(-2.631593901,82.988042783,-39.804991253));
#12367=CARTESIAN_POINT('',(-2.687249692,82.989918233,-39.848935352));
#12368=CARTESIAN_POINT('',(-2.085732913,83.238299663,-39.251487894));
#12369=CARTESIAN_POINT('',(-2.134089973,83.195740161,-39.288585716));
#12370=CARTESIAN_POINT('',(-2.185279386,83.158029474,-39.327543154));
#12371=CARTESIAN_POINT('',(-2.292040107,83.093247015,-39.408194501));
#12372=CARTESIAN_POINT('',(-2.347610303,83.066175911,-39.449887556));
#12373=CARTESIAN_POINT('',(-2.461739057,83.023349341,-39.53495731));
#12374=CARTESIAN_POINT('',(-2.520296429,83.007594317,-39.578333111));
#12375=CARTESIAN_POINT('',(-2.638931885,82.987793584,-39.665673399));
#12376=CARTESIAN_POINT('',(-2.699008738,82.983748079,-39.709636963));
#12377=CARTESIAN_POINT('',(-2.75909327,82.985607688,-39.753340023));
#12378=CARTESIAN_POINT('',(-2.15887141,83.300700012,-38.969884876));
#12379=CARTESIAN_POINT('',(-2.213825652,83.24648386,-39.004487697));
#12380=CARTESIAN_POINT('',(-2.273069354,83.198118267,-39.041400644));
#12381=CARTESIAN_POINT('',(-2.398245933,83.114618004,-39.118646921));
#12382=CARTESIAN_POINT('',(-2.464176713,83.079484713,-39.158978913));
#12383=CARTESIAN_POINT('',(-2.600624645,83.023562057,-39.24175237));
#12384=CARTESIAN_POINT('',(-2.671139517,83.002773612,-39.284192406));
#12385=CARTESIAN_POINT('',(-2.814509331,82.976198591,-39.369804054));
#12386=CARTESIAN_POINT('',(-2.887361882,82.970412449,-39.412974191));
#12387=CARTESIAN_POINT('',(-2.960224718,82.972218446,-39.455809544));
#12388=CARTESIAN_POINT('',(-2.199918412,83.3452274,-38.774201935));
#12389=CARTESIAN_POINT('',(-2.257576319,83.282902254,-38.806972772));
#12390=CARTESIAN_POINT('',(-2.320686408,83.227035592,-38.842349498));
#12391=CARTESIAN_POINT('',(-2.455460491,83.13027107,-38.916979305));
#12392=CARTESIAN_POINT('',(-2.527121431,83.089375337,-38.956230636));
#12393=CARTESIAN_POINT('',(-2.676332163,83.024056694,-39.037127741));
#12394=CARTESIAN_POINT('',(-2.753878598,82.999635216,-39.078771626));
#12395=CARTESIAN_POINT('',(-2.91198258,82.968162159,-39.162883357));
#12396=CARTESIAN_POINT('',(-2.992536584,82.961111266,-39.205349243));
#12397=CARTESIAN_POINT('',(-3.073102932,82.962874427,-39.247426594));
#12398=CARTESIAN_POINT('',(-2.27288517,83.438562033,-38.375445597));
#12399=CARTESIAN_POINT('',(-2.333475398,83.359795973,-38.404345068));
#12400=CARTESIAN_POINT('',(-2.402197454,83.288472109,-38.43637571));
#12401=CARTESIAN_POINT('',(-2.552588148,83.164124928,-38.50513688));
#12402=CARTESIAN_POINT('',(-2.63425096,83.11110637,-38.541864692));
#12403=CARTESIAN_POINT('',(-2.806578992,83.025916974,-38.618226804));
#12404=CARTESIAN_POINT('',(-2.897237556,82.993749392,-38.657858095));
#12405=CARTESIAN_POINT('',(-3.083183584,82.95180704,-38.738093786));
#12406=CARTESIAN_POINT('',(-3.178463879,82.94203387,-38.778695029));
#12407=CARTESIAN_POINT('',(-3.273761517,82.943691925,-38.818792676));
#12408=CARTESIAN_POINT('',(-2.304635373,83.487409637,-38.17215471));
#12409=CARTESIAN_POINT('',(-2.36542916,83.400302752,-38.19901311));
#12410=CARTESIAN_POINT('',(-2.435871982,83.321015142,-38.229232667));
#12411=CARTESIAN_POINT('',(-2.592232411,83.182336811,-38.294740099));
#12412=CARTESIAN_POINT('',(-2.678142379,83.122952729,-38.330024704));
#12413=CARTESIAN_POINT('',(-2.860775829,83.027280556,-38.403728127));
#12414=CARTESIAN_POINT('',(-2.95749044,82.990997035,-38.442143278));
#12415=CARTESIAN_POINT('',(-3.156495265,82.943479768,-38.52000376));
#12416=CARTESIAN_POINT('',(-3.258775842,82.932248286,-38.559445222));
#12417=CARTESIAN_POINT('',(-3.36107668,82.933844277,-38.598321724));
#12418=CARTESIAN_POINT('',(-2.360811447,83.588870201,-37.760906416));
#12419=CARTESIAN_POINT('',(-2.419769788,83.485116783,-37.783629066));
#12420=CARTESIAN_POINT('',(-2.491737781,83.389610674,-37.810044558));
#12421=CARTESIAN_POINT('',(-2.656893812,83.22141796,-37.868486145));
#12422=CARTESIAN_POINT('',(-2.750069543,83.148743756,-37.90050782));
#12423=CARTESIAN_POINT('',(-2.951419331,83.031049557,-37.968005304));
#12424=CARTESIAN_POINT('',(-3.059578435,82.98603823,-38.003476021));
#12425=CARTESIAN_POINT('',(-3.283680757,82.926664632,-38.075484537));
#12426=CARTESIAN_POINT('',(-3.39960736,82.91230673,-38.112016908));
#12427=CARTESIAN_POINT('',(-3.51556142,82.913752081,-38.147853579));
#12428=CARTESIAN_POINT('',(-2.384964862,83.641091342,-37.554541491));
#12429=CARTESIAN_POINT('',(-2.441881873,83.529097405,-37.575186053));
#12430=CARTESIAN_POINT('',(-2.513639324,83.425399374,-37.599623443));
#12431=CARTESIAN_POINT('',(-2.681570238,83.242137189,-37.654280086));
#12432=CARTESIAN_POINT('',(-2.777728555,83.162589304,-37.684494329));
#12433=CARTESIAN_POINT('',(-2.987402026,83.03344018,-37.748467665));
#12434=CARTESIAN_POINT('',(-3.100898378,82.983850385,-37.782220905));
#12435=CARTESIAN_POINT('',(-3.336928974,82.918241089,-37.850774041));
#12436=CARTESIAN_POINT('',(-3.459442111,82.902227393,-37.88556767));
#12437=CARTESIAN_POINT('',(-3.581986883,82.903585334,-37.919596702));
#12438=CARTESIAN_POINT('',(-2.426241772,83.747411564,-37.144286497));
#12439=CARTESIAN_POINT('',(-2.477054359,83.619427331,-37.160992994));
#12440=CARTESIAN_POINT('',(-2.546592224,83.499428234,-37.181493514));
#12441=CARTESIAN_POINT('',(-2.717071043,83.285767806,-37.228288587));
#12442=CARTESIAN_POINT('',(-2.817990247,83.19213348,-37.25457709));
#12443=CARTESIAN_POINT('',(-3.042438776,83.039341631,-37.310639318));
#12444=CARTESIAN_POINT('',(-3.165939572,82.980203403,-37.34040581));
#12445=CARTESIAN_POINT('',(-3.424801185,82.901546522,-37.40081054));
#12446=CARTESIAN_POINT('',(-3.560129152,82.882037794,-37.431440987));
#12447=CARTESIAN_POINT('',(-3.695498892,82.883190085,-37.461162192));
#12448=CARTESIAN_POINT('',(-2.443415824,83.801639436,-36.939877835));
#12449=CARTESIAN_POINT('',(-2.490159586,83.665884129,-36.954718107));
#12450=CARTESIAN_POINT('',(-2.557687075,83.537755337,-36.973254199));
#12451=CARTESIAN_POINT('',(-2.727943613,83.308728968,-37.01596271));
#12452=CARTESIAN_POINT('',(-2.830647134,83.207865266,-37.040128628));
#12453=CARTESIAN_POINT('',(-3.061564341,83.042858088,-37.091796511));
#12454=CARTESIAN_POINT('',(-3.189743609,82.978738979,-37.119290615));
#12455=CARTESIAN_POINT('',(-3.459533322,82.893255119,-37.174996643));
#12456=CARTESIAN_POINT('',(-3.60110366,82.871902976,-37.203200087));
#12457=CARTESIAN_POINT('',(-3.742721816,82.872936399,-37.23041841));
#12458=CARTESIAN_POINT('',(-2.485090242,83.967185973,-36.329234529));
#12459=CARTESIAN_POINT('',(-2.516717599,83.80909774,-36.339208238));
#12460=CARTESIAN_POINT('',(-2.575553793,83.656827348,-36.352170414));
#12461=CARTESIAN_POINT('',(-2.740718138,83.38138415,-36.38250964));
#12462=CARTESIAN_POINT('',(-2.847008457,83.258272526,-36.399879343));
#12463=CARTESIAN_POINT('',(-3.09468489,83.055360254,-36.436932387));
#12464=CARTESIAN_POINT('',(-3.236015121,82.975604548,-36.456606772));
#12465=CARTESIAN_POINT('',(-3.537360565,82.86861049,-36.495886675));
#12466=CARTESIAN_POINT('',(-3.697308173,82.841395784,-36.515482664));
#12467=CARTESIAN_POINT('',(-3.857324925,82.842016181,-36.533853048));
#12468=CARTESIAN_POINT('',(-2.5,84.081342273,-35.925683099));
#12469=CARTESIAN_POINT('',(-2.517655642,83.909638736,-35.933284038));
#12470=CARTESIAN_POINT('',(-2.567161935,83.74158386,-35.942865989));
#12471=CARTESIAN_POINT('',(-2.723082524,83.434759183,-35.964695862));
#12472=CARTESIAN_POINT('',(-2.829449107,83.296077274,-35.976936655));
#12473=CARTESIAN_POINT('',(-3.084859018,83.066243752,-36.002351538));
#12474=CARTESIAN_POINT('',(-3.233827012,82.975157436,-36.015516757));
#12475=CARTESIAN_POINT('',(-3.554672055,82.852480286,-36.040864176));
#12476=CARTESIAN_POINT('',(-3.726455727,82.820924099,-36.053037028));
#12477=CARTESIAN_POINT('',(-3.898327298,82.82119453,-36.063807603));
#12478=CARTESIAN_POINT('',(-2.5,84.19876566,-35.525386948));
#12479=CARTESIAN_POINT('',(-2.5,84.015824036,-35.533471646));
#12480=CARTESIAN_POINT('',(-2.536382161,83.832954174,-35.541553173));
#12481=CARTESIAN_POINT('',(-2.676435205,83.494880322,-35.556493596));
#12482=CARTESIAN_POINT('',(-2.780051149,83.339808947,-35.563346631));
#12483=CARTESIAN_POINT('',(-3.038867437,83.080935911,-35.574786949));
#12484=CARTESIAN_POINT('',(-3.193966255,82.977235796,-35.579369745));
#12485=CARTESIAN_POINT('',(-3.532202501,82.836915488,-35.585570889));
#12486=CARTESIAN_POINT('',(-3.715207249,82.800350337,-35.587186805));
#12487=CARTESIAN_POINT('',(-3.898327298,82.80013176,-35.587196465));
#12488=B_SPLINE_SURFACE_WITH_KNOTS('',3,3,((#12268,#12269,#12270,#12271,#12272,#12273,#12274,#12275,#12276,#12277),(#12278,#12279,#12280,#12281,#12282,#12283,#12284,#12285,#12286,#12287),(#12288,#12289,#12290,#12291,#12292,#12293,#12294,#12295,#12296,#12297),(#12298,#12299,#12300,#12301,#12302,#12303,#12304,#12305,#12306,#12307),(#12308,#12309,#12310,#12311,#12312,#12313,#12314,#12315,#12316,#12317),(#12318,#12319,#12320,#12321,#12322,#12323,#12324,#12325,#12326,#12327),(#12328,#12329,#12330,#12331,#12332,#12333,#12334,#12335,#12336,#12337),(#12338,#12339,#12340,#12341,#12342,#12343,#12344,#12345,#12346,#12347),(#12348,#12349,#12350,#12351,#12352,#12353,#12354,#12355,#12356,#12357),(#12358,#12359,#12360,#12361,#12362,#12363,#12364,#12365,#12366,#12367),(#12368,#12369,#12370,#12371,#12372,#12373,#12374,#12375,#12376,#12377),(#12378,#12379,#12380,#12381,#12382,#12383,#12384,#12385,#12386,#12387),(#12388,#12389,#12390,#12391,#12392,#12393,#12394,#12395,#12396,#12397),(#12398,#12399,#12400,#12401,#12402,#12403,#12404,#12405,#12406,#12407),(#12408,#12409,#12410,#12411,#12412,#12413,#12414,#12415,#12416,#12417),(#12418,#12419,#12420,#12421,#12422,#12423,#12424,#12425,#12426,#12427),(#12428,#12429,#12430,#12431,#12432,#12433,#12434,#12435,#12436,#12437),(#12438,#12439,#12440,#12441,#12442,#12443,#12444,#12445,#12446,#12447),(#12448,#12449,#12450,#12451,#12452,#12453,#12454,#12455,#12456,#12457),(#12458,#12459,#12460,#12461,#12462,#12463,#12464,#12465,#12466,#12467),(#12468,#12469,#12470,#12471,#12472,#12473,#12474,#12475,#12476,#12477),(#12478,#12479,#12480,#12481,#12482,#12483,#12484,#12485,#12486,#12487)),.UNSPECIFIED.,.F.,.F.,.U.,(4,2,2,2,2,2,2,2,2,2,4),(4,2,2,2,4),(-0.,0.000178961,0.000357921,0.000715842,0.001073764,0.001431685,0.002147527,0.00286337,0.003579212,0.004295054,0.005726739),(0.,0.25,0.5,0.75,1.),.UNSPECIFIED.);
#12489=ORIENTED_EDGE('',*,*,#12020,.T.);
#12490=ORIENTED_EDGE('',*,*,#2836,.F.);
#12491=CARTESIAN_POINT('',(-3.9,84.19876566,-35.525386948));
#12492=DIRECTION('',(0.,0.044149686,-0.999024927));
#12493=DIRECTION('',(0.,0.999024927,0.044149686));
#12494=AXIS2_PLACEMENT_3D('',#12491,#12492,#12493);
#12495=CIRCLE('',#12494,1.4);
#12496=EDGE_CURVE('',#2166,#2795,#12495,.T.);
#12497=ORIENTED_EDGE('',*,*,#12496,.F.);
#12498=ORIENTED_EDGE('',*,*,#11991,.F.);
#12499=EDGE_LOOP('',(#12489,#12490,#12497,#12498));
#12500=FACE_BOUND('',#12499,.T.);
#12501=ADVANCED_FACE('',(#12500),#12488,.F.);
#12502=CARTESIAN_POINT('',(3.9,82.477050772,3.644889957));
#12503=DIRECTION('',(0.,0.044149686,-0.999024927));
#12504=DIRECTION('',(0.,0.999024927,0.044149686));
#12505=AXIS2_PLACEMENT_3D('',#12502,#12503,#12504);
#12506=CYLINDRICAL_SURFACE('',#12505,1.4);
#12507=ORIENTED_EDGE('',*,*,#12262,.T.);
#12508=ORIENTED_EDGE('',*,*,#2128,.F.);
#12509=CARTESIAN_POINT('',(3.9,83.935979048,-29.367931544));
#12510=DIRECTION('',(0.,0.044149686,-0.999024927));
#12511=DIRECTION('',(-0.,0.999024927,0.044149686));
#12512=AXIS2_PLACEMENT_3D('',#12509,#12510,#12511);
#12513=CIRCLE('',#12512,1.4);
#12514=EDGE_CURVE('',#2727,#2114,#12513,.T.);
#12515=ORIENTED_EDGE('',*,*,#12514,.F.);
#12516=ORIENTED_EDGE('',*,*,#2881,.F.);
#12517=EDGE_LOOP('',(#12507,#12508,#12515,#12516));
#12518=FACE_BOUND('',#12517,.T.);
#12519=ADVANCED_FACE('',(#12518),#12506,.F.);
#12520=CARTESIAN_POINT('',(-3.9,82.46774051,3.644478511));
#12521=DIRECTION('',(0.,-0.044149686,0.999024927));
#12522=DIRECTION('',(0.,-0.999024927,-0.044149686));
#12523=AXIS2_PLACEMENT_3D('',#12520,#12521,#12522);
#12524=CYLINDRICAL_SURFACE('',#12523,1.4);
#12525=ORIENTED_EDGE('',*,*,#12496,.T.);
#12526=ORIENTED_EDGE('',*,*,#2800,.F.);
#12527=CARTESIAN_POINT('',(-3.9,83.926724106,-29.369594767));
#12528=DIRECTION('',(0.,0.044149686,-0.999024927));
#12529=DIRECTION('',(0.,0.999024927,0.044149686));
#12530=AXIS2_PLACEMENT_3D('',#12527,#12528,#12529);
#12531=CIRCLE('',#12530,1.4);
#12532=EDGE_CURVE('',#2175,#2768,#12531,.T.);
#12533=ORIENTED_EDGE('',*,*,#12532,.F.);
#12534=ORIENTED_EDGE('',*,*,#2180,.F.);
#12535=EDGE_LOOP('',(#12525,#12526,#12533,#12534));
#12536=FACE_BOUND('',#12535,.T.);
#12537=ADVANCED_FACE('',(#12536),#12524,.F.);
#12538=CARTESIAN_POINT('',(1.7,84.127463743,-28.515018802));
#12539=CARTESIAN_POINT('',(1.700245502,83.9292832,-28.557330724));
#12540=CARTESIAN_POINT('',(1.700490861,83.721890544,-28.555924925));
#12541=CARTESIAN_POINT('',(1.700936294,83.32671301,-28.465935679));
#12542=CARTESIAN_POINT('',(1.701136108,83.139160231,-28.377405086));
#12543=CARTESIAN_POINT('',(1.701453288,82.818520389,-28.129506847));
#12544=CARTESIAN_POINT('',(1.701570468,82.685621647,-27.970284798));
#12545=CARTESIAN_POINT('',(1.701700518,82.499037708,-27.610493243));
#12546=CARTESIAN_POINT('',(1.701713312,82.445462098,-27.410135053));
#12547=CARTESIAN_POINT('',(1.701672702,82.43651524,-27.207685458));
#12548=CARTESIAN_POINT('',(1.753110814,84.127663182,-28.514976221));
#12549=CARTESIAN_POINT('',(1.751099835,83.929472808,-28.557310903));
#12550=CARTESIAN_POINT('',(1.752056118,83.722068424,-28.555922933));
#12551=CARTESIAN_POINT('',(1.759727834,83.326870038,-28.465956246));
#12552=CARTESIAN_POINT('',(1.766438763,83.1393082,-28.377430381));
#12553=CARTESIAN_POINT('',(1.784380095,82.818658474,-28.129529438));
#12554=CARTESIAN_POINT('',(1.795599961,82.685758956,-27.970299994));
#12555=CARTESIAN_POINT('',(1.820480573,82.499184662,-27.610486176));
#12556=CARTESIAN_POINT('',(1.834126705,82.445619492,-27.41011318));
#12557=CARTESIAN_POINT('',(1.84772744,82.436688282,-27.207648513));
#12558=CARTESIAN_POINT('',(1.805315347,84.126221813,-28.520639372));
#12559=CARTESIAN_POINT('',(1.801084327,83.928109203,-28.562460427));
#12560=CARTESIAN_POINT('',(1.802737789,83.72086838,-28.560909063));
#12561=CARTESIAN_POINT('',(1.817510438,83.32608442,-28.471345771));
#12562=CARTESIAN_POINT('',(1.830620947,83.138772525,-28.383386302));
#12563=CARTESIAN_POINT('',(1.865885966,82.818613126,-28.137220121));
#12564=CARTESIAN_POINT('',(1.888019762,82.685953152,-27.979157588));
#12565=CARTESIAN_POINT('',(1.937230759,82.499767891,-27.622020175));
#12566=CARTESIAN_POINT('',(1.964279054,82.446351658,-27.42315447));
#12567=CARTESIAN_POINT('',(1.991289915,82.437503101,-27.22220123));
#12568=CARTESIAN_POINT('',(1.882320983,84.12177482,-28.537306177));
#12569=CARTESIAN_POINT('',(1.875068237,83.923908214,-28.577653753));
#12570=CARTESIAN_POINT('',(1.877944678,83.717162207,-28.575650181));
#12571=CARTESIAN_POINT('',(1.903431284,83.323613359,-28.487306151));
#12572=CARTESIAN_POINT('',(1.926026643,83.13703903,-28.401016989));
#12573=CARTESIAN_POINT('',(1.986800184,82.818314023,-28.159939838));
#12574=CARTESIAN_POINT('',(2.024943062,82.68634841,-28.005291827));
#12575=CARTESIAN_POINT('',(2.109783943,82.501276034,-27.655978108));
#12576=CARTESIAN_POINT('',(2.156432664,82.448276732,-27.461515221));
#12577=CARTESIAN_POINT('',(2.203055404,82.43964675,-27.264977156));
#12578=CARTESIAN_POINT('',(1.907771081,84.119910318,-28.544233578));
#12579=CARTESIAN_POINT('',(1.899562017,83.922147441,-28.583973296));
#12580=CARTESIAN_POINT('',(1.902875216,83.715608145,-28.581785258));
#12581=CARTESIAN_POINT('',(1.931942839,83.322573657,-28.493952048));
#12582=CARTESIAN_POINT('',(1.957680437,83.136305843,-28.408357687));
#12583=CARTESIAN_POINT('',(2.026876889,82.818175887,-28.169394158));
#12584=CARTESIAN_POINT('',(2.07029569,82.686497789,-28.016163227));
#12585=CARTESIAN_POINT('',(2.166868739,82.501885024,-27.670095515));
#12586=CARTESIAN_POINT('',(2.219967089,82.449057158,-27.477458931));
#12587=CARTESIAN_POINT('',(2.273043192,82.440515986,-27.282752335));
#12588=CARTESIAN_POINT('',(1.958224522,84.115428494,-28.560883799));
#12589=CARTESIAN_POINT('',(1.948242662,83.917919367,-28.599196356));
#12590=CARTESIAN_POINT('',(1.952516164,83.711878473,-28.596592));
#12591=CARTESIAN_POINT('',(1.988799116,83.320078725,-28.510021593));
#12592=CARTESIAN_POINT('',(2.02078775,83.13454455,-28.426105185));
#12593=CARTESIAN_POINT('',(2.106660059,82.817836202,-28.19221979));
#12594=CARTESIAN_POINT('',(2.160494468,82.686843648,-28.04238492));
#12595=CARTESIAN_POINT('',(2.280200083,82.503324525,-27.704088292));
#12596=CARTESIAN_POINT('',(2.346002612,82.450903196,-27.515820524));
#12597=CARTESIAN_POINT('',(2.411790151,82.442570838,-27.325494987));
#12598=CARTESIAN_POINT('',(1.983264223,84.112802097,-28.570642209));
#12599=CARTESIAN_POINT('',(1.972465772,83.915443468,-28.608132917));
#12600=CARTESIAN_POINT('',(1.977264407,83.709695211,-28.605296191));
#12601=CARTESIAN_POINT('',(2.01718798,83.318618211,-28.519480866));
#12602=CARTESIAN_POINT('',(2.052290129,83.13351258,-28.436551223));
#12603=CARTESIAN_POINT('',(2.14642721,82.817633598,-28.205640952));
#12604=CARTESIAN_POINT('',(2.205408409,82.687040459,-28.05779205));
#12605=CARTESIAN_POINT('',(2.336529917,82.504157674,-27.724036422));
#12606=CARTESIAN_POINT('',(2.408595382,82.451972365,-27.538320093));
#12607=CARTESIAN_POINT('',(2.480649381,82.443760579,-27.350553126));
#12608=CARTESIAN_POINT('',(2.056045795,84.104021494,-28.603460162));
#12609=CARTESIAN_POINT('',(2.043103032,83.907176451,-28.638274199));
#12610=CARTESIAN_POINT('',(2.049603592,83.702412445,-28.634725815));
#12611=CARTESIAN_POINT('',(2.100324782,83.313756106,-28.551540843));
#12612=CARTESIAN_POINT('',(2.144516925,83.130081698,-28.471950888));
#12613=CARTESIAN_POINT('',(2.262635368,82.816968741,-28.251042743));
#12614=CARTESIAN_POINT('',(2.336495331,82.687705755,-28.109848382));
#12615=CARTESIAN_POINT('',(2.500565031,82.506940251,-27.791288037));
#12616=CARTESIAN_POINT('',(2.590682622,82.455539085,-27.614100617));
#12617=CARTESIAN_POINT('',(2.68079869,82.447726863,-27.434886229));
#12618=CARTESIAN_POINT('',(2.102040624,84.096929925,-28.630188));
#12619=CARTESIAN_POINT('',(2.088056157,83.900511923,-28.662923155));
#12620=CARTESIAN_POINT('',(2.095872329,83.696549755,-28.658876139));
#12621=CARTESIAN_POINT('',(2.153712068,83.309853499,-28.577938938));
#12622=CARTESIAN_POINT('',(2.203703591,83.127333214,-28.501093481));
#12623=CARTESIAN_POINT('',(2.336920679,82.816446229,-28.288327458));
#12624=CARTESIAN_POINT('',(2.420072457,82.688251412,-28.152524457));
#12625=CARTESIAN_POINT('',(2.604644343,82.509183928,-27.84625095));
#12626=CARTESIAN_POINT('',(2.705962225,82.458410259,-27.675949672));
#12627=CARTESIAN_POINT('',(2.807284462,82.450916569,-27.503640334));
#12628=CARTESIAN_POINT('',(2.167288615,84.084729169,-28.677388753));
#12629=CARTESIAN_POINT('',(2.152385228,83.88908717,-28.706806339));
#12630=CARTESIAN_POINT('',(2.162493031,83.686533211,-28.702161293));
#12631=CARTESIAN_POINT('',(2.230951777,83.303245145,-28.625563479));
#12632=CARTESIAN_POINT('',(2.289265752,83.122717929,-28.553652052));
#12633=CARTESIAN_POINT('',(2.443799271,82.815664645,-28.355257505));
#12634=CARTESIAN_POINT('',(2.539935368,82.689304316,-28.228881457));
#12635=CARTESIAN_POINT('',(2.753025833,82.51315191,-27.944008439));
#12636=CARTESIAN_POINT('',(2.869865136,82.463454913,-27.785665211));
#12637=CARTESIAN_POINT('',(2.986716407,82.456509671,-27.625345969));
#12638=CARTESIAN_POINT('',(2.188510208,84.080376909,-28.694407953));
#12639=CARTESIAN_POINT('',(2.173406943,83.885017813,-28.722680461));
#12640=CARTESIAN_POINT('',(2.18433541,83.682970418,-28.717860608));
#12641=CARTESIAN_POINT('',(2.256340138,83.30090343,-28.642880862));
#12642=CARTESIAN_POINT('',(2.31737785,83.12108829,-28.572761086));
#12643=CARTESIAN_POINT('',(2.478826289,82.815403191,-28.379547351));
#12644=CARTESIAN_POINT('',(2.579150586,82.68969681,-28.256556763));
#12645=CARTESIAN_POINT('',(2.801416408,82.514583416,-27.979357055));
#12646=CARTESIAN_POINT('',(2.923238949,82.465270108,-27.825296237));
#12647=CARTESIAN_POINT('',(3.045075803,82.458520626,-27.669270773));
#12648=CARTESIAN_POINT('',(2.229139541,84.071292835,-28.730448463));
#12649=CARTESIAN_POINT('',(2.213856436,83.876540239,-28.756430934));
#12650=CARTESIAN_POINT('',(2.226509812,83.67556169,-28.751348294));
#12651=CARTESIAN_POINT('',(2.305491188,83.296058764,-28.679935662));
#12652=CARTESIAN_POINT('',(2.371777664,83.117733816,-28.613643189));
#12653=CARTESIAN_POINT('',(2.546427353,82.814908324,-28.431398303));
#12654=CARTESIAN_POINT('',(2.654698751,82.690566914,-28.315541636));
#12655=CARTESIAN_POINT('',(2.894326719,82.517622181,-28.054479388));
#12656=CARTESIAN_POINT('',(3.025557317,82.469109739,-27.909410961));
#12657=CARTESIAN_POINT('',(3.15680647,82.462769953,-27.762401427));
#12658=CARTESIAN_POINT('',(2.248473459,84.06658261,-28.749383226));
#12659=CARTESIAN_POINT('',(2.233209374,83.872152086,-28.774225768));
#12660=CARTESIAN_POINT('',(2.246762841,83.671733221,-28.769055401));
#12661=CARTESIAN_POINT('',(2.329160962,83.293567112,-28.699582735));
#12662=CARTESIAN_POINT('',(2.397962704,83.116016725,-28.635316593));
#12663=CARTESIAN_POINT('',(2.578874999,82.814675864,-28.458833376));
#12664=CARTESIAN_POINT('',(2.690891344,82.691042254,-28.346708145));
#12665=CARTESIAN_POINT('',(2.938675932,82.519222079,-28.094071655));
#12666=CARTESIAN_POINT('',(3.074315147,82.471124955,-27.953691868));
#12667=CARTESIAN_POINT('',(3.209974805,82.464998176,-27.811383096));
#12668=CARTESIAN_POINT('',(2.303625255,84.052030012,-28.808827039));
#12669=CARTESIAN_POINT('',(2.288717576,83.858621502,-28.83031726));
#12670=CARTESIAN_POINT('',(2.305066681,83.659951677,-28.825051184));
#12671=CARTESIAN_POINT('',(2.397489299,83.285943342,-28.761903951));
#12672=CARTESIAN_POINT('',(2.473516029,83.110793845,-28.704054669));
#12673=CARTESIAN_POINT('',(2.672236481,82.814049257,-28.545655985));
#12674=CARTESIAN_POINT('',(2.794829641,82.692604125,-28.445186524));
#12675=CARTESIAN_POINT('',(3.06557879,82.524261573,-28.218815843));
#12676=CARTESIAN_POINT('',(3.213597775,82.477449219,-28.093028867));
#12677=CARTESIAN_POINT('',(3.36164222,82.471983792,-27.965350096));
#12678=CARTESIAN_POINT('',(2.33662017,84.041771635,-28.851949749));
#12679=CARTESIAN_POINT('',(2.322349224,83.849118559,-28.871296597));
#12680=CARTESIAN_POINT('',(2.340690453,83.651707444,-28.86619022));
#12681=CARTESIAN_POINT('',(2.439499783,83.280665766,-28.807931502));
#12682=CARTESIAN_POINT('',(2.519918912,83.107218828,-28.754807938));
#12683=CARTESIAN_POINT('',(2.729214017,82.813726337,-28.609523853));
#12684=CARTESIAN_POINT('',(2.857986298,82.693826023,-28.517435093));
#12685=CARTESIAN_POINT('',(3.142049616,82.527938978,-28.309881414));
#12686=CARTESIAN_POINT('',(3.297199926,82.482034332,-28.194519017));
#12687=CARTESIAN_POINT('',(3.452378182,82.477039274,-28.077290695));
#12688=CARTESIAN_POINT('',(2.380316179,84.02576103,-28.921940403));
#12689=CARTESIAN_POINT('',(2.367486216,83.834354774,-28.93837777));
#12690=CARTESIAN_POINT('',(2.3889132,83.638959917,-28.933979536));
#12691=CARTESIAN_POINT('',(2.496723662,83.272624275,-28.884241678));
#12692=CARTESIAN_POINT('',(2.583055484,83.101858954,-28.838925862));
#12693=CARTESIAN_POINT('',(2.806241075,82.813476343,-28.714919693));
#12694=CARTESIAN_POINT('',(2.942987915,82.695997179,-28.636288699));
#12695=CARTESIAN_POINT('',(3.244089886,82.533961741,-28.45881813));
#12696=CARTESIAN_POINT('',(3.408300761,82.489483074,-28.360063507));
#12697=CARTESIAN_POINT('',(3.572542207,82.485234559,-28.259482765));
#12698=CARTESIAN_POINT('',(2.393808551,84.020351125,-28.946025485));
#12699=CARTESIAN_POINT('',(2.381537498,83.829377087,-28.961550165));
#12700=CARTESIAN_POINT('',(2.404002633,83.634671856,-28.95746539));
#12701=CARTESIAN_POINT('',(2.51469601,83.269938609,-28.910750855));
#12702=CARTESIAN_POINT('',(2.602871807,83.100083337,-28.868143204));
#12703=CARTESIAN_POINT('',(2.830324803,82.813432891,-28.751457922));
#12704=CARTESIAN_POINT('',(2.969494249,82.696773477,-28.677435518));
#12705=CARTESIAN_POINT('',(3.27574421,82.536042636,-28.510245935));
#12706=CARTESIAN_POINT('',(3.442679647,82.492047332,-28.417157889));
#12707=CARTESIAN_POINT('',(3.609646335,82.488053105,-28.322257084));
#12708=CARTESIAN_POINT('',(2.418310863,84.009571996,-28.994969764));
#12709=CARTESIAN_POINT('',(2.407268761,83.819481775,-29.008823923));
#12710=CARTESIAN_POINT('',(2.431778869,83.626168176,-29.005520782));
#12711=CARTESIAN_POINT('',(2.54790105,83.264654042,-28.965138818));
#12712=CARTESIAN_POINT('',(2.639459333,83.096620913,-28.928078679));
#12713=CARTESIAN_POINT('',(2.874620913,82.81343486,-28.826268027));
#12714=CARTESIAN_POINT('',(3.018115288,82.698413067,-28.761564622));
#12715=CARTESIAN_POINT('',(3.333502304,82.54028971,-28.61512094));
#12716=CARTESIAN_POINT('',(3.505248868,82.497261364,-28.533448425));
#12717=CARTESIAN_POINT('',(3.677027694,82.493778545,-28.449989595));
#12718=CARTESIAN_POINT('',(2.429385585,84.004179353,-29.019930694));
#12719=CARTESIAN_POINT('',(2.419015587,83.81454254,-29.033022655));
#12720=CARTESIAN_POINT('',(2.444537037,83.621933883,-29.030188611));
#12721=CARTESIAN_POINT('',(2.563218385,83.262043334,-28.99312814));
#12722=CARTESIAN_POINT('',(2.656323932,83.094926214,-28.958918663));
#12723=CARTESIAN_POINT('',(2.894947298,82.813479856,-28.864692684));
#12724=CARTESIAN_POINT('',(3.040355843,82.699279473,-28.804719286));
#12725=CARTESIAN_POINT('',(3.359757253,82.542464629,-28.668784357));
#12726=CARTESIAN_POINT('',(3.533603859,82.499921962,-28.592885011));
#12727=CARTESIAN_POINT('',(3.707483062,82.496697349,-28.515212492));
#12728=CARTESIAN_POINT('',(2.449212561,83.99340779,-29.0708132));
#12729=CARTESIAN_POINT('',(2.440273347,83.804699512,-29.082535254));
#12730=CARTESIAN_POINT('',(2.467774789,83.613516955,-29.080801245));
#12731=CARTESIAN_POINT('',(2.591242731,83.256897042,-29.050698998));
#12732=CARTESIAN_POINT('',(2.687153962,83.091619275,-29.022344214));
#12733=CARTESIAN_POINT('',(2.931931108,82.813662673,-28.94357705));
#12734=CARTESIAN_POINT('',(3.080687462,82.701108223,-28.893199881));
#12735=CARTESIAN_POINT('',(3.407051356,82.546916925,-28.778542102));
#12736=CARTESIAN_POINT('',(3.584512819,82.505349075,-28.714312751));
#12737=CARTESIAN_POINT('',(3.762007244,82.502645669,-28.648336322));
#12738=CARTESIAN_POINT('',(2.457964821,83.988028804,-29.096734779));
#12739=CARTESIAN_POINT('',(2.449784324,83.799795659,-29.107849084));
#12740=CARTESIAN_POINT('',(2.478254445,83.609334268,-29.106745981));
#12741=CARTESIAN_POINT('',(2.603949842,83.254361426,-29.080280428));
#12742=CARTESIAN_POINT('',(2.701119496,83.090007013,-29.054929669));
#12743=CARTESIAN_POINT('',(2.948588625,82.81380049,-28.984036654));
#12744=CARTESIAN_POINT('',(3.098778602,82.702070571,-28.938525723));
#12745=CARTESIAN_POINT('',(3.42809054,82.54919431,-28.834636385));
#12746=CARTESIAN_POINT('',(3.607066794,82.508115599,-28.776303886));
#12747=CARTESIAN_POINT('',(3.786076038,82.505675185,-28.716237262));
#12748=CARTESIAN_POINT('',(2.473110207,83.977296704,-29.149551626));
#12749=CARTESIAN_POINT('',(2.466507686,83.790034814,-29.159611354));
#12750=CARTESIAN_POINT('',(2.496851115,83.601030884,-29.159936939));
#12751=CARTESIAN_POINT('',(2.626639203,83.249373309,-29.141067787));
#12752=CARTESIAN_POINT('',(2.72602774,83.086871685,-29.121881189));
#12753=CARTESIAN_POINT('',(2.978103933,82.814173457,-29.067029862));
#12754=CARTESIAN_POINT('',(3.130682598,82.704094738,-29.031388806));
#12755=CARTESIAN_POINT('',(3.464834847,82.553853712,-28.94929756));
#12756=CARTESIAN_POINT('',(3.646263956,82.513756351,-28.902882806));
#12757=CARTESIAN_POINT('',(3.827725848,82.511846684,-28.85475962));
#12758=CARTESIAN_POINT('',(2.479522579,83.971919353,-29.176573254));
#12759=CARTESIAN_POINT('',(2.473743227,83.785155925,-29.186184777));
#12760=CARTESIAN_POINT('',(2.504995081,83.596891698,-29.187312451));
#12761=CARTESIAN_POINT('',(2.636655317,83.246909988,-29.172422337));
#12762=CARTESIAN_POINT('',(2.737007432,83.085342049,-29.156410892));
#12763=CARTESIAN_POINT('',(2.991004195,82.814410069,-29.109765466));
#12764=CARTESIAN_POINT('',(3.144540301,82.705161792,-29.079151378));
#12765=CARTESIAN_POINT('',(3.480589095,82.556246992,-29.008141046));
#12766=CARTESIAN_POINT('',(3.662958178,82.516644096,-28.967775091));
#12767=CARTESIAN_POINT('',(3.845359805,82.515003423,-28.925713506));
#12768=CARTESIAN_POINT('',(2.494858648,83.956069119,-29.257948086));
#12769=CARTESIAN_POINT('',(2.491565637,83.770809634,-29.266479021));
#12770=CARTESIAN_POINT('',(2.525374773,83.584753842,-29.270231072));
#12771=CARTESIAN_POINT('',(2.661977377,83.239756559,-29.267595353));
#12772=CARTESIAN_POINT('',(2.764714439,83.080957411,-29.26120859));
#12773=CARTESIAN_POINT('',(3.023204337,82.815258495,-29.239271443));
#12774=CARTESIAN_POINT('',(3.178850468,82.708468344,-29.223729951));
#12775=CARTESIAN_POINT('',(3.518925488,82.563482115,-29.18588153));
#12776=CARTESIAN_POINT('',(3.703214005,82.525345845,-29.163590005));
#12777=CARTESIAN_POINT('',(3.887533993,82.524507884,-29.139640383));
#12778=CARTESIAN_POINT('',(2.5,83.945857444,-29.312687125));
#12779=CARTESIAN_POINT('',(2.498387689,83.761613289,-29.320843683));
#12780=CARTESIAN_POINT('',(2.533683618,83.577017917,-29.326634644));
#12781=CARTESIAN_POINT('',(2.672703791,83.235291737,-29.332597869));
#12782=CARTESIAN_POINT('',(2.776371936,83.07829877,-29.332767647));
#12783=CARTESIAN_POINT('',(3.036204092,82.816007405,-29.327446588));
#12784=CARTESIAN_POINT('',(3.192263278,82.710814798,-29.32195775));
#12785=CARTESIAN_POINT('',(3.532854041,82.568385632,-29.306144442));
#12786=CARTESIAN_POINT('',(3.717248222,82.531206514,-29.29582616));
#12787=CARTESIAN_POINT('',(3.901672702,82.530898865,-29.283873702));
#12788=CARTESIAN_POINT('',(2.5,83.935979048,-29.367931544));
#12789=CARTESIAN_POINT('',(2.5,83.752758912,-29.37602855));
#12790=CARTESIAN_POINT('',(2.536494389,83.569611084,-29.384122362));
#12791=CARTESIAN_POINT('',(2.676963094,83.231106318,-29.399081828));
#12792=CARTESIAN_POINT('',(2.780881974,83.075882972,-29.405941578));
#12793=CARTESIAN_POINT('',(3.040402172,82.816925409,-29.417385632));
#12794=CARTESIAN_POINT('',(3.19590107,82.713293391,-29.421965419));
#12795=CARTESIAN_POINT('',(3.534903813,82.573366194,-29.42814919));
#12796=CARTESIAN_POINT('',(3.71827387,82.537126239,-29.429750735));
#12797=CARTESIAN_POINT('',(3.901672702,82.537345148,-29.429741061));
#12798=B_SPLINE_SURFACE_WITH_KNOTS('',3,3,((#12538,#12539,#12540,#12541,#12542,#12543,#12544,#12545,#12546,#12547),(#12548,#12549,#12550,#12551,#12552,#12553,#12554,#12555,#12556,#12557),(#12558,#12559,#12560,#12561,#12562,#12563,#12564,#12565,#12566,#12567),(#12568,#12569,#12570,#12571,#12572,#12573,#12574,#12575,#12576,#12577),(#12578,#12579,#12580,#12581,#12582,#12583,#12584,#12585,#12586,#12587),(#12588,#12589,#12590,#12591,#12592,#12593,#12594,#12595,#12596,#12597),(#12598,#12599,#12600,#12601,#12602,#12603,#12604,#12605,#12606,#12607),(#12608,#12609,#12610,#12611,#12612,#12613,#12614,#12615,#12616,#12617),(#12618,#12619,#12620,#12621,#12622,#12623,#12624,#12625,#12626,#12627),(#12628,#12629,#12630,#12631,#12632,#12633,#12634,#12635,#12636,#12637),(#12638,#12639,#12640,#12641,#12642,#12643,#12644,#12645,#12646,#12647),(#12648,#12649,#12650,#12651,#12652,#12653,#12654,#12655,#12656,#12657),(#12658,#12659,#12660,#12661,#12662,#12663,#12664,#12665,#12666,#12667),(#12668,#12669,#12670,#12671,#12672,#12673,#12674,#12675,#12676,#12677),(#12678,#12679,#12680,#12681,#12682,#12683,#12684,#12685,#12686,#12687),(#12688,#12689,#12690,#12691,#12692,#12693,#12694,#12695,#12696,#12697),(#12698,#12699,#12700,#12701,#12702,#12703,#12704,#12705,#12706,#12707),(#12708,#12709,#12710,#12711,#12712,#12713,#12714,#12715,#12716,#12717),(#12718,#12719,#12720,#12721,#12722,#12723,#12724,#12725,#12726,#12727),(#12728,#12729,#12730,#12731,#12732,#12733,#12734,#12735,#12736,#12737),(#12738,#12739,#12740,#12741,#12742,#12743,#12744,#12745,#12746,#12747),(#12748,#12749,#12750,#12751,#12752,#12753,#12754,#12755,#12756,#12757),(#12758,#12759,#12760,#12761,#12762,#12763,#12764,#12765,#12766,#12767),(#12768,#12769,#12770,#12771,#12772,#12773,#12774,#12775,#12776,#12777),(#12778,#12779,#12780,#12781,#12782,#12783,#12784,#12785,#12786,#12787),(#12788,#12789,#12790,#12791,#12792,#12793,#12794,#12795,#12796,#12797)),.UNSPECIFIED.,.F.,.F.,.U.,(4,2,2,2,2,2,2,2,2,2,2,2,4),(4,2,2,2,4),(-0.,0.000431905,0.000647858,0.00086381,0.001295716,0.001511668,0.001727621,0.002159526,0.002375478,0.002591431,0.002807384,0.003023336,0.003455241),(0.,0.25,0.5,0.75,1.),.UNSPECIFIED.);
#12799=ORIENTED_EDGE('',*,*,#12514,.T.);
#12800=ORIENTED_EDGE('',*,*,#11756,.F.);
#12801=CARTESIAN_POINT('',(1.7,83.835149139,-27.145875941));
#12802=DIRECTION('',(0.999999266,0.001184775,0.000252952));
#12803=DIRECTION('',(-0.001184775,0.999999298,-0.));
#12804=AXIS2_PLACEMENT_3D('',#12801,#12802,#12803);
#12805=CIRCLE('',#12804,1.4);
#12806=EDGE_CURVE('',#2729,#2080,#12805,.T.);
#12807=ORIENTED_EDGE('',*,*,#12806,.F.);
#12808=ORIENTED_EDGE('',*,*,#2756,.F.);
#12809=EDGE_LOOP('',(#12799,#12800,#12807,#12808));
#12810=FACE_BOUND('',#12809,.T.);
#12811=ADVANCED_FACE('',(#12810),#12798,.F.);
#12812=CARTESIAN_POINT('',(-2.5,83.926724106,-29.369594767));
#12813=CARTESIAN_POINT('',(-2.5,83.743782482,-29.377679465));
#12814=CARTESIAN_POINT('',(-2.536382161,83.56091262,-29.385760992));
#12815=CARTESIAN_POINT('',(-2.676435205,83.222838768,-29.400701415));
#12816=CARTESIAN_POINT('',(-2.780051149,83.067767393,-29.40755445));
#12817=CARTESIAN_POINT('',(-3.038867437,82.808894356,-29.418994768));
#12818=CARTESIAN_POINT('',(-3.193966255,82.705194242,-29.423577564));
#12819=CARTESIAN_POINT('',(-3.532202501,82.564873933,-29.429778709));
#12820=CARTESIAN_POINT('',(-3.715207249,82.528308782,-29.431394624));
#12821=CARTESIAN_POINT('',(-3.898327298,82.528090206,-29.431404284));
#12822=CARTESIAN_POINT('',(-2.5,83.936532028,-29.31435911));
#12823=CARTESIAN_POINT('',(-2.498399399,83.752571018,-29.322474576));
#12824=CARTESIAN_POINT('',(-2.533591772,83.568261316,-29.328230505));
#12825=CARTESIAN_POINT('',(-2.672206318,83.226983187,-29.334143766));
#12826=CARTESIAN_POINT('',(-2.775572898,83.070151574,-29.334298649));
#12827=CARTESIAN_POINT('',(-3.034697996,82.807960851,-29.328970381));
#12828=CARTESIAN_POINT('',(-3.190352615,82.702706842,-29.323489221));
#12829=CARTESIAN_POINT('',(-3.530165487,82.55989241,-29.307710268));
#12830=CARTESIAN_POINT('',(-3.7141875,82.52238923,-29.29741861));
#12831=CARTESIAN_POINT('',(-3.898327298,82.521642198,-29.285497907));
#12832=CARTESIAN_POINT('',(-2.494855479,83.946652954,-29.25991802));
#12833=CARTESIAN_POINT('',(-2.491589937,83.761684701,-29.268376826));
#12834=CARTESIAN_POINT('',(-2.525307101,83.575928203,-29.272081819));
#12835=CARTESIAN_POINT('',(-2.66151727,83.231410718,-29.269411187));
#12836=CARTESIAN_POINT('',(-2.763954386,83.072790982,-29.263036579));
#12837=CARTESIAN_POINT('',(-3.021732266,82.807226496,-29.241178304));
#12838=CARTESIAN_POINT('',(-3.176967291,82.700390617,-29.225703444));
#12839=CARTESIAN_POINT('',(-3.516247626,82.55504312,-29.188025449));
#12840=CARTESIAN_POINT('',(-3.700153776,82.516591081,-29.165837555));
#12841=CARTESIAN_POINT('',(-3.88417987,82.515317412,-29.141996961));
#12842=CARTESIAN_POINT('',(-2.479747577,83.962325037,-29.179381675));
#12843=CARTESIAN_POINT('',(-2.474022536,83.775869075,-29.188857309));
#12844=CARTESIAN_POINT('',(-2.505212933,83.58793319,-29.189923397));
#12845=CARTESIAN_POINT('',(-2.636544488,83.238501344,-29.175068941));
#12846=CARTESIAN_POINT('',(-2.736629895,83.077153693,-29.159154682));
#12847=CARTESIAN_POINT('',(-2.989982075,82.806435129,-29.112838937));
#12848=CARTESIAN_POINT('',(-3.143141305,82.697179115,-29.082457072));
#12849=CARTESIAN_POINT('',(-3.478465443,82.547964765,-29.011993923));
#12850=CARTESIAN_POINT('',(-3.660488016,82.508069758,-28.971942496));
#12851=CARTESIAN_POINT('',(-3.84263315,82.506007267,-28.930201418));
#12852=CARTESIAN_POINT('',(-2.473470664,83.967630611,-29.152725381));
#12853=CARTESIAN_POINT('',(-2.466932283,83.780682639,-29.162623662));
#12854=CARTESIAN_POINT('',(-2.497227825,83.592018797,-29.162883159));
#12855=CARTESIAN_POINT('',(-2.626719756,83.240939692,-29.144083103));
#12856=CARTESIAN_POINT('',(-2.725860537,83.078675159,-29.125031603));
#12857=CARTESIAN_POINT('',(-2.977333711,82.80622308,-29.070620104));
#12858=CARTESIAN_POINT('',(-3.129558121,82.696152505,-29.035283426));
#12859=CARTESIAN_POINT('',(-3.463033275,82.545638068,-28.95390302));
#12860=CARTESIAN_POINT('',(-3.644140826,82.505258825,-28.907894178));
#12861=CARTESIAN_POINT('',(-3.825371707,82.502933608,-28.860183123));
#12862=CARTESIAN_POINT('',(-2.458380989,83.978404885,-29.099799076));
#12863=CARTESIAN_POINT('',(-2.450255264,83.790481995,-29.110715872));
#12864=CARTESIAN_POINT('',(-2.478673078,83.600360079,-29.109513668));
#12865=CARTESIAN_POINT('',(-2.60407321,83.245969004,-29.083061899));
#12866=CARTESIAN_POINT('',(-2.701000417,83.081855559,-29.057823936));
#12867=CARTESIAN_POINT('',(-2.947885435,82.805905119,-28.987336847));
#12868=CARTESIAN_POINT('',(-3.097734752,82.694189371,-28.942118653));
#12869=CARTESIAN_POINT('',(-3.426402494,82.541051857,-28.838923476));
#12870=CARTESIAN_POINT('',(-3.605076487,82.499697375,-28.780991785));
#12871=CARTESIAN_POINT('',(-3.783875101,82.49684703,-28.721332248));
#12872=CARTESIAN_POINT('',(-2.44951864,83.98389532,-29.073432179));
#12873=CARTESIAN_POINT('',(-2.440616358,83.795487755,-29.084948231));
#12874=CARTESIAN_POINT('',(-2.468047111,83.604632944,-29.083089435));
#12875=CARTESIAN_POINT('',(-2.591184023,83.248570743,-29.052919094));
#12876=CARTESIAN_POINT('',(-2.686835425,83.083521642,-29.024620945));
#12877=CARTESIAN_POINT('',(-2.930995712,82.805799474,-28.94612457));
#12878=CARTESIAN_POINT('',(-3.079396031,82.693249866,-28.895961201));
#12879=CARTESIAN_POINT('',(-3.405086934,82.538784213,-28.781827381));
#12880=CARTESIAN_POINT('',(-3.582232706,82.496936832,-28.717907614));
#12881=CARTESIAN_POINT('',(-3.759503621,82.493823103,-28.652246879));
#12882=CARTESIAN_POINT('',(-2.419631639,84.000255958,-28.996560054));
#12883=CARTESIAN_POINT('',(-2.408549332,83.810439969,-29.010094518));
#12884=CARTESIAN_POINT('',(-2.432977987,83.617430721,-29.006533747));
#12885=CARTESIAN_POINT('',(-2.548877681,83.256436445,-28.965799209));
#12886=CARTESIAN_POINT('',(-2.640295342,83.088617485,-28.928644111));
#12887=CARTESIAN_POINT('',(-2.875182423,82.805646055,-28.826794734));
#12888=CARTESIAN_POINT('',(-3.018543701,82.69062375,-28.762147156));
#12889=CARTESIAN_POINT('',(-3.333762769,82.532223496,-28.615910439));
#12890=CARTESIAN_POINT('',(-3.505475446,82.488918405,-28.534388365));
#12891=CARTESIAN_POINT('',(-3.677314372,82.48503154,-28.451086004));
#12892=CARTESIAN_POINT('',(-2.395240858,84.011115323,-28.947778559));
#12893=CARTESIAN_POINT('',(-2.382888605,83.820411948,-28.962960721));
#12894=CARTESIAN_POINT('',(-2.405246167,83.626011704,-28.958607049));
#12895=CARTESIAN_POINT('',(-2.515697944,83.261806721,-28.91154362));
#12896=CARTESIAN_POINT('',(-2.603740115,83.092173357,-28.868855954));
#12897=CARTESIAN_POINT('',(-2.830961297,82.805757567,-28.75218439));
#12898=CARTESIAN_POINT('',(-2.970033274,82.689109904,-28.678255254));
#12899=CARTESIAN_POINT('',(-3.276204109,82.52812841,-28.51136056));
#12900=CARTESIAN_POINT('',(-3.443158753,82.483870316,-28.41847334));
#12901=CARTESIAN_POINT('',(-3.61023978,82.479485728,-28.32377946));
#12902=CARTESIAN_POINT('',(-2.337608551,84.032554753,-28.855145504));
#12903=CARTESIAN_POINT('',(-2.323294921,83.840185269,-28.874117706));
#12904=CARTESIAN_POINT('',(-2.341536501,83.643107758,-28.86877995));
#12905=CARTESIAN_POINT('',(-2.440059157,83.272671993,-28.810381163));
#12906=CARTESIAN_POINT('',(-2.520291717,83.099495883,-28.757348792));
#12907=CARTESIAN_POINT('',(-2.729201566,82.80634283,-28.612525993));
#12908=CARTESIAN_POINT('',(-2.857776017,82.686510021,-28.52080664));
#12909=CARTESIAN_POINT('',(-3.141535357,82.520478341,-28.314158303));
#12910=CARTESIAN_POINT('',(-3.296580577,82.474361097,-28.199330738));
#12911=CARTESIAN_POINT('',(-3.451750936,82.46901882,-28.082643831));
#12912=CARTESIAN_POINT('',(-2.304001205,84.043209589,-28.811026834));
#12913=CARTESIAN_POINT('',(-2.28900049,83.85005703,-28.832163377));
#12914=CARTESIAN_POINT('',(-2.305183683,83.651685063,-28.826640409));
#12915=CARTESIAN_POINT('',(-2.397164767,83.278209248,-28.76321404));
#12916=CARTESIAN_POINT('',(-2.472916368,83.10329305,-28.70534247));
#12917=CARTESIAN_POINT('',(-2.671061371,82.806824513,-28.547109412));
#12918=CARTESIAN_POINT('',(-2.793355081,82.685421123,-28.446827317));
#12919=CARTESIAN_POINT('',(-3.063592122,82.516903484,-28.22095977));
#12920=CARTESIAN_POINT('',(-3.2113995,82.469873895,-28.095487642));
#12921=CARTESIAN_POINT('',(-3.359330608,82.464068652,-27.968129663));
#12922=CARTESIAN_POINT('',(-2.230454005,84.063048249,-28.731599117));
#12923=CARTESIAN_POINT('',(-2.214905363,83.86850691,-28.757183179));
#12924=CARTESIAN_POINT('',(-2.227304849,83.667779615,-28.751764845));
#12925=CARTESIAN_POINT('',(-2.305848683,83.288727782,-28.679862213));
#12926=CARTESIAN_POINT('',(-2.371951899,83.110601392,-28.613415464));
#12927=CARTESIAN_POINT('',(-2.546360319,82.808005945,-28.431036078));
#12928=CARTESIAN_POINT('',(-2.654574219,82.68369506,-28.31519867));
#12929=CARTESIAN_POINT('',(-2.894261298,82.510581797,-28.05428468));
#12930=CARTESIAN_POINT('',(-3.02560901,82.461869902,-27.909344333));
#12931=CARTESIAN_POINT('',(-3.157075852,82.455221789,-27.762468222));
#12932=CARTESIAN_POINT('',(-2.19030995,84.072336766,-28.695815984));
#12933=CARTESIAN_POINT('',(-2.174886981,83.87718107,-28.723698573));
#12934=CARTESIAN_POINT('',(-2.185541703,83.675379423,-28.718561858));
#12935=CARTESIAN_POINT('',(-2.257141707,83.293760554,-28.643148358));
#12936=CARTESIAN_POINT('',(-2.318048797,83.114146528,-28.572911706));
#12937=CARTESIAN_POINT('',(-2.479421835,82.808706377,-28.379652217));
#12938=CARTESIAN_POINT('',(-2.579801723,82.68304288,-28.256732208));
#12939=CARTESIAN_POINT('',(-2.802388134,82.507795,-27.979790764));
#12940=CARTESIAN_POINT('',(-2.924475957,82.458303922,-27.825916677));
#12941=CARTESIAN_POINT('',(-3.046679728,82.451271065,-27.670083167));
#12942=CARTESIAN_POINT('',(-2.124913327,84.085018675,-28.648260238));
#12943=CARTESIAN_POINT('',(-2.110343353,83.889058967,-28.679481129));
#12944=CARTESIAN_POINT('',(-2.118648837,83.68581836,-28.674945839));
#12945=CARTESIAN_POINT('',(-2.179540528,83.300738009,-28.59516555));
#12946=CARTESIAN_POINT('',(-2.232093477,83.119108483,-28.519964099));
#12947=CARTESIAN_POINT('',(-2.372112466,82.809809217,-28.312244142));
#12948=CARTESIAN_POINT('',(-2.459502035,82.682308325,-28.179839015));
#12949=CARTESIAN_POINT('',(-2.65357484,82.504164601,-27.881365024));
#12950=CARTESIAN_POINT('',(-2.760152085,82.453619018,-27.715459072));
#12951=CARTESIAN_POINT('',(-2.866839023,82.446071556,-27.547561091));
#12952=CARTESIAN_POINT('',(-2.102163327,84.089044693,-28.633404666));
#12953=CARTESIAN_POINT('',(-2.087990983,83.892836179,-28.665722327));
#12954=CARTESIAN_POINT('',(-2.095555963,83.689143937,-28.661418111));
#12955=CARTESIAN_POINT('',(-2.152816407,83.302972775,-28.580330614));
#12956=CARTESIAN_POINT('',(-2.202480352,83.120706329,-28.503591945));
#12957=CARTESIAN_POINT('',(-2.335052258,82.810186603,-28.291354684));
#12958=CARTESIAN_POINT('',(-2.417887245,82.682104171,-28.155972851));
#12959=CARTESIAN_POINT('',(-2.601938733,82.503044607,-27.850728425));
#12960=CARTESIAN_POINT('',(-2.703053924,82.452165993,-27.681033757));
#12961=CARTESIAN_POINT('',(-2.804276469,82.444457134,-27.509336647));
#12962=CARTESIAN_POINT('',(-2.055896642,84.096446604,-28.606440209));
#12963=CARTESIAN_POINT('',(-2.042720639,83.899789611,-28.640824143));
#12964=CARTESIAN_POINT('',(-2.048922926,83.695274441,-28.637000019));
#12965=CARTESIAN_POINT('',(-2.09897423,83.307109799,-28.553619838));
#12966=CARTESIAN_POINT('',(-2.142795298,83.123676978,-28.474110315));
#12967=CARTESIAN_POINT('',(-2.26018802,82.810921208,-28.253673673));
#12968=CARTESIAN_POINT('',(-2.333694123,82.68177282,-28.112869575));
#12969=CARTESIAN_POINT('',(-2.49717462,82.501035909,-27.79527423));
#12970=CARTESIAN_POINT('',(-2.587057727,82.44954826,-27.618660224));
#12971=CARTESIAN_POINT('',(-2.677043096,82.441546206,-27.440024574));
#12972=CARTESIAN_POINT('',(-2.032272268,84.099845692,-28.594242124));
#12973=CARTESIAN_POINT('',(-2.019695759,83.902987595,-28.629601455));
#12974=CARTESIAN_POINT('',(-2.025271511,83.698098555,-28.626027215));
#12975=CARTESIAN_POINT('',(-2.07172669,83.309024998,-28.541653101));
#12976=CARTESIAN_POINT('',(-2.112580006,83.125059065,-28.460900628));
#12977=CARTESIAN_POINT('',(-2.222205547,82.811280652,-28.236755009));
#12978=CARTESIAN_POINT('',(-2.290916157,82.681644455,-28.09348778));
#12979=CARTESIAN_POINT('',(-2.443800632,82.500140585,-27.77027211));
#12980=CARTESIAN_POINT('',(-2.527888569,82.448374883,-27.59050524));
#12981=CARTESIAN_POINT('',(-2.612076021,82.44023993,-27.408707849));
#12982=CARTESIAN_POINT('',(-1.959949947,84.109086689,-28.561458382));
#12983=CARTESIAN_POINT('',(-1.949447677,83.911690639,-28.599515524));
#12984=CARTESIAN_POINT('',(-1.953288409,83.705792984,-28.596674379));
#12985=CARTESIAN_POINT('',(-1.988959491,83.314262083,-28.509710278));
#12986=CARTESIAN_POINT('',(-2.020769394,83.128852713,-28.42563704));
#12987=CARTESIAN_POINT('',(-2.106573943,82.812304987,-28.191523488));
#12988=CARTESIAN_POINT('',(-2.160519417,82.681347629,-28.041617002));
#12989=CARTESIAN_POINT('',(-2.280722192,82.497768824,-27.703233699));
#12990=CARTESIAN_POINT('',(-2.346910612,82.445252343,-27.514950311));
#12991=CARTESIAN_POINT('',(-2.413189681,82.436761372,-27.324612269));
#12992=CARTESIAN_POINT('',(-1.909663607,84.113989143,-28.544612098));
#12993=CARTESIAN_POINT('',(-1.900920759,83.916320497,-28.584166375));
#12994=CARTESIAN_POINT('',(-1.903798098,83.709899211,-28.581791371));
#12995=CARTESIAN_POINT('',(-1.932269481,83.317084769,-28.493614843));
#12996=CARTESIAN_POINT('',(-1.957847065,83.130918341,-28.40786421));
#12997=CARTESIAN_POINT('',(-2.027031595,82.81291745,-28.168629617));
#12998=CARTESIAN_POINT('',(-2.070598543,82.681266531,-28.015283729));
#12999=CARTESIAN_POINT('',(-2.167753876,82.496601589,-27.669016352));
#13000=CARTESIAN_POINT('',(-2.221286094,82.443694149,-27.476294706));
#13001=CARTESIAN_POINT('',(-2.274902217,82.435021752,-27.28150555));
#13002=CARTESIAN_POINT('',(-1.805680731,84.120790482,-28.521799863));
#13003=CARTESIAN_POINT('',(-1.800965348,83.922749013,-28.563431714));
#13004=CARTESIAN_POINT('',(-1.802150195,83.715611006,-28.561729475));
#13005=CARTESIAN_POINT('',(-1.81610308,83.321041401,-28.471968464));
#13006=CARTESIAN_POINT('',(-1.828862934,83.133840471,-28.383962165));
#13007=CARTESIAN_POINT('',(-1.863611167,82.813857897,-28.1377997));
#13008=CARTESIAN_POINT('',(-1.885579169,82.681263317,-27.979787431));
#13009=CARTESIAN_POINT('',(-1.93467735,82.495127906,-27.622810732));
#13010=CARTESIAN_POINT('',(-1.961778735,82.44169589,-27.424054975));
#13011=CARTESIAN_POINT('',(-1.988949309,82.432787671,-27.223213954));
#13012=CARTESIAN_POINT('',(-1.75312441,84.122621476,-28.516051452));
#13013=CARTESIAN_POINT('',(-1.750628722,83.92448301,-28.558240766));
#13014=CARTESIAN_POINT('',(-1.751099781,83.717158677,-28.556736104));
#13015=CARTESIAN_POINT('',(-1.757889049,83.322134407,-28.466614586));
#13016=CARTESIAN_POINT('',(-1.764203274,83.134666187,-28.378050596));
#13017=CARTESIAN_POINT('',(-1.781513572,82.814174694,-28.130147186));
#13018=CARTESIAN_POINT('',(-1.792499489,82.681339419,-27.970953186));
#13019=CARTESIAN_POINT('',(-1.817119252,82.494834403,-27.611255921));
#13020=CARTESIAN_POINT('',(-1.830738653,82.441274065,-27.410963653));
#13021=CARTESIAN_POINT('',(-1.844419426,82.432313871,-27.208581432));
#13022=CARTESIAN_POINT('',(-1.7,84.12282097,-28.516008953));
#13023=CARTESIAN_POINT('',(-1.699754579,83.924672668,-28.55822102));
#13024=CARTESIAN_POINT('',(-1.699509303,83.717336605,-28.55673418));
#13025=CARTESIAN_POINT('',(-1.699063995,83.32229148,-28.466635209));
#13026=CARTESIAN_POINT('',(-1.698864224,83.134814202,-28.378075942));
#13027=CARTESIAN_POINT('',(-1.698547066,82.814312827,-28.130169828));
#13028=CARTESIAN_POINT('',(-1.698429864,82.681476777,-27.970968434));
#13029=CARTESIAN_POINT('',(-1.698299698,82.494981407,-27.611248914));
#13030=CARTESIAN_POINT('',(-1.69828681,82.441431507,-27.410941845));
#13031=CARTESIAN_POINT('',(-1.698327298,82.43248696,-27.208544558));
#13032=B_SPLINE_SURFACE_WITH_KNOTS('',3,3,((#12812,#12813,#12814,#12815,#12816,#12817,#12818,#12819,#12820,#12821),(#12822,#12823,#12824,#12825,#12826,#12827,#12828,#12829,#12830,#12831),(#12832,#12833,#12834,#12835,#12836,#12837,#12838,#12839,#12840,#12841),(#12842,#12843,#12844,#12845,#12846,#12847,#12848,#12849,#12850,#12851),(#12852,#12853,#12854,#12855,#12856,#12857,#12858,#12859,#12860,#12861),(#12862,#12863,#12864,#12865,#12866,#12867,#12868,#12869,#12870,#12871),(#12872,#12873,#12874,#12875,#12876,#12877,#12878,#12879,#12880,#12881),(#12882,#12883,#12884,#12885,#12886,#12887,#12888,#12889,#12890,#12891),(#12892,#12893,#12894,#12895,#12896,#12897,#12898,#12899,#12900,#12901),(#12902,#12903,#12904,#12905,#12906,#12907,#12908,#12909,#12910,#12911),(#12912,#12913,#12914,#12915,#12916,#12917,#12918,#12919,#12920,#12921),(#12922,#12923,#12924,#12925,#12926,#12927,#12928,#12929,#12930,#12931),(#12932,#12933,#12934,#12935,#12936,#12937,#12938,#12939,#12940,#12941),(#12942,#12943,#12944,#12945,#12946,#12947,#12948,#12949,#12950,#12951),(#12952,#12953,#12954,#12955,#12956,#12957,#12958,#12959,#12960,#12961),(#12962,#12963,#12964,#12965,#12966,#12967,#12968,#12969,#12970,#12971),(#12972,#12973,#12974,#12975,#12976,#12977,#12978,#12979,#12980,#12981),(#12982,#12983,#12984,#12985,#12986,#12987,#12988,#12989,#12990,#12991),(#12992,#12993,#12994,#12995,#12996,#12997,#12998,#12999,#13000,#13001),(#13002,#13003,#13004,#13005,#13006,#13007,#13008,#13009,#13010,#13011),(#13012,#13013,#13014,#13015,#13016,#13017,#13018,#13019,#13020,#13021),(#13022,#13023,#13024,#13025,#13026,#13027,#13028,#13029,#13030,#13031)),.UNSPECIFIED.,.F.,.F.,.U.,(4,2,2,2,2,2,2,2,2,2,4),(4,2,2,2,4),(0.,0.000431932,0.000647898,0.000863863,0.001295795,0.001727727,0.002159658,0.002375624,0.00259159,0.003023522,0.003455453),(0.,0.25,0.5,0.75,1.),.UNSPECIFIED.);
#13033=ORIENTED_EDGE('',*,*,#12532,.T.);
#13034=ORIENTED_EDGE('',*,*,#2792,.F.);
#13035=CARTESIAN_POINT('',(-1.7,83.83112086,-27.146735041));
#13036=DIRECTION('',(-0.999999266,-0.001184799,-0.000252401));
#13037=DIRECTION('',(0.001184799,-0.999999298,0.));
#13038=AXIS2_PLACEMENT_3D('',#13035,#13036,#13037);
#13039=CIRCLE('',#13038,1.4);
#13040=EDGE_CURVE('',#2071,#2759,#13039,.T.);
#13041=ORIENTED_EDGE('',*,*,#13040,.F.);
#13042=ORIENTED_EDGE('',*,*,#11892,.F.);
#13043=EDGE_LOOP('',(#13033,#13034,#13041,#13042));
#13044=FACE_BOUND('',#13043,.T.);
#13045=ADVANCED_FACE('',(#13044),#13032,.F.);
#13046=CARTESIAN_POINT('',(-1.700000001,84.122820968,-28.516008954));
#13047=CARTESIAN_POINT('',(-1.69975458,83.924672667,-28.55822102));
#13048=CARTESIAN_POINT('',(-1.699509304,83.717336604,-28.55673418));
#13049=CARTESIAN_POINT('',(-1.699063995,83.32229148,-28.466635209));
#13050=CARTESIAN_POINT('',(-1.698864225,83.134814202,-28.378075942));
#13051=CARTESIAN_POINT('',(-1.698547066,82.814312827,-28.130169828));
#13052=CARTESIAN_POINT('',(-1.698429865,82.681476777,-27.970968434));
#13053=CARTESIAN_POINT('',(-1.698299699,82.494981407,-27.611248914));
#13054=CARTESIAN_POINT('',(-1.69828681,82.441431507,-27.410941845));
#13055=CARTESIAN_POINT('',(-1.698327298,82.43248696,-27.208544558));
#13056=CARTESIAN_POINT('',(-0.566602947,84.124368662,-28.515679244));
#13057=CARTESIAN_POINT('',(-0.566357499,83.926209605,-28.55792459));
#13058=CARTESIAN_POINT('',(-0.566112195,83.718854673,-28.556464757));
#13059=CARTESIAN_POINT('',(-0.565666845,83.323765407,-28.466402349));
#13060=CARTESIAN_POINT('',(-0.56546706,83.136262961,-28.377852634));
#13061=CARTESIAN_POINT('',(-0.565149894,82.815715432,-28.129949137));
#13062=CARTESIAN_POINT('',(-0.5650327,82.682858486,-27.970740855));
#13063=CARTESIAN_POINT('',(-0.564902572,82.496333595,-27.61099732));
#13064=CARTESIAN_POINT('',(-0.564889716,82.442775127,-27.410673211));
#13065=CARTESIAN_POINT('',(-0.564930244,82.433829809,-27.208258487));
#13066=CARTESIAN_POINT('',(0.566730442,84.125916253,-28.515349194));
#13067=CARTESIAN_POINT('',(0.566975917,83.927746449,-28.557627825));
#13068=CARTESIAN_POINT('',(0.567221248,83.720372653,-28.556195005));
#13069=CARTESIAN_POINT('',(0.56766664,83.32523925,-28.466169172));
#13070=CARTESIAN_POINT('',(0.567866439,83.137711638,-28.377629016));
#13071=CARTESIAN_POINT('',(0.568183612,82.817117953,-28.129728143));
#13072=CARTESIAN_POINT('',(0.568300799,82.684240109,-27.970512976));
#13073=CARTESIAN_POINT('',(0.568430888,82.497685696,-27.61074543));
#13074=CARTESIAN_POINT('',(0.568443713,82.444118657,-27.41040428));
#13075=CARTESIAN_POINT('',(0.568403144,82.435172569,-27.20797212));
#13076=CARTESIAN_POINT('',(1.699999999,84.127463741,-28.515018802));
#13077=CARTESIAN_POINT('',(1.700245502,83.929283199,-28.557330724));
#13078=CARTESIAN_POINT('',(1.70049086,83.721890543,-28.555924924));
#13079=CARTESIAN_POINT('',(1.700936294,83.32671301,-28.465935679));
#13080=CARTESIAN_POINT('',(1.701136108,83.139160231,-28.377405086));
#13081=CARTESIAN_POINT('',(1.701453288,82.818520389,-28.129506847));
#13082=CARTESIAN_POINT('',(1.701570467,82.685621647,-27.970284798));
#13083=CARTESIAN_POINT('',(1.701700518,82.499037708,-27.610493243));
#13084=CARTESIAN_POINT('',(1.701713312,82.445462098,-27.410135053));
#13085=CARTESIAN_POINT('',(1.701672702,82.43651524,-27.207685458));
#13086=B_SPLINE_SURFACE_WITH_KNOTS('',3,3,((#13046,#13047,#13048,#13049,#13050,#13051,#13052,#13053,#13054,#13055),(#13056,#13057,#13058,#13059,#13060,#13061,#13062,#13063,#13064,#13065),(#13066,#13067,#13068,#13069,#13070,#13071,#13072,#13073,#13074,#13075),(#13076,#13077,#13078,#13079,#13080,#13081,#13082,#13083,#13084,#13085)),.UNSPECIFIED.,.F.,.F.,.U.,(4,4),(4,2,2,2,4),(0.541773438,0.541887081),(0.000000001,0.25,0.5,0.75,1.),.UNSPECIFIED.);
#13087=ORIENTED_EDGE('',*,*,#12806,.T.);
#13088=ORIENTED_EDGE('',*,*,#2086,.F.);
#13089=ORIENTED_EDGE('',*,*,#13040,.T.);
#13090=ORIENTED_EDGE('',*,*,#2765,.F.);
#13091=EDGE_LOOP('',(#13087,#13088,#13089,#13090));
#13092=FACE_BOUND('',#13091,.T.);
#13093=ADVANCED_FACE('',(#13092),#13086,.F.);
#13094=CARTESIAN_POINT('',(-0.096159843,68.46763309,-56.));
#13095=DIRECTION('',(-0.999999014,-0.001404456,0.));
#13096=DIRECTION('',(0.001404456,-0.999999014,0.));
#13097=AXIS2_PLACEMENT_3D('',#13094,#13095,#13096);
#13098=CYLINDRICAL_SURFACE('',#13097,4.);
#13099=ORIENTED_EDGE('',*,*,#5427,.F.);
#13100=ORIENTED_EDGE('',*,*,#4830,.F.);
#13101=ORIENTED_EDGE('',*,*,#9027,.F.);
#13102=EDGE_LOOP('',(#13099,#13100,#13101));
#13103=FACE_BOUND('',#13102,.T.);
#13104=ADVANCED_FACE('',(#13103),#13098,.F.);
#13105=CARTESIAN_POINT('',(-56.519925385,-0.071598604,-56.));
#13106=DIRECTION('',(0.001266784,-0.999999198,0.));
#13107=DIRECTION('',(0.999999198,0.001266784,0.));
#13108=AXIS2_PLACEMENT_3D('',#13105,#13106,#13107);
#13109=CYLINDRICAL_SURFACE('',#13108,4.);
#13110=ORIENTED_EDGE('',*,*,#6967,.F.);
#13111=ORIENTED_EDGE('',*,*,#5242,.F.);
#13112=CARTESIAN_POINT('',(-56.605029077,67.109241074,-52.));
#13113=CARTESIAN_POINT('',(-56.868895726,67.122255937,-52.));
#13114=CARTESIAN_POINT('',(-57.130362402,67.134045135,-52.025908411));
#13115=CARTESIAN_POINT('',(-57.388610444,67.144912711,-52.077491614));
#13116=CARTESIAN_POINT('',(-57.517734465,67.150346499,-52.103283215));
#13117=CARTESIAN_POINT('',(-57.645771261,67.155545245,-52.135538263));
#13118=CARTESIAN_POINT('',(-57.770813822,67.160479457,-52.173631037));
#13119=CARTESIAN_POINT('',(-57.895856383,67.165413669,-52.211723811));
#13120=CARTESIAN_POINT('',(-58.018462824,67.170105113,-52.255756124));
#13121=CARTESIAN_POINT('',(-58.138663775,67.174593443,-52.305649947));
#13122=CARTESIAN_POINT('',(-58.258864726,67.179081772,-52.355543771));
#13123=CARTESIAN_POINT('',(-58.376660239,67.18336436,-52.411299218));
#13124=CARTESIAN_POINT('',(-58.492011725,67.187468941,-52.473007488));
#13125=CARTESIAN_POINT('',(-58.60736321,67.191573522,-52.534715757));
#13126=CARTESIAN_POINT('',(-58.720874577,67.19551908,-52.60280455));
#13127=CARTESIAN_POINT('',(-58.830087016,67.199244223,-52.675901254));
#13128=CARTESIAN_POINT('',(-59.048511895,67.206694507,-52.822094661));
#13129=CARTESIAN_POINT('',(-59.249725307,67.213271532,-52.987640331));
#13130=CARTESIAN_POINT('',(-59.434118027,67.219147594,-53.172093299));
#13131=CARTESIAN_POINT('',(-59.618510747,67.225023655,-53.356546266));
#13132=CARTESIAN_POINT('',(-59.787347557,67.230231854,-53.562354549));
#13133=CARTESIAN_POINT('',(-59.932391072,67.234627576,-53.779698913));
#13134=CARTESIAN_POINT('',(-60.077434586,67.239023298,-53.997043278));
#13135=CARTESIAN_POINT('',(-60.200225112,67.242655924,-54.226727041));
#13136=CARTESIAN_POINT('',(-60.300556045,67.245594126,-54.468863505));
#13137=CARTESIAN_POINT('',(-60.350721512,67.247063227,-54.589931738));
#13138=CARTESIAN_POINT('',(-60.395389046,67.248361381,-54.714793183));
#13139=CARTESIAN_POINT('',(-60.4334393,67.249462561,-54.840405788));
#13140=CARTESIAN_POINT('',(-60.471489553,67.25056374,-54.966018394));
#13141=CARTESIAN_POINT('',(-60.503136993,67.251474251,-55.092721971));
#13142=CARTESIAN_POINT('',(-60.528524124,67.252202878,-55.220492216));
#13143=CARTESIAN_POINT('',(-60.579298386,67.253660133,-55.476032706));
#13144=CARTESIAN_POINT('',(-60.605216167,67.254396684,-55.735808382));
#13145=CARTESIAN_POINT('',(-60.605216167,67.254396684,-56.));
#13146=B_SPLINE_CURVE_WITH_KNOTS('',3,(#13112,#13113,#13114,#13115,#13116,#13117,#13118,#13119,#13120,#13121,#13122,#13123,#13124,#13125,#13126,#13127,#13128,#13129,#13130,#13131,#13132,#13133,#13134,#13135,#13136,#13137,
#13138,#13139,#13140,#13141,#13142,#13143,#13144,#13145),.UNSPECIFIED.,.F.,.F.,(4,3,3,3,3,3,3,3,3,3,3,4),(0.,0.000781324,0.001171986,0.001562648,0.00195331,0.002343972,0.003125296,0.00390662,0.004687944,0.005078606,0.005469268,0.006250592),.UNSPECIFIED.);
#13147=EDGE_CURVE('',#6887,#5227,#13146,.T.);
#13148=ORIENTED_EDGE('',*,*,#13147,.F.);
#13149=ORIENTED_EDGE('',*,*,#6918,.F.);
#13150=EDGE_LOOP('',(#13110,#13111,#13148,#13149));
#13151=FACE_BOUND('',#13150,.T.);
#13152=ADVANCED_FACE('',(#13151),#13109,.F.);
#13153=CARTESIAN_POINT('',(-54.519809045,66.899376986,-56.));
#13154=DIRECTION('',(0.,0.,1.));
#13155=DIRECTION('',(1.,0.,-0.));
#13156=AXIS2_PLACEMENT_3D('',#13153,#13154,#13155);
#13157=DEGENERATE_TOROIDAL_SURFACE('',#13156,2.095754164,4.,.T.);
#13158=ORIENTED_EDGE('',*,*,#13147,.T.);
#13159=ORIENTED_EDGE('',*,*,#6262,.F.);
#13160=CARTESIAN_POINT('',(-55.993861246,68.389127174,-52.));
#13161=CARTESIAN_POINT('',(-56.096559787,68.638919038,-52.));
#13162=CARTESIAN_POINT('',(-56.189550752,68.889437682,-52.023310735));
#13163=CARTESIAN_POINT('',(-56.275940125,69.139052783,-52.071002883));
#13164=CARTESIAN_POINT('',(-56.319134811,69.263860333,-52.094848957));
#13165=CARTESIAN_POINT('',(-56.360861696,69.389026981,-52.124992085));
#13166=CARTESIAN_POINT('',(-56.400715638,69.512311114,-52.161096979));
#13167=CARTESIAN_POINT('',(-56.44056958,69.635595248,-52.197201873));
#13168=CARTESIAN_POINT('',(-56.478511447,69.756834443,-52.239148897));
#13169=CARTESIAN_POINT('',(-56.51483207,69.87596093,-52.286894368));
#13170=CARTESIAN_POINT('',(-56.587473316,70.114213904,-52.382385309));
#13171=CARTESIAN_POINT('',(-56.653685514,70.34407175,-52.500908315));
#13172=CARTESIAN_POINT('',(-56.7148072,70.56448831,-52.643900035));
#13173=CARTESIAN_POINT('',(-56.775928886,70.78490487,-52.786891754));
#13174=CARTESIAN_POINT('',(-56.830328313,70.990048663,-52.950759884));
#13175=CARTESIAN_POINT('',(-56.878823475,71.177889969,-53.133663728));
#13176=CARTESIAN_POINT('',(-56.903071057,71.271810623,-53.22511565));
#13177=CARTESIAN_POINT('',(-56.925868869,71.361550223,-53.32147124));
#13178=CARTESIAN_POINT('',(-56.94729891,71.446949152,-53.422879088));
#13179=CARTESIAN_POINT('',(-56.968728951,71.53234808,-53.524286936));
#13180=CARTESIAN_POINT('',(-56.988820222,71.613542247,-53.631079373));
#13181=CARTESIAN_POINT('',(-57.007184971,71.688516263,-53.740650553));
#13182=CARTESIAN_POINT('',(-57.043914468,71.838464296,-53.959792913));
#13183=CARTESIAN_POINT('',(-57.074289326,71.96564312,-54.192025228));
#13184=CARTESIAN_POINT('',(-57.098891209,72.069750701,-54.437434679));
#13185=CARTESIAN_POINT('',(-57.11119215,72.121804491,-54.560139405));
#13186=CARTESIAN_POINT('',(-57.122083637,72.16826206,-54.686912388));
#13187=CARTESIAN_POINT('',(-57.131359224,72.208003475,-54.815091473));
#13188=CARTESIAN_POINT('',(-57.140634811,72.24774489,-54.943270558));
#13189=CARTESIAN_POINT('',(-57.148302439,72.280800091,-55.072625273));
#13190=CARTESIAN_POINT('',(-57.154438847,72.307321693,-55.203127237));
#13191=CARTESIAN_POINT('',(-57.166711663,72.360364897,-55.464131167));
#13192=CARTESIAN_POINT('',(-57.172919863,72.387475182,-55.729688213));
#13193=CARTESIAN_POINT('',(-57.172919863,72.387475182,-56.));
#13194=B_SPLINE_CURVE_WITH_KNOTS('',3,(#13160,#13161,#13162,#13163,#13164,#13165,#13166,#13167,#13168,#13169,#13170,#13171,#13172,#13173,#13174,#13175,#13176,#13177,#13178,#13179,#13180,#13181,#13182,#13183,#13184,#13185,
#13186,#13187,#13188,#13189,#13190,#13191,#13192,#13193),.UNSPECIFIED.,.F.,.F.,(4,3,3,3,3,3,3,3,3,3,3,4),(0.,0.000799338,0.001199007,0.001598676,0.002398014,0.003197353,0.003597022,0.003996691,0.004796029,0.005195698,0.005595367,0.006394705),.UNSPECIFIED.);
#13195=EDGE_CURVE('',#6889,#4694,#13194,.T.);
#13196=ORIENTED_EDGE('',*,*,#13195,.F.);
#13197=ORIENTED_EDGE('',*,*,#6895,.F.);
#13198=EDGE_LOOP('',(#13158,#13159,#13196,#13197));
#13199=FACE_BOUND('',#13198,.T.);
#13200=ADVANCED_FACE('',(#13199),#13157,.F.);
#13201=CARTESIAN_POINT('',(-0.096159843,68.46763309,-56.));
#13202=DIRECTION('',(-0.999999014,-0.001404456,0.));
#13203=DIRECTION('',(0.001404456,-0.999999014,0.));
#13204=AXIS2_PLACEMENT_3D('',#13201,#13202,#13203);
#13205=CYLINDRICAL_SURFACE('',#13204,4.);
#13206=ORIENTED_EDGE('',*,*,#13195,.T.);
#13207=ORIENTED_EDGE('',*,*,#4699,.F.);
#13208=ORIENTED_EDGE('',*,*,#7011,.F.);
#13209=ORIENTED_EDGE('',*,*,#6903,.F.);
#13210=EDGE_LOOP('',(#13206,#13207,#13208,#13209));
#13211=FACE_BOUND('',#13210,.T.);
#13212=ADVANCED_FACE('',(#13211),#13205,.F.);
#13213=CARTESIAN_POINT('',(0.087594586,-41.795675945,-56.));
#13214=DIRECTION('',(0.999997804,0.002095776,0.));
#13215=DIRECTION('',(-0.002095776,0.999997804,0.));
#13216=AXIS2_PLACEMENT_3D('',#13213,#13214,#13215);
#13217=CYLINDRICAL_SURFACE('',#13216,4.);
#13218=ORIENTED_EDGE('',*,*,#7161,.F.);
#13219=ORIENTED_EDGE('',*,*,#5083,.F.);
#13220=CARTESIAN_POINT('',(-54.210693904,-41.909473269,-52.));
#13221=CARTESIAN_POINT('',(-54.235462295,-42.172800433,-52.));
#13222=CARTESIAN_POINT('',(-54.258491633,-42.433702602,-52.025783788));
#13223=CARTESIAN_POINT('',(-54.280104106,-42.691554621,-52.077172071));
#13224=CARTESIAN_POINT('',(-54.290910342,-42.820480631,-52.102866213));
#13225=CARTESIAN_POINT('',(-54.301353415,-42.948450841,-52.135031649));
#13226=CARTESIAN_POINT('',(-54.311327062,-43.073419572,-52.173026539));
#13227=CARTESIAN_POINT('',(-54.321300709,-43.198388303,-52.211021429));
#13228=CARTESIAN_POINT('',(-54.330852311,-43.320934558,-52.254949122));
#13229=CARTESIAN_POINT('',(-54.340036356,-43.441086107,-52.304732391));
#13230=CARTESIAN_POINT('',(-54.349220401,-43.561237655,-52.35451566));
#13231=CARTESIAN_POINT('',(-54.358034547,-43.678994548,-52.410154818));
#13232=CARTESIAN_POINT('',(-54.366517329,-43.794316231,-52.471740716));
#13233=CARTESIAN_POINT('',(-54.375000111,-43.909637914,-52.533326614));
#13234=CARTESIAN_POINT('',(-54.383192189,-44.023119709,-52.601276856));
#13235=CARTESIAN_POINT('',(-54.390960149,-44.13240633,-52.674301607));
#13236=CARTESIAN_POINT('',(-54.40649607,-44.350979574,-52.820351109));
#13237=CARTESIAN_POINT('',(-54.420321041,-44.552363359,-52.985778675));
#13238=CARTESIAN_POINT('',(-54.432723877,-44.736936419,-53.170138094));
#13239=CARTESIAN_POINT('',(-54.445126714,-44.92150948,-53.354497513));
#13240=CARTESIAN_POINT('',(-54.456183526,-45.090574358,-53.560267026));
#13241=CARTESIAN_POINT('',(-54.465543963,-45.235878891,-53.777697754));
#13242=CARTESIAN_POINT('',(-54.474904399,-45.381183424,-53.995128483));
#13243=CARTESIAN_POINT('',(-54.482669327,-45.504208268,-54.224937186));
#13244=CARTESIAN_POINT('',(-54.48895949,-45.604741429,-54.467236847));
#13245=CARTESIAN_POINT('',(-54.492104572,-45.65500801,-54.588386677));
#13246=CARTESIAN_POINT('',(-54.494887304,-45.699774033,-54.713351644));
#13247=CARTESIAN_POINT('',(-54.497249618,-45.737914892,-54.839096411));
#13248=CARTESIAN_POINT('',(-54.499611932,-45.77605575,-54.964841178));
#13249=CARTESIAN_POINT('',(-54.501566866,-45.807778719,-55.091681469));
#13250=CARTESIAN_POINT('',(-54.503131827,-45.833226759,-55.219592794));
#13251=CARTESIAN_POINT('',(-54.506261748,-45.884122837,-55.475415444));
#13252=CARTESIAN_POINT('',(-54.507846058,-45.91010482,-55.735490519));
#13253=CARTESIAN_POINT('',(-54.507846058,-45.91010482,-56.));
#13254=B_SPLINE_CURVE_WITH_KNOTS('',3,(#13220,#13221,#13222,#13223,#13224,#13225,#13226,#13227,#13228,#13229,#13230,#13231,#13232,#13233,#13234,#13235,#13236,#13237,#13238,#13239,#13240,#13241,#13242,#13243,#13244,#13245,
#13246,#13247,#13248,#13249,#13250,#13251,#13252,#13253),.UNSPECIFIED.,.F.,.F.,(4,3,3,3,3,3,3,3,3,3,3,4),(0.,0.000782259,0.001173388,0.001564517,0.001955646,0.002346776,0.003129034,0.003911293,0.004693552,0.005084681,0.00547581,0.006258069),.UNSPECIFIED.);
#13255=EDGE_CURVE('',#7081,#5068,#13254,.T.);
#13256=ORIENTED_EDGE('',*,*,#13255,.F.);
#13257=ORIENTED_EDGE('',*,*,#7112,.F.);
#13258=EDGE_LOOP('',(#13218,#13219,#13256,#13257));
#13259=FACE_BOUND('',#13258,.T.);
#13260=ADVANCED_FACE('',(#13259),#13217,.F.);
#13261=CARTESIAN_POINT('',(-53.633993663,-38.912608933,-56.));
#13262=DIRECTION('',(0.,0.,1.));
#13263=DIRECTION('',(1.,0.,-0.));
#13264=AXIS2_PLACEMENT_3D('',#13261,#13262,#13263);
#13265=DEGENERATE_TOROIDAL_SURFACE('',#13264,3.051848459,4.,.T.);
#13266=ORIENTED_EDGE('',*,*,#13255,.T.);
#13267=ORIENTED_EDGE('',*,*,#6238,.F.);
#13268=CARTESIAN_POINT('',(-56.469291843,-40.041707356,-52.));
#13269=CARTESIAN_POINT('',(-56.730157337,-40.091823178,-52.));
#13270=CARTESIAN_POINT('',(-56.988941549,-40.138452674,-52.025327074));
#13271=CARTESIAN_POINT('',(-57.245054887,-40.182335544,-52.075982131));
#13272=CARTESIAN_POINT('',(-57.373111556,-40.204276979,-52.101309659));
#13273=CARTESIAN_POINT('',(-57.500637307,-40.225560276,-52.133116491));
#13274=CARTESIAN_POINT('',(-57.625214041,-40.24589918,-52.170737936));
#13275=CARTESIAN_POINT('',(-57.749790775,-40.266238083,-52.208359382));
#13276=CARTESIAN_POINT('',(-57.872007237,-40.285732401,-52.251889195));
#13277=CARTESIAN_POINT('',(-57.991877643,-40.304489133,-52.301253943));
#13278=CARTESIAN_POINT('',(-58.11174805,-40.323245866,-52.350618692));
#13279=CARTESIAN_POINT('',(-58.229272561,-40.341260438,-52.405819694));
#13280=CARTESIAN_POINT('',(-58.34440135,-40.358608715,-52.466946885));
#13281=CARTESIAN_POINT('',(-58.459530139,-40.375956993,-52.528074077));
#13282=CARTESIAN_POINT('',(-58.572772426,-40.392710041,-52.595474904));
#13283=CARTESIAN_POINT('',(-58.682262754,-40.408663226,-52.668227202));
#13284=CARTESIAN_POINT('',(-58.90124341,-40.440569595,-52.8137318));
#13285=CARTESIAN_POINT('',(-59.103139488,-40.469000333,-52.978716539));
#13286=CARTESIAN_POINT('',(-59.288277278,-40.494530723,-53.162730284));
#13287=CARTESIAN_POINT('',(-59.380846173,-40.507295918,-53.254737157));
#13288=CARTESIAN_POINT('',(-59.469196163,-40.519327233,-53.351535165));
#13289=CARTESIAN_POINT('',(-59.553185154,-40.530654054,-53.45327727));
#13290=CARTESIAN_POINT('',(-59.637174145,-40.541980874,-53.555019374));
#13291=CARTESIAN_POINT('',(-59.716317753,-40.552536771,-53.66123171));
#13292=CARTESIAN_POINT('',(-59.789418188,-40.562209248,-53.770112116));
#13293=CARTESIAN_POINT('',(-59.935619057,-40.581554203,-53.987872928));
#13294=CARTESIAN_POINT('',(-60.059454351,-40.597615663,-54.218158419));
#13295=CARTESIAN_POINT('',(-60.16069055,-40.610634398,-54.461079566));
#13296=CARTESIAN_POINT('',(-60.21130865,-40.617143766,-54.58254014));
#13297=CARTESIAN_POINT('',(-60.256416993,-40.622907792,-54.707890628));
#13298=CARTESIAN_POINT('',(-60.294877308,-40.627804899,-54.834136324));
#13299=CARTESIAN_POINT('',(-60.333337622,-40.632702006,-54.96038202));
#13300=CARTESIAN_POINT('',(-60.365326964,-40.636755152,-55.087740411));
#13301=CARTESIAN_POINT('',(-60.390989893,-40.640000075,-55.216186277));
#13302=CARTESIAN_POINT('',(-60.44231575,-40.646489921,-55.473078011));
#13303=CARTESIAN_POINT('',(-60.46852476,-40.649776566,-55.734287074));
#13304=CARTESIAN_POINT('',(-60.46852476,-40.649776566,-56.));
#13305=B_SPLINE_CURVE_WITH_KNOTS('',3,(#13268,#13269,#13270,#13271,#13272,#13273,#13274,#13275,#13276,#13277,#13278,#13279,#13280,#13281,#13282,#13283,#13284,#13285,#13286,#13287,#13288,#13289,#13290,#13291,#13292,#13293,
#13294,#13295,#13296,#13297,#13298,#13299,#13300,#13301,#13302,#13303,#13304),.UNSPECIFIED.,.F.,.F.,(4,3,3,3,3,3,3,3,3,3,3,3,4),(0.,0.000785798,0.001178697,0.001571596,0.001964494,0.002357393,0.003143191,0.00353609,0.003928989,0.004714787,0.005107686,0.005500584,0.006286382),.UNSPECIFIED.);
#13306=EDGE_CURVE('',#7083,#5293,#13305,.T.);
#13307=ORIENTED_EDGE('',*,*,#13306,.F.);
#13308=ORIENTED_EDGE('',*,*,#7089,.F.);
#13309=EDGE_LOOP('',(#13266,#13267,#13307,#13308));
#13310=FACE_BOUND('',#13309,.T.);
#13311=ADVANCED_FACE('',(#13310),#13265,.F.);
#13312=CARTESIAN_POINT('',(-56.519925385,-0.071598604,-56.));
#13313=DIRECTION('',(0.001266784,-0.999999198,0.));
#13314=DIRECTION('',(0.999999198,0.001266784,0.));
#13315=AXIS2_PLACEMENT_3D('',#13312,#13313,#13314);
#13316=CYLINDRICAL_SURFACE('',#13315,4.);
#13317=ORIENTED_EDGE('',*,*,#13306,.T.);
#13318=ORIENTED_EDGE('',*,*,#5298,.F.);
#13319=ORIENTED_EDGE('',*,*,#7199,.F.);
#13320=ORIENTED_EDGE('',*,*,#7097,.F.);
#13321=EDGE_LOOP('',(#13317,#13318,#13319,#13320));
#13322=FACE_BOUND('',#13321,.T.);
#13323=ADVANCED_FACE('',(#13322),#13316,.F.);
#13324=CARTESIAN_POINT('',(-0.096159843,68.46763309,-56.));
#13325=DIRECTION('',(-0.999999014,-0.001404456,0.));
#13326=DIRECTION('',(0.001404456,-0.999999014,0.));
#13327=AXIS2_PLACEMENT_3D('',#13324,#13325,#13326);
#13328=CYLINDRICAL_SURFACE('',#13327,4.);
#13329=ORIENTED_EDGE('',*,*,#9008,.F.);
#13330=ORIENTED_EDGE('',*,*,#4763,.F.);
#13331=CARTESIAN_POINT('',(55.894030264,68.546268901,-52.));
#13332=CARTESIAN_POINT('',(55.987118386,68.798541593,-52.));
#13333=CARTESIAN_POINT('',(56.070523185,69.051192996,-52.02371876));
#13334=CARTESIAN_POINT('',(56.147620795,69.302637795,-52.072093959));
#13335=CARTESIAN_POINT('',(56.1861696,69.428360194,-52.096281558));
#13336=CARTESIAN_POINT('',(56.223295065,69.554372324,-52.12685045));
#13337=CARTESIAN_POINT('',(56.25859126,69.678106017,-52.163320963));
#13338=CARTESIAN_POINT('',(56.293887455,69.80183971,-52.199791477));
#13339=CARTESIAN_POINT('',(56.327413964,69.923459851,-52.242128023));
#13340=CARTESIAN_POINT('',(56.359456875,70.042912542,-52.290280546));
#13341=CARTESIAN_POINT('',(56.423542697,70.281817925,-52.386585592));
#13342=CARTESIAN_POINT('',(56.481746706,70.512112204,-52.505989574));
#13343=CARTESIAN_POINT('',(56.535367925,70.732816675,-52.649931877));
#13344=CARTESIAN_POINT('',(56.588989145,70.953521147,-52.79387418));
#13345=CARTESIAN_POINT('',(56.636328449,71.157657855,-52.957838329));
#13346=CARTESIAN_POINT('',(56.678592155,71.344982814,-53.141087205));
#13347=CARTESIAN_POINT('',(56.699724007,71.438645294,-53.232711643));
#13348=CARTESIAN_POINT('',(56.719575041,71.528109764,-53.329213098));
#13349=CARTESIAN_POINT('',(56.738222294,71.613221208,-53.430740723));
#13350=CARTESIAN_POINT('',(56.756869547,71.698332652,-53.532268348));
#13351=CARTESIAN_POINT('',(56.774307443,71.779085257,-53.638976371));
#13352=CARTESIAN_POINT('',(56.790235749,71.853619694,-53.748383578));
#13353=CARTESIAN_POINT('',(56.822092362,72.00268857,-53.967197991));
#13354=CARTESIAN_POINT('',(56.848406342,72.129066843,-54.198947872));
#13355=CARTESIAN_POINT('',(56.869704714,72.232477092,-54.44372353));
#13356=CARTESIAN_POINT('',(56.8803539,72.284182216,-54.566111358));
#13357=CARTESIAN_POINT('',(56.889777602,72.330313032,-54.692532473));
#13358=CARTESIAN_POINT('',(56.897793615,72.369732256,-54.820197051));
#13359=CARTESIAN_POINT('',(56.905809627,72.40915148,-54.94786163));
#13360=CARTESIAN_POINT('',(56.912434828,72.441938007,-55.076683729));
#13361=CARTESIAN_POINT('',(56.917736394,72.468242785,-55.206635803));
#13362=CARTESIAN_POINT('',(56.928339525,72.520852342,-55.466539951));
#13363=CARTESIAN_POINT('',(56.933700084,72.547733018,-55.730929074));
#13364=CARTESIAN_POINT('',(56.933700084,72.547733018,-56.));
#13365=B_SPLINE_CURVE_WITH_KNOTS('',3,(#13331,#13332,#13333,#13334,#13335,#13336,#13337,#13338,#13339,#13340,#13341,#13342,#13343,#13344,#13345,#13346,#13347,#13348,#13349,#13350,#13351,#13352,#13353,#13354,#13355,#13356,
#13357,#13358,#13359,#13360,#13361,#13362,#13363,#13364),.UNSPECIFIED.,.F.,.F.,(4,3,3,3,3,3,3,3,3,3,3,4),(0.,0.000795689,0.001193534,0.001591378,0.002387067,0.003182756,0.003580601,0.003978445,0.004774134,0.005171979,0.005569824,0.006365513),.UNSPECIFIED.);
#13366=EDGE_CURVE('',#6681,#4750,#13365,.T.);
#13367=ORIENTED_EDGE('',*,*,#13366,.F.);
#13368=ORIENTED_EDGE('',*,*,#6728,.F.);
#13369=EDGE_LOOP('',(#13329,#13330,#13367,#13368));
#13370=FACE_BOUND('',#13369,.T.);
#13371=ADVANCED_FACE('',(#13370),#13328,.F.);
#13372=CARTESIAN_POINT('',(54.655359867,67.104654731,-56.));
#13373=DIRECTION('',(0.,0.,1.));
#13374=DIRECTION('',(1.,0.,-0.));
#13375=AXIS2_PLACEMENT_3D('',#13372,#13373,#13374);
#13376=DEGENERATE_TOROIDAL_SURFACE('',#13375,1.900672451,4.,.T.);
#13377=ORIENTED_EDGE('',*,*,#13366,.T.);
#13378=ORIENTED_EDGE('',*,*,#6190,.F.);
#13379=CARTESIAN_POINT('',(56.494014487,67.586219843,-52.));
#13380=CARTESIAN_POINT('',(56.756564792,67.619919495,-52.));
#13381=CARTESIAN_POINT('',(57.016903496,67.650124188,-52.025645201));
#13382=CARTESIAN_POINT('',(57.274366024,67.677975216,-52.076856939));
#13383=CARTESIAN_POINT('',(57.403097288,67.69190073,-52.102462808));
#13384=CARTESIAN_POINT('',(57.53097617,67.705224361,-52.134544798));
#13385=CARTESIAN_POINT('',(57.655864714,67.717856021,-52.172454566));
#13386=CARTESIAN_POINT('',(57.780753257,67.730487682,-52.210364334));
#13387=CARTESIAN_POINT('',(57.903241132,67.742486287,-52.254205795));
#13388=CARTESIAN_POINT('',(58.023349544,67.753959785,-52.303902831));
#13389=CARTESIAN_POINT('',(58.143457957,67.765433283,-52.353599867));
#13390=CARTESIAN_POINT('',(58.261187179,67.776373803,-52.409153646));
#13391=CARTESIAN_POINT('',(58.376492342,67.78685657,-52.470654859));
#13392=CARTESIAN_POINT('',(58.491797504,67.797339337,-52.532156072));
#13393=CARTESIAN_POINT('',(58.605266907,67.807410835,-52.600015584));
#13394=CARTESIAN_POINT('',(58.714606197,67.816931029,-52.672993469));
#13395=CARTESIAN_POINT('',(58.933284778,67.835971416,-52.81894924));
#13396=CARTESIAN_POINT('',(59.134793644,67.852772628,-52.984311993));
#13397=CARTESIAN_POINT('',(59.31949767,67.86778358,-53.168631995));
#13398=CARTESIAN_POINT('',(59.504201696,67.882794532,-53.352951996));
#13399=CARTESIAN_POINT('',(59.673424713,67.896103638,-53.558724916));
#13400=CARTESIAN_POINT('',(59.818900453,67.907343584,-53.77623443));
#13401=CARTESIAN_POINT('',(59.964376194,67.91858353,-53.993743945));
#13402=CARTESIAN_POINT('',(60.087552082,67.927872917,-54.223657684));
#13403=CARTESIAN_POINT('',(60.188213936,67.935387804,-54.466086565));
#13404=CARTESIAN_POINT('',(60.238544864,67.939145247,-54.587301006));
#13405=CARTESIAN_POINT('',(60.283372584,67.942466425,-54.712343365));
#13406=CARTESIAN_POINT('',(60.321569724,67.945284442,-54.83818207));
#13407=CARTESIAN_POINT('',(60.359766865,67.94810246,-54.964020775));
#13408=CARTESIAN_POINT('',(60.391536543,67.950432558,-55.090957661));
#13409=CARTESIAN_POINT('',(60.417022153,67.952297236,-55.218968084));
#13410=CARTESIAN_POINT('',(60.467993372,67.956026592,-55.47498893));
#13411=CARTESIAN_POINT('',(60.494014487,67.957911792,-55.735272073));
#13412=CARTESIAN_POINT('',(60.494014487,67.957911792,-56.));
#13413=B_SPLINE_CURVE_WITH_KNOTS('',3,(#13379,#13380,#13381,#13382,#13383,#13384,#13385,#13386,#13387,#13388,#13389,#13390,#13391,#13392,#13393,#13394,#13395,#13396,#13397,#13398,#13399,#13400,#13401,#13402,#13403,#13404,
#13405,#13406,#13407,#13408,#13409,#13410,#13411,#13412),.UNSPECIFIED.,.F.,.F.,(4,3,3,3,3,3,3,3,3,3,3,4),(0.,0.000782903,0.001174355,0.001565806,0.001957258,0.002348709,0.003131612,0.003914515,0.004697418,0.00508887,0.005480321,0.006263224),.UNSPECIFIED.);
#13414=EDGE_CURVE('',#6683,#4919,#13413,.T.);
#13415=ORIENTED_EDGE('',*,*,#13414,.F.);
#13416=ORIENTED_EDGE('',*,*,#6689,.F.);
#13417=EDGE_LOOP('',(#13377,#13378,#13415,#13416));
#13418=FACE_BOUND('',#13417,.T.);
#13419=ADVANCED_FACE('',(#13418),#13376,.F.);
#13420=CARTESIAN_POINT('',(56.494014487,0.,-56.));
#13421=DIRECTION('',(0.,1.,0.));
#13422=DIRECTION('',(0.,-0.,1.));
#13423=AXIS2_PLACEMENT_3D('',#13420,#13421,#13422);
#13424=CYLINDRICAL_SURFACE('',#13423,4.);
#13425=ORIENTED_EDGE('',*,*,#13414,.T.);
#13426=ORIENTED_EDGE('',*,*,#4924,.F.);
#13427=ORIENTED_EDGE('',*,*,#6817,.F.);
#13428=ORIENTED_EDGE('',*,*,#6697,.F.);
#13429=EDGE_LOOP('',(#13425,#13426,#13427,#13428));
#13430=FACE_BOUND('',#13429,.T.);
#13431=ADVANCED_FACE('',(#13430),#13424,.F.);
#13432=CARTESIAN_POINT('',(56.494014487,0.,-56.));
#13433=DIRECTION('',(0.,1.,0.));
#13434=DIRECTION('',(0.,-0.,1.));
#13435=AXIS2_PLACEMENT_3D('',#13432,#13433,#13434);
#13436=CYLINDRICAL_SURFACE('',#13435,4.);
#13437=ORIENTED_EDGE('',*,*,#7256,.F.);
#13438=ORIENTED_EDGE('',*,*,#4956,.F.);
#13439=CARTESIAN_POINT('',(56.494014487,-40.210084846,-52.));
#13440=CARTESIAN_POINT('',(56.755868377,-40.25115877,-52.));
#13441=CARTESIAN_POINT('',(57.01559367,-40.288567396,-52.025508781));
#13442=CARTESIAN_POINT('',(57.27254954,-40.323346314,-52.07649606));
#13443=CARTESIAN_POINT('',(57.401027476,-40.340735774,-52.101989699));
#13444=CARTESIAN_POINT('',(57.528787575,-40.357466803,-52.133962979));
#13445=CARTESIAN_POINT('',(57.653567677,-40.373377181,-52.171758054));
#13446=CARTESIAN_POINT('',(57.77834778,-40.389287559,-52.209553129));
#13447=CARTESIAN_POINT('',(57.90074539,-40.404454684,-52.253271999));
#13448=CARTESIAN_POINT('',(58.020777928,-40.418992212,-52.30283982));
#13449=CARTESIAN_POINT('',(58.140810465,-40.433529739,-52.352407642));
#13450=CARTESIAN_POINT('',(58.258478185,-40.447430846,-52.40782579));
#13451=CARTESIAN_POINT('',(58.373733569,-40.460775582,-52.469184772));
#13452=CARTESIAN_POINT('',(58.488988952,-40.474120317,-52.530543755));
#13453=CARTESIAN_POINT('',(58.60239853,-40.486967406,-52.598235596));
#13454=CARTESIAN_POINT('',(58.711810283,-40.499143591,-52.671129049));
#13455=CARTESIAN_POINT('',(58.930633788,-40.523495959,-52.816915957));
#13456=CARTESIAN_POINT('',(59.132318112,-40.545062657,-52.982141011));
#13457=CARTESIAN_POINT('',(59.317212193,-40.564366392,-53.166353108));
#13458=CARTESIAN_POINT('',(59.502106275,-40.583670127,-53.350565205));
#13459=CARTESIAN_POINT('',(59.671573178,-40.600831425,-53.556289237));
#13460=CARTESIAN_POINT('',(59.817337888,-40.615347595,-53.773899919));
#13461=CARTESIAN_POINT('',(59.963102598,-40.629863766,-53.991510601));
#13462=CARTESIAN_POINT('',(60.086538928,-40.641880372,-54.221570741));
#13463=CARTESIAN_POINT('',(60.187426132,-40.651608141,-54.464190632));
#13464=CARTESIAN_POINT('',(60.237869734,-40.656472026,-54.585500577));
#13465=CARTESIAN_POINT('',(60.282807061,-40.660773971,-54.710662249));
#13466=CARTESIAN_POINT('',(60.32110591,-40.664425811,-54.83665515));
#13467=CARTESIAN_POINT('',(60.359404759,-40.66807765,-54.962648052));
#13468=CARTESIAN_POINT('',(60.391259227,-40.671098219,-55.089744425));
#13469=CARTESIAN_POINT('',(60.416813224,-40.673515802,-55.217919399));
#13470=CARTESIAN_POINT('',(60.467921217,-40.678350968,-55.474269347));
#13471=CARTESIAN_POINT('',(60.494014487,-40.680796712,-55.734901586));
#13472=CARTESIAN_POINT('',(60.494014487,-40.680796712,-56.));
#13473=B_SPLINE_CURVE_WITH_KNOTS('',3,(#13439,#13440,#13441,#13442,#13443,#13444,#13445,#13446,#13447,#13448,#13449,#13450,#13451,#13452,#13453,#13454,#13455,#13456,#13457,#13458,#13459,#13460,#13461,#13462,#13463,#13464,
#13465,#13466,#13467,#13468,#13469,#13470,#13471,#13472),.UNSPECIFIED.,.F.,.F.,(4,3,3,3,3,3,3,3,3,3,3,4),(0.,0.000783993,0.001175989,0.001567985,0.001959982,0.002351978,0.003135971,0.003919963,0.004703956,0.005095952,0.005487948,0.006271941),.UNSPECIFIED.);
#13474=EDGE_CURVE('',#7343,#4943,#13473,.T.);
#13475=ORIENTED_EDGE('',*,*,#13474,.F.);
#13476=ORIENTED_EDGE('',*,*,#7364,.F.);
#13477=EDGE_LOOP('',(#13437,#13438,#13475,#13476));
#13478=FACE_BOUND('',#13477,.T.);
#13479=ADVANCED_FACE('',(#13478),#13436,.F.);
#13480=CARTESIAN_POINT('',(54.323779,-39.5102301,-56.));
#13481=DIRECTION('',(0.,0.,1.));
#13482=DIRECTION('',(1.,0.,-0.));
#13483=AXIS2_PLACEMENT_3D('',#13480,#13481,#13482);
#13484=DEGENERATE_TOROIDAL_SURFACE('',#13483,2.280289178,4.,.T.);
#13485=ORIENTED_EDGE('',*,*,#13474,.T.);
#13486=ORIENTED_EDGE('',*,*,#6214,.F.);
#13487=CARTESIAN_POINT('',(55.023395087,-41.680542535,-52.));
#13488=CARTESIAN_POINT('',(55.064725958,-41.942342199,-52.));
#13489=CARTESIAN_POINT('',(55.102416011,-42.202014182,-52.025514837));
#13490=CARTESIAN_POINT('',(55.137487304,-42.45891715,-52.076511332));
#13491=CARTESIAN_POINT('',(55.155022951,-42.587368634,-52.10200958));
#13492=CARTESIAN_POINT('',(55.171902744,-42.715098403,-52.133987359));
#13493=CARTESIAN_POINT('',(55.18796151,-42.839849196,-52.171787078));
#13494=CARTESIAN_POINT('',(55.204020275,-42.964599988,-52.209586798));
#13495=CARTESIAN_POINT('',(55.219336075,-43.086968991,-52.253310561));
#13496=CARTESIAN_POINT('',(55.234021799,-43.206973596,-52.302883469));
#13497=CARTESIAN_POINT('',(55.248707523,-43.326978201,-52.352456378));
#13498=CARTESIAN_POINT('',(55.262756397,-43.444618674,-52.407879788));
#13499=CARTESIAN_POINT('',(55.276247799,-43.559847474,-52.469244216));
#13500=CARTESIAN_POINT('',(55.289739201,-43.675076273,-52.530608643));
#13501=CARTESIAN_POINT('',(55.30273273,-43.788460743,-52.598306886));
#13502=CARTESIAN_POINT('',(55.315051231,-43.897843748,-52.671203533));
#13503=CARTESIAN_POINT('',(55.339688233,-44.116609759,-52.816996826));
#13504=CARTESIAN_POINT('',(55.361523557,-44.318241281,-52.982226916));
#13505=CARTESIAN_POINT('',(55.381076878,-44.503086832,-53.166442792));
#13506=CARTESIAN_POINT('',(55.400630198,-44.687932384,-53.350658668));
#13507=CARTESIAN_POINT('',(55.418023899,-44.857353365,-53.556384193));
#13508=CARTESIAN_POINT('',(55.432741483,-45.003076155,-53.773990721));
#13509=CARTESIAN_POINT('',(55.447459067,-45.148798946,-53.99159725));
#13510=CARTESIAN_POINT('',(55.459648217,-45.272199798,-54.221651506));
#13511=CARTESIAN_POINT('',(55.46951766,-45.373057753,-54.464263831));
#13512=CARTESIAN_POINT('',(55.474452381,-45.423486731,-54.585569993));
#13513=CARTESIAN_POINT('',(55.478817628,-45.468410765,-54.710727013));
#13514=CARTESIAN_POINT('',(55.482523495,-45.506698004,-54.836713954));
#13515=CARTESIAN_POINT('',(55.486229363,-45.544985244,-54.962700895));
#13516=CARTESIAN_POINT('',(55.489294993,-45.576830088,-55.089791111));
#13517=CARTESIAN_POINT('',(55.491748765,-45.602376363,-55.21795974));
#13518=CARTESIAN_POINT('',(55.496656308,-45.653468912,-55.474296999));
#13519=CARTESIAN_POINT('',(55.499139165,-45.679554264,-55.734915807));
#13520=CARTESIAN_POINT('',(55.499139165,-45.679554264,-56.));
#13521=B_SPLINE_CURVE_WITH_KNOTS('',3,(#13487,#13488,#13489,#13490,#13491,#13492,#13493,#13494,#13495,#13496,#13497,#13498,#13499,#13500,#13501,#13502,#13503,#13504,#13505,#13506,#13507,#13508,#13509,#13510,#13511,#13512,
#13513,#13514,#13515,#13516,#13517,#13518,#13519,#13520),.UNSPECIFIED.,.F.,.F.,(4,3,3,3,3,3,3,3,3,3,3,4),(0.,0.000783951,0.001175926,0.001567902,0.001959877,0.002351852,0.003135803,0.003919754,0.004703705,0.00509568,0.005487655,0.006271606),.UNSPECIFIED.);
#13522=EDGE_CURVE('',#7345,#5134,#13521,.T.);
#13523=ORIENTED_EDGE('',*,*,#13522,.F.);
#13524=ORIENTED_EDGE('',*,*,#7351,.F.);
#13525=EDGE_LOOP('',(#13485,#13486,#13523,#13524));
#13526=FACE_BOUND('',#13525,.T.);
#13527=ADVANCED_FACE('',(#13526),#13484,.F.);
#13528=CARTESIAN_POINT('',(0.087594586,-41.795675945,-56.));
#13529=DIRECTION('',(0.999997804,0.002095776,0.));
#13530=DIRECTION('',(-0.002095776,0.999997804,0.));
#13531=AXIS2_PLACEMENT_3D('',#13528,#13529,#13530);
#13532=CYLINDRICAL_SURFACE('',#13531,4.);
#13533=ORIENTED_EDGE('',*,*,#13522,.T.);
#13534=ORIENTED_EDGE('',*,*,#5139,.F.);
#13535=ORIENTED_EDGE('',*,*,#7308,.F.);
#13536=ORIENTED_EDGE('',*,*,#7357,.F.);
#13537=EDGE_LOOP('',(#13533,#13534,#13535,#13536));
#13538=FACE_BOUND('',#13537,.T.);
#13539=ADVANCED_FACE('',(#13538),#13532,.F.);
#13540=CARTESIAN_POINT('',(50.780714939,13.525736592,-125.3));
#13541=DIRECTION('',(0.002296878,-0.999997362,0.));
#13542=DIRECTION('',(0.999997362,0.002296878,0.));
#13543=AXIS2_PLACEMENT_3D('',#13540,#13541,#13542);
#13544=CYLINDRICAL_SURFACE('',#13543,6.7);
#13545=CARTESIAN_POINT('',(57.270203466,60.979752169,-126.46199262));
#13546=VERTEX_POINT('',#13545);
#13547=CARTESIAN_POINT('',(57.361426838,65.468185737,-125.3));
#13548=CARTESIAN_POINT('',(57.361426838,65.468185737,-125.30214531));
#13549=CARTESIAN_POINT('',(57.361435531,65.463960248,-125.30407957));
#13550=CARTESIAN_POINT('',(57.361444606,65.459343657,-125.305834497));
#13551=CARTESIAN_POINT('',(57.361453682,65.454727066,-125.307589423));
#13552=CARTESIAN_POINT('',(57.361463788,65.449412253,-125.309235503));
#13553=CARTESIAN_POINT('',(57.361473628,65.443987579,-125.310852689));
#13554=CARTESIAN_POINT('',(57.361493309,65.43313823,-125.314087059));
#13555=CARTESIAN_POINT('',(57.361512225,65.42171762,-125.31719264));
#13556=CARTESIAN_POINT('',(57.361529207,65.41024539,-125.320286573));
#13557=CARTESIAN_POINT('',(57.361563173,65.38730093,-125.326474438));
#13558=CARTESIAN_POINT('',(57.361589921,65.363909381,-125.332561304));
#13559=CARTESIAN_POINT('',(57.361608475,65.34055451,-125.33865625));
#13560=CARTESIAN_POINT('',(57.361645584,65.293844768,-125.350846142));
#13561=CARTESIAN_POINT('',(57.361649977,65.24691992,-125.36298556));
#13562=CARTESIAN_POINT('',(57.361621828,65.199961062,-125.375116079));
#13563=CARTESIAN_POINT('',(57.361565529,65.106043347,-125.399377115));
#13564=CARTESIAN_POINT('',(57.361378026,65.012012492,-125.423610083));
#13565=CARTESIAN_POINT('',(57.361059382,64.917973842,-125.447836877));
#13566=CARTESIAN_POINT('',(57.360422094,64.729896543,-125.496290466));
#13567=CARTESIAN_POINT('',(57.359259267,64.54179967,-125.54471964));
#13568=CARTESIAN_POINT('',(57.357570983,64.353770612,-125.593132745));
#13569=CARTESIAN_POINT('',(57.354194415,63.977712497,-125.689958955));
#13570=CARTESIAN_POINT('',(57.348715475,63.601810645,-125.786732614));
#13571=CARTESIAN_POINT('',(57.341125489,63.226238207,-125.88343178));
#13572=CARTESIAN_POINT('',(57.325945515,62.475093331,-126.076830112));
#13573=CARTESIAN_POINT('',(57.302355685,61.726213172,-126.269678074));
#13574=CARTESIAN_POINT('',(57.270203466,60.979752169,-126.46199262));
#13575=B_SPLINE_CURVE_WITH_KNOTS('',3,(#13547,#13548,#13549,#13550,#13551,#13552,#13553,#13554,#13555,#13556,#13557,#13558,#13559,#13560,#13561,#13562,#13563,#13564,#13565,#13566,#13567,#13568,#13569,#13570,#13571,#13572,
#13573,#13574),.UNSPECIFIED.,.F.,.F.,(4,3,3,3,3,3,3,3,3,4),(0.,0.000025429,0.000050858,0.000101716,0.000203431,0.000406862,0.000813724,0.001627449,0.003254898,0.006509795),.UNSPECIFIED.);
#13576=EDGE_CURVE('',#10137,#13546,#13575,.T.);
#13577=ORIENTED_EDGE('',*,*,#13576,.T.);
#13578=CARTESIAN_POINT('',(57.270203466,60.979752169,-126.46199262));
#13579=CARTESIAN_POINT('',(57.257143071,60.676535936,-126.540111761));
#13580=CARTESIAN_POINT('',(57.241996281,60.396864794,-126.62160013));
#13581=CARTESIAN_POINT('',(57.224604662,60.135005975,-126.705466289));
#13582=CARTESIAN_POINT('',(57.207213043,59.873147157,-126.789332449));
#13583=CARTESIAN_POINT('',(57.187576508,59.629204888,-126.875593662));
#13584=CARTESIAN_POINT('',(57.16553544,59.399725807,-126.963636221));
#13585=CARTESIAN_POINT('',(57.143494372,59.170246725,-127.05167878));
#13586=CARTESIAN_POINT('',(57.119049123,58.955275944,-127.141510256));
#13587=CARTESIAN_POINT('',(57.092036341,58.752576571,-127.232717729));
#13588=CARTESIAN_POINT('',(57.065023559,58.549877197,-127.323925203));
#13589=CARTESIAN_POINT('',(57.035348643,58.358953119,-127.416783866));
#13590=CARTESIAN_POINT('',(57.003153481,58.180015517,-127.510097841));
#13591=CARTESIAN_POINT('',(56.938763159,57.822140312,-127.69672579));
#13592=CARTESIAN_POINT('',(56.865017947,57.514884098,-127.883236432));
#13593=CARTESIAN_POINT('',(56.781611703,57.245896293,-128.068416251));
#13594=CARTESIAN_POINT('',(56.698205459,56.976908487,-128.25359607));
#13595=CARTESIAN_POINT('',(56.605144416,56.746490617,-128.43747353));
#13596=CARTESIAN_POINT('',(56.501907811,56.548666728,-128.619283701));
#13597=CARTESIAN_POINT('',(56.398671205,56.350842838,-128.801093873));
#13598=CARTESIAN_POINT('',(56.284576267,56.185312288,-128.981665615));
#13599=CARTESIAN_POINT('',(56.162582057,56.05279051,-129.155479868));
#13600=CARTESIAN_POINT('',(56.040587847,55.920268732,-129.329294121));
#13601=CARTESIAN_POINT('',(55.910288487,55.819543263,-129.497271054));
#13602=CARTESIAN_POINT('',(55.771642324,55.747763197,-129.659282538));
#13603=CARTESIAN_POINT('',(55.632996161,55.67598313,-129.821294021));
#13604=CARTESIAN_POINT('',(55.48600511,55.633199169,-129.977343277));
#13605=CARTESIAN_POINT('',(55.330372381,55.619154698,-130.12717598));
#13606=CARTESIAN_POINT('',(55.174739652,55.605110227,-130.277008682));
#13607=CARTESIAN_POINT('',(55.011893661,55.620197378,-130.419120032));
#13608=CARTESIAN_POINT('',(54.844214479,55.663476267,-130.551868214));
#13609=CARTESIAN_POINT('',(54.676535297,55.706755155,-130.684616395));
#13610=CARTESIAN_POINT('',(54.503373665,55.778156527,-130.808631213));
#13611=CARTESIAN_POINT('',(54.324863691,55.878844005,-130.924061287));
#13612=CARTESIAN_POINT('',(54.146353718,55.979531484,-131.039491361));
#13613=CARTESIAN_POINT('',(53.962493413,56.109453146,-131.146335702));
#13614=CARTESIAN_POINT('',(53.77331369,56.272465895,-131.24450256));
#13615=CARTESIAN_POINT('',(53.584133968,56.435478643,-131.342669419));
#13616=CARTESIAN_POINT('',(53.393439407,56.628311381,-131.4301788));
#13617=CARTESIAN_POINT('',(53.201885317,56.85400561,-131.507749473));
#13618=CARTESIAN_POINT('',(53.010331226,57.079699838,-131.585320146));
#13619=CARTESIAN_POINT('',(52.817864182,57.338152683,-131.652963015));
#13620=CARTESIAN_POINT('',(52.625264338,57.63656273,-131.711210666));
#13621=CARTESIAN_POINT('',(52.432664493,57.934972778,-131.769458316));
#13622=CARTESIAN_POINT('',(52.239211057,58.274353925,-131.818438841));
#13623=CARTESIAN_POINT('',(52.048454101,58.665232469,-131.858141422));
#13624=CARTESIAN_POINT('',(51.857697145,59.056111013,-131.897844003));
#13625=CARTESIAN_POINT('',(51.67215612,59.492323069,-131.927768747));
#13626=CARTESIAN_POINT('',(51.495236754,59.99493911,-131.94947681));
#13627=CARTESIAN_POINT('',(51.406777072,60.246247131,-131.960330842));
#13628=CARTESIAN_POINT('',(51.320207144,60.515674389,-131.969144374));
#13629=CARTESIAN_POINT('',(51.238354043,60.800801637,-131.976031125));
#13630=CARTESIAN_POINT('',(51.156500941,61.085928886,-131.982917875));
#13631=CARTESIAN_POINT('',(51.078972929,61.387556596,-131.987933934));
#13632=CARTESIAN_POINT('',(51.007051957,61.710352662,-131.9915188));
#13633=CARTESIAN_POINT('',(50.935130985,62.033148728,-131.995103666));
#13634=CARTESIAN_POINT('',(50.868764421,62.376917942,-131.997255155));
#13635=CARTESIAN_POINT('',(50.810227636,62.7500061,-131.998482846));
#13636=CARTESIAN_POINT('',(50.751690852,63.123094259,-131.999710537));
#13637=CARTESIAN_POINT('',(50.701961611,63.525337298,-132.));
#13638=CARTESIAN_POINT('',(50.664908945,63.944477569,-132.));
#13639=B_SPLINE_CURVE_WITH_KNOTS('',3,(#13578,#13579,#13580,#13581,#13582,#13583,#13584,#13585,#13586,#13587,#13588,#13589,#13590,#13591,#13592,#13593,#13594,#13595,#13596,#13597,#13598,#13599,#13600,#13601,#13602,#13603,
#13604,#13605,#13606,#13607,#13608,#13609,#13610,#13611,#13612,#13613,#13614,#13615,#13616,#13617,#13618,#13619,#13620,#13621,#13622,#13623,#13624,#13625,#13626,#13627,#13628,
#13629,#13630,#13631,#13632,#13633,#13634,#13635,#13636,#13637,#13638),.UNSPECIFIED.,.F.,.F.,(4,3,3,3,3,3,3,3,3,3,3,3,3,3,3,3,3,3,3,3,4),(-0.,0.001299849,0.002599697,0.003899546,0.005199394,0.007799092,0.010398789,0.012998486,0.015598183,0.01819788,0.020797578,0.023397275,0.025996972,0.028596669,0.031196366,0.033796063,0.036395761,0.037695609,0.038995458,0.040295306,0.041595155),.UNSPECIFIED.);
#13640=EDGE_CURVE('',#13546,#4484,#13639,.T.);
#13641=ORIENTED_EDGE('',*,*,#13640,.T.);
#13642=ORIENTED_EDGE('',*,*,#4562,.F.);
#13643=ORIENTED_EDGE('',*,*,#11187,.F.);
#13644=ORIENTED_EDGE('',*,*,#11340,.F.);
#13645=ORIENTED_EDGE('',*,*,#11287,.F.);
#13646=ORIENTED_EDGE('',*,*,#10150,.F.);
#13647=EDGE_LOOP('',(#13577,#13641,#13642,#13643,#13644,#13645,#13646));
#13648=FACE_BOUND('',#13647,.T.);
#13649=ADVANCED_FACE('',(#13648),#13544,.F.);
#13650=CARTESIAN_POINT('',(52.761394531,65.482251346,-130.));
#13651=DIRECTION('',(0.,0.,1.));
#13652=DIRECTION('',(1.,0.,-0.));
#13653=AXIS2_PLACEMENT_3D('',#13650,#13651,#13652);
#13654=TOROIDAL_SURFACE('',#13653,2.6,2.);
#13655=CARTESIAN_POINT('',(55.361394531,65.482251346,-130.));
#13656=DIRECTION('',(-0.,1.,-0.));
#13657=DIRECTION('',(1.,0.,0.));
#13658=AXIS2_PLACEMENT_3D('',#13655,#13656,#13657);
#13659=CIRCLE('',#13658,2.);
#13660=EDGE_CURVE('',#10067,#4486,#13659,.T.);
#13661=ORIENTED_EDGE('',*,*,#13660,.F.);
#13662=ORIENTED_EDGE('',*,*,#10073,.F.);
#13663=ORIENTED_EDGE('',*,*,#10326,.F.);
#13664=ORIENTED_EDGE('',*,*,#4501,.F.);
#13665=EDGE_LOOP('',(#13661,#13662,#13663,#13664));
#13666=FACE_BOUND('',#13665,.T.);
#13667=ADVANCED_FACE('',(#13666),#13654,.F.);
#13668=CARTESIAN_POINT('',(77.761373026,65.515042045,-117.));
#13669=DIRECTION('',(0.,0.,-1.));
#13670=DIRECTION('',(-1.,0.,0.));
#13671=AXIS2_PLACEMENT_3D('',#13668,#13669,#13670);
#13672=CYLINDRICAL_SURFACE('',#13671,20.4);
#13673=ORIENTED_EDGE('',*,*,#9867,.F.);
#13674=ORIENTED_EDGE('',*,*,#10118,.F.);
#13675=CARTESIAN_POINT('',(77.761373026,65.515042045,-125.3));
#13676=DIRECTION('',(0.,0.,-1.));
#13677=DIRECTION('',(-1.,0.,0.));
#13678=AXIS2_PLACEMENT_3D('',#13675,#13676,#13677);
#13679=CIRCLE('',#13678,20.4);
#13680=EDGE_CURVE('',#10137,#10085,#13679,.T.);
#13681=ORIENTED_EDGE('',*,*,#13680,.F.);
#13682=ORIENTED_EDGE('',*,*,#10142,.F.);
#13683=EDGE_LOOP('',(#13673,#13674,#13681,#13682));
#13684=FACE_BOUND('',#13683,.T.);
#13685=ADVANCED_FACE('',(#13684),#13672,.T.);
#13686=CARTESIAN_POINT('',(57.361390574,65.488284835,-125.3));
#13687=CARTESIAN_POINT('',(57.361399361,65.48158513,-125.3));
#13688=CARTESIAN_POINT('',(57.361411449,65.47488543,-125.3));
#13689=CARTESIAN_POINT('',(57.361426838,65.468185737,-125.3));
#13690=CARTESIAN_POINT('',(57.361390574,65.488284835,-125.308677299));
#13691=CARTESIAN_POINT('',(57.361399361,65.48158513,-125.306499969));
#13692=CARTESIAN_POINT('',(57.361411449,65.47488543,-125.304322639));
#13693=CARTESIAN_POINT('',(57.361426838,65.468185737,-125.30214531));
#13694=CARTESIAN_POINT('',(57.361391606,65.487507343,-125.316500949));
#13695=CARTESIAN_POINT('',(57.361400806,65.479658303,-125.312360489));
#13696=CARTESIAN_POINT('',(57.361415448,65.471809269,-125.308220028));
#13697=CARTESIAN_POINT('',(57.361435531,65.463960248,-125.30407957));
#13698=CARTESIAN_POINT('',(57.361393234,65.485808434,-125.330697518));
#13699=CARTESIAN_POINT('',(57.361401477,65.475447962,-125.322994816));
#13700=CARTESIAN_POINT('',(57.361421627,65.465087501,-125.315292113));
#13701=CARTESIAN_POINT('',(57.361453682,65.454727066,-125.307589423));
#13702=CARTESIAN_POINT('',(57.361393916,65.484830506,-125.337355544));
#13703=CARTESIAN_POINT('',(57.361400856,65.473024402,-125.32798219));
#13704=CARTESIAN_POINT('',(57.361424146,65.461218309,-125.318608836));
#13705=CARTESIAN_POINT('',(57.361463788,65.449412253,-125.309235503));
#13706=CARTESIAN_POINT('',(57.361394945,65.481836075,-125.356978999));
#13707=CARTESIAN_POINT('',(57.36139476,65.465603434,-125.342681664));
#13708=CARTESIAN_POINT('',(57.361427548,65.449370794,-125.32838433));
#13709=CARTESIAN_POINT('',(57.361493309,65.43313823,-125.314087059));
#13710=CARTESIAN_POINT('',(57.361394326,65.479734673,-125.369540365));
#13711=CARTESIAN_POINT('',(57.361385179,65.46039563,-125.352091085));
#13712=CARTESIAN_POINT('',(57.361424478,65.441056569,-125.334641805));
#13713=CARTESIAN_POINT('',(57.361512225,65.42171762,-125.31719264));
#13714=CARTESIAN_POINT('',(57.361387956,65.473401968,-125.407083202));
#13715=CARTESIAN_POINT('',(57.361338472,65.444701653,-125.380213484));
#13716=CARTESIAN_POINT('',(57.361396878,65.416001168,-125.353343767));
#13717=CARTESIAN_POINT('',(57.361563173,65.38730093,-125.326474438));
#13718=CARTESIAN_POINT('',(57.361377759,65.469106801,-125.4317489));
#13719=CARTESIAN_POINT('',(57.361283542,65.434057285,-125.398689891));
#13720=CARTESIAN_POINT('',(57.361354233,65.399007367,-125.365630881));
#13721=CARTESIAN_POINT('',(57.36158983,65.363957828,-125.332572606));
#13722=CARTESIAN_POINT('',(57.361328859,65.456211278,-125.505691182));
#13723=CARTESIAN_POINT('',(57.361046287,65.402099902,-125.454077743));
#13724=CARTESIAN_POINT('',(57.36115177,65.347986606,-125.402464304));
#13725=CARTESIAN_POINT('',(57.361645301,65.293874202,-125.350853539));
#13726=CARTESIAN_POINT('',(57.361271918,65.447571557,-125.55476249));
#13727=CARTESIAN_POINT('',(57.360791671,65.380689901,-125.49083512));
#13728=CARTESIAN_POINT('',(57.360917694,65.313804214,-125.426907751));
#13729=CARTESIAN_POINT('',(57.361649977,65.24691992,-125.36298556));
#13730=CARTESIAN_POINT('',(57.361027789,65.421649743,-125.701958183));
#13731=CARTESIAN_POINT('',(57.35973783,65.31645795,-125.601091257));
#13732=CARTESIAN_POINT('',(57.359917088,65.211248961,-125.500224331));
#13733=CARTESIAN_POINT('',(57.361565529,65.106043347,-125.399377115));
#13734=CARTESIAN_POINT('',(57.360767334,65.404345273,-125.799964677));
#13735=CARTESIAN_POINT('',(57.358648694,65.273585169,-125.674499367));
#13736=CARTESIAN_POINT('',(57.358852328,65.142789986,-125.549034057));
#13737=CARTESIAN_POINT('',(57.361378169,65.012000137,-125.423607503));
#13738=CARTESIAN_POINT('',(57.359692661,65.352434229,-126.093960119));
#13739=CARTESIAN_POINT('',(57.354221756,65.145010004,-125.894687286));
#13740=CARTESIAN_POINT('',(57.354464919,64.9374415,-125.695414459));
#13741=CARTESIAN_POINT('',(57.360421953,64.729886112,-125.496292723));
#13742=CARTESIAN_POINT('',(57.358585319,65.317824271,-126.289836156));
#13743=CARTESIAN_POINT('',(57.349724966,65.059336545,-126.041364122));
#13744=CARTESIAN_POINT('',(57.349949729,64.800557681,-125.792892102));
#13745=CARTESIAN_POINT('',(57.359259267,64.54179967,-125.54471964));
#13746=CARTESIAN_POINT('',(57.354090009,65.214024047,-126.877296669));
#13747=CARTESIAN_POINT('',(57.331608089,64.80268938,-126.481123151));
#13748=CARTESIAN_POINT('',(57.331642985,64.390175189,-126.084949843));
#13749=CARTESIAN_POINT('',(57.354194415,63.977712497,-125.689958955));
#13750=CARTESIAN_POINT('',(57.349528677,65.144849945,-127.268724453));
#13751=CARTESIAN_POINT('',(57.313358297,64.63205536,-126.773942167));
#13752=CARTESIAN_POINT('',(57.313087178,64.116891993,-126.279160302));
#13753=CARTESIAN_POINT('',(57.348715475,63.601810645,-125.786732614));
#13754=CARTESIAN_POINT('',(57.3311326,64.937501328,-128.442103885));
#13755=CARTESIAN_POINT('',(57.240218729,64.122990462,-127.650555871));
#13756=CARTESIAN_POINT('',(57.238483814,63.298942887,-126.859014443));
#13757=CARTESIAN_POINT('',(57.325945515,62.475093331,-126.076830112));
#13758=CARTESIAN_POINT('',(57.312612546,64.79967481,-129.222130716));
#13759=CARTESIAN_POINT('',(57.166995569,63.787817525,-128.231750593));
#13760=CARTESIAN_POINT('',(57.16356112,62.756858829,-127.24138357));
#13761=CARTESIAN_POINT('',(57.302355685,61.726213172,-126.269678074));
#13762=CARTESIAN_POINT('',(57.287723168,64.662282406,-130.));
#13763=CARTESIAN_POINT('',(57.069953998,63.460170003,-128.808190473));
#13764=CARTESIAN_POINT('',(57.064052718,62.219758457,-127.616459537));
#13765=CARTESIAN_POINT('',(57.270203466,60.979752169,-126.46199262));
#13766=B_SPLINE_SURFACE_WITH_KNOTS('',3,3,((#13686,#13687,#13688,#13689),(#13690,#13691,#13692,#13693),(#13694,#13695,#13696,#13697),(#13698,#13699,#13700,#13701),(#13702,#13703,#13704,#13705),(#13706,#13707,#13708,#13709),(#13710,#13711,#13712,#13713),(#13714,#13715,#13716,#13717),(#13718,#13719,#13720,#13721),(#13722,#13723,#13724,#13725),(#13726,#13727,#13728,#13729),(#13730,#13731,#13732,#13733),(#13734,#13735,#13736,#13737),(#13738,#13739,#13740,#13741),(#13742,#13743,#13744,#13745),(#13746,#13747,#13748,#13749),(#13750,#13751,#13752,#13753),(#13754,#13755,#13756,#13757),(#13758,#13759,#13760,#13761),(#13762,#13763,#13764,#13765)),.UNSPECIFIED.,.F.,.F.,.U.,(4,2,2,2,2,2,2,2,2,4),(4,4),(0.,0.000025429,0.000050858,0.000101716,0.000203431,0.000406862,0.000813724,0.001627449,0.003254898,0.006509795),(0.,1.),.UNSPECIFIED.);
#13767=ORIENTED_EDGE('',*,*,#13680,.T.);
#13768=ORIENTED_EDGE('',*,*,#10112,.F.);
#13769=CARTESIAN_POINT('',(77.361006692,61.025898411,-130.));
#13770=DIRECTION('',(-0.124475268,-0.687118672,-0.715802932));
#13771=DIRECTION('',(0.,0.721413574,-0.69250448));
#13772=AXIS2_PLACEMENT_3D('',#13769,#13770,#13771);
#13773=CIRCLE('',#13772,20.4);
#13774=EDGE_CURVE('',#13546,#10076,#13773,.T.);
#13775=ORIENTED_EDGE('',*,*,#13774,.F.);
#13776=ORIENTED_EDGE('',*,*,#13576,.F.);
#13777=EDGE_LOOP('',(#13767,#13768,#13775,#13776));
#13778=FACE_BOUND('',#13777,.T.);
#13779=ADVANCED_FACE('',(#13778),#13766,.T.);
#13780=CARTESIAN_POINT('',(57.287723168,64.662282406,-130.));
#13781=CARTESIAN_POINT('',(57.178838583,64.061226205,-129.404095237));
#13782=CARTESIAN_POINT('',(57.122712015,63.450615167,-128.808192935));
#13783=CARTESIAN_POINT('',(57.116856757,62.219877179,-127.625755914));
#13784=CARTESIAN_POINT('',(57.167128092,61.599755313,-127.039226079));
#13785=CARTESIAN_POINT('',(57.270203466,60.979752169,-126.46199262));
#13786=CARTESIAN_POINT('',(57.277612977,64.606472917,-130.028212003));
#13787=CARTESIAN_POINT('',(57.16243542,63.96577447,-129.438838635));
#13788=CARTESIAN_POINT('',(57.102889765,63.314329179,-128.850224291));
#13789=CARTESIAN_POINT('',(57.096047649,62.000722275,-127.684290778));
#13790=CARTESIAN_POINT('',(57.148751219,61.338566663,-127.106976977));
#13791=CARTESIAN_POINT('',(57.257143071,60.676535936,-126.540111761));
#13792=CARTESIAN_POINT('',(57.266607982,64.55487959,-130.057640772));
#13793=CARTESIAN_POINT('',(57.144878697,63.877857267,-129.474840889));
#13794=CARTESIAN_POINT('',(57.081681427,63.18882431,-128.893719193));
#13795=CARTESIAN_POINT('',(57.073453758,61.79876744,-127.745012206));
#13796=CARTESIAN_POINT('',(57.128423401,61.097750598,-127.177432801));
#13797=CARTESIAN_POINT('',(57.241996281,60.396864794,-126.62160013));
#13798=CARTESIAN_POINT('',(57.242801025,64.457825514,-130.118215743));
#13799=CARTESIAN_POINT('',(57.107672276,63.71321901,-129.548418012));
#13800=CARTESIAN_POINT('',(57.03679115,62.953965106,-128.982477665));
#13801=CARTESIAN_POINT('',(57.024890366,61.420802495,-127.869254936));
#13802=CARTESIAN_POINT('',(57.083870781,60.646903315,-127.321979512));
#13803=CARTESIAN_POINT('',(57.207213043,59.873147157,-126.789332449));
#13804=CARTESIAN_POINT('',(57.22999757,64.412384135,-130.149368181));
#13805=CARTESIAN_POINT('',(57.088019798,63.636531278,-129.586001143));
#13806=CARTESIAN_POINT('',(57.013105901,62.844658186,-129.027751371));
#13807=CARTESIAN_POINT('',(56.99891802,61.244868133,-127.932789996));
#13808=CARTESIAN_POINT('',(57.05964413,60.436962084,-127.396085901));
#13809=CARTESIAN_POINT('',(57.187576508,59.629204888,-126.875593662));
#13810=CARTESIAN_POINT('',(57.202510661,64.326224272,-130.212959686));
#13811=CARTESIAN_POINT('',(57.046700647,63.492009802,-129.662193157));
#13812=CARTESIAN_POINT('',(56.963401475,62.638958556,-129.119402817));
#13813=CARTESIAN_POINT('',(56.943657105,60.9139578,-128.061745657));
#13814=CARTESIAN_POINT('',(57.007212065,60.042022274,-127.546887447));
#13815=CARTESIAN_POINT('',(57.143494372,59.170246725,-127.05167878));
#13816=CARTESIAN_POINT('',(57.187826705,64.285514336,-130.245401492));
#13817=CARTESIAN_POINT('',(57.025032949,63.424190641,-129.700805702));
#13818=CARTESIAN_POINT('',(56.93738108,62.542586506,-129.165785056));
#13819=CARTESIAN_POINT('',(56.9143676,60.759014693,-128.127172343));
#13820=CARTESIAN_POINT('',(56.97900619,59.857062683,-127.623589436));
#13821=CARTESIAN_POINT('',(57.119049123,58.955275944,-127.141510256));
#13822=CARTESIAN_POINT('',(57.164296554,64.227258338,-130.294809591));
#13823=CARTESIAN_POINT('',(56.991025453,63.327904058,-129.759235553));
#13824=CARTESIAN_POINT('',(56.896641633,62.406080087,-129.235878088));
#13825=CARTESIAN_POINT('',(56.867936596,60.539843215,-128.226290621));
#13826=CARTESIAN_POINT('',(56.93361566,59.595448707,-127.740070577));
#13827=CARTESIAN_POINT('',(57.07852995,58.651226884,-127.278321466));
#13828=CARTESIAN_POINT('',(57.156202169,64.20831056,-130.311404064));
#13829=CARTESIAN_POINT('',(56.979438135,63.296720288,-129.77879865));
#13830=CARTESIAN_POINT('',(56.882776436,62.361926618,-129.259330687));
#13831=CARTESIAN_POINT('',(56.852042966,60.469003984,-128.259495235));
#13832=CARTESIAN_POINT('',(56.917971508,59.510894352,-127.779137966));
#13833=CARTESIAN_POINT('',(57.064381583,58.55295979,-127.324271623));
#13834=CARTESIAN_POINT('',(57.139492399,64.171259202,-130.344814516));
#13835=CARTESIAN_POINT('',(56.955756135,63.23601943,-129.818066956));
#13836=CARTESIAN_POINT('',(56.854476245,62.276105863,-129.306376428));
#13837=CARTESIAN_POINT('',(56.819415401,60.331446577,-128.326182149));
#13838=CARTESIAN_POINT('',(56.88563483,59.346722129,-127.857689128));
#13839=CARTESIAN_POINT('',(57.034758359,58.36217733,-127.416785286));
#13840=CARTESIAN_POINT('',(57.130859006,64.153120523,-130.361663768));
#13841=CARTESIAN_POINT('',(56.943636502,63.206445446,-129.837810904));
#13842=CARTESIAN_POINT('',(56.840011566,62.234358411,-129.330015874));
#13843=CARTESIAN_POINT('',(56.802646943,60.264600219,-128.359730302));
#13844=CARTESIAN_POINT('',(56.868907677,59.266951335,-127.897250739));
#13845=CARTESIAN_POINT('',(57.019251062,58.269484318,-127.463440853));
#13846=CARTESIAN_POINT('',(57.086598051,64.064839215,-130.445912425));
#13847=CARTESIAN_POINT('',(56.882113096,63.063238589,-129.936254012));
#13848=CARTESIAN_POINT('',(56.766688191,62.032561481,-129.447812311));
#13849=CARTESIAN_POINT('',(56.717180502,59.941887344,-128.527089178));
#13850=CARTESIAN_POINT('',(56.783098354,58.881917686,-128.094819921));
#13851=CARTESIAN_POINT('',(56.938763159,57.822140312,-127.69672579));
#13852=CARTESIAN_POINT('',(57.047728963,64.001767005,-130.513269021));
#13853=CARTESIAN_POINT('',(56.829985431,62.96329191,-130.014061566));
#13854=CARTESIAN_POINT('',(56.70489118,61.892895243,-129.540691704));
#13855=CARTESIAN_POINT('',(56.643688026,59.719872997,-128.659648939));
#13856=CARTESIAN_POINT('',(56.707579999,58.617279172,-128.251989009));
#13857=CARTESIAN_POINT('',(56.865017947,57.514884098,-127.883236432));
#13858=CARTESIAN_POINT('',(56.962363963,63.885270059,-130.647020969));
#13859=CARTESIAN_POINT('',(56.719682401,62.78362852,-130.167448044));
#13860=CARTESIAN_POINT('',(56.575044675,61.644801027,-129.723533198));
#13861=CARTESIAN_POINT('',(56.486516713,59.329522256,-128.921382394));
#13862=CARTESIAN_POINT('',(56.542628007,58.153111414,-128.563160538));
#13863=CARTESIAN_POINT('',(56.698205459,56.976908487,-128.25359607));
#13864=CARTESIAN_POINT('',(56.915872373,63.83190741,-130.713427231));
#13865=CARTESIAN_POINT('',(56.661509536,62.70401451,-130.243041229));
#13866=CARTESIAN_POINT('',(56.506996945,61.536515835,-129.813512617));
#13867=CARTESIAN_POINT('',(56.402840256,59.1614083,-129.050579152));
#13868=CARTESIAN_POINT('',(56.4531981,57.953844173,-128.717188734));
#13869=CARTESIAN_POINT('',(56.605144416,56.746490617,-128.43747353));
#13870=CARTESIAN_POINT('',(56.814229691,63.731705401,-130.844745532));
#13871=CARTESIAN_POINT('',(56.538329909,62.560230228,-130.392218073));
#13872=CARTESIAN_POINT('',(56.36399695,61.344949473,-129.991060913));
#13873=CARTESIAN_POINT('',(56.224651926,58.869954354,-129.305762327));
#13874=CARTESIAN_POINT('',(56.2596428,57.610292486,-129.021635499));
#13875=CARTESIAN_POINT('',(56.398671205,56.350842838,-128.801093873));
#13876=CARTESIAN_POINT('',(56.758754787,63.684697369,-130.909956766));
#13877=CARTESIAN_POINT('',(56.47296494,62.49587895,-130.466145393));
#13878=CARTESIAN_POINT('',(56.288638565,61.261471847,-130.079040712));
#13879=CARTESIAN_POINT('',(56.129613231,58.746383821,-129.432337482));
#13880=CARTESIAN_POINT('',(56.154917795,57.465758862,-129.172753358));
#13881=CARTESIAN_POINT('',(56.284575766,56.185345094,-128.981666262));
#13882=CARTESIAN_POINT('',(56.640602279,63.596988993,-131.035499551));
#13883=CARTESIAN_POINT('',(56.337302581,62.382240123,-130.609078429));
#13884=CARTESIAN_POINT('',(56.133419715,61.119216809,-130.249398469));
#13885=CARTESIAN_POINT('',(55.932150411,58.544119389,-129.677058177));
#13886=CARTESIAN_POINT('',(55.934768748,57.232106545,-129.464411494));
#13887=CARTESIAN_POINT('',(56.040587342,55.920299527,-129.329294698));
#13888=CARTESIAN_POINT('',(56.577724663,63.556031684,-131.096162654));
#13889=CARTESIAN_POINT('',(56.266741652,62.332555764,-130.678461835));
#13890=CARTESIAN_POINT('',(56.053246035,61.059888795,-130.332226124));
#13891=CARTESIAN_POINT('',(55.829344013,58.464553051,-129.795849769));
#13892=CARTESIAN_POINT('',(55.818943047,57.141947389,-129.605722177));
#13893=CARTESIAN_POINT('',(55.910288487,55.819543263,-129.497271054));
#13894=CARTESIAN_POINT('',(56.443282211,63.477778064,-131.213180543));
#13895=CARTESIAN_POINT('',(56.11877042,62.244660956,-130.81382431));
#13896=CARTESIAN_POINT('',(55.886324225,60.961436513,-130.494339142));
#13897=CARTESIAN_POINT('',(55.614483805,58.344029031,-130.027376966));
#13898=CARTESIAN_POINT('',(55.575096317,57.009910891,-129.879911545));
#13899=CARTESIAN_POINT('',(55.632996161,55.67598313,-129.821294021));
#13900=CARTESIAN_POINT('',(56.371729932,63.440495907,-131.269536339));
#13901=CARTESIAN_POINT('',(56.041371531,62.206467061,-130.879803936));
#13902=CARTESIAN_POINT('',(55.799586038,60.922331152,-130.573625039));
#13903=CARTESIAN_POINT('',(55.502436484,58.303094933,-130.140113712));
#13904=CARTESIAN_POINT('',(55.447079789,56.968059457,-130.012792004));
#13905=CARTESIAN_POINT('',(55.486004945,55.633207492,-129.977343428));
#13906=CARTESIAN_POINT('',(56.275759196,63.395100775,-131.337174699));
#13907=CARTESIAN_POINT('',(55.938993077,62.164917023,-130.960530146));
#13908=CARTESIAN_POINT('',(55.685651463,60.885219684,-130.671118957));
#13909=CARTESIAN_POINT('',(55.355452081,58.275465201,-130.277769523));
#13910=CARTESIAN_POINT('',(55.27860235,56.945471574,-130.17384085));
#13911=CARTESIAN_POINT('',(55.291464032,55.615651637,-130.164634296));
#13912=CARTESIAN_POINT('',(56.256207849,63.386070074,-131.350579982));
#13913=CARTESIAN_POINT('',(55.91820346,62.15690882,-130.97660968));
#13914=CARTESIAN_POINT('',(55.662553325,60.878382556,-130.690563385));
#13915=CARTESIAN_POINT('',(55.325664105,58.271121957,-130.305174403));
#13916=CARTESIAN_POINT('',(55.244433185,56.942450814,-130.205841055));
#13917=CARTESIAN_POINT('',(55.25195758,55.613951333,-130.201753573));
#13918=CARTESIAN_POINT('',(56.216636017,63.368204381,-131.376956901));
#13919=CARTESIAN_POINT('',(55.876251263,62.141584791,-131.008421189));
#13920=CARTESIAN_POINT('',(55.616020669,60.865954442,-130.729084932));
#13921=CARTESIAN_POINT('',(55.265695977,58.264848016,-130.359360531));
#13922=CARTESIAN_POINT('',(55.175610287,56.939434363,-130.268981261));
#13923=CARTESIAN_POINT('',(55.172302563,55.614188225,-130.27479136));
#13924=CARTESIAN_POINT('',(56.196598999,63.359360943,-131.389941287));
#13925=CARTESIAN_POINT('',(55.85507085,62.134260487,-131.024168144));
#13926=CARTESIAN_POINT('',(55.592566188,60.86035497,-130.74818007));
#13927=CARTESIAN_POINT('',(55.235490033,58.262908835,-130.386167368));
#13928=CARTESIAN_POINT('',(55.140927061,56.939430202,-130.300151377));
#13929=CARTESIAN_POINT('',(55.132120087,55.616116963,-130.310745173));
#13930=CARTESIAN_POINT('',(56.135696741,63.33305434,-131.42828999));
#13931=CARTESIAN_POINT('',(55.790865255,62.113255362,-131.070952677));
#13932=CARTESIAN_POINT('',(55.521584674,60.845351721,-130.804995557));
#13933=CARTESIAN_POINT('',(55.144170593,58.260627062,-130.465760321));
#13934=CARTESIAN_POINT('',(55.036045932,56.943866541,-130.392490142));
#13935=CARTESIAN_POINT('',(55.010521264,55.627264928,-130.416932874));
#13936=CARTESIAN_POINT('',(56.094042449,63.315814517,-131.45305025));
#13937=CARTESIAN_POINT('',(55.747177598,62.100540418,-131.1015347));
#13938=CARTESIAN_POINT('',(55.473441178,60.837739729,-130.842246999));
#13939=CARTESIAN_POINT('',(55.082356564,58.263813968,-130.517720128));
#13940=CARTESIAN_POINT('',(54.965017385,56.952748185,-130.452488427));
#13941=CARTESIAN_POINT('',(54.92805407,55.641836822,-130.485494123));
#13942=CARTESIAN_POINT('',(55.965549134,63.264651291,-131.524961411));
#13943=CARTESIAN_POINT('',(55.612991189,62.065972599,-131.191588908));
#13944=CARTESIAN_POINT('',(55.326062209,60.821813644,-130.952301824));
#13945=CARTESIAN_POINT('',(54.893787343,58.28727125,-130.670494908));
#13946=CARTESIAN_POINT('',(54.748450881,56.996942902,-130.627981179));
#13947=CARTESIAN_POINT('',(54.676535297,55.706755155,-130.684616395));
#13948=CARTESIAN_POINT('',(55.87523604,63.231285282,-131.569748212));
#13949=CARTESIAN_POINT('',(55.519417729,62.047671289,-131.249380616));
#13950=CARTESIAN_POINT('',(55.223919027,60.82035871,-131.02342083));
#13951=CARTESIAN_POINT('',(54.763929371,58.321338271,-130.768223467));
#13952=CARTESIAN_POINT('',(54.599447948,57.049681944,-130.738991128));
#13953=CARTESIAN_POINT('',(54.503373665,55.778156527,-130.808631213));
#13954=CARTESIAN_POINT('',(55.682271245,63.164303157,-131.653121214));
#13955=CARTESIAN_POINT('',(55.320608542,62.019689737,-131.360886702));
#13956=CARTESIAN_POINT('',(55.008512014,60.83563547,-131.161721352));
#13957=CARTESIAN_POINT('',(54.493707941,58.427498547,-130.956053499));
#13958=CARTESIAN_POINT('',(54.291009746,57.203459414,-130.949554686));
#13959=CARTESIAN_POINT('',(54.146353718,55.979531484,-131.039491361));
#13960=CARTESIAN_POINT('',(55.579680807,63.130692119,-131.691707056));
#13961=CARTESIAN_POINT('',(55.215424112,62.010004057,-131.414601584));
#13962=CARTESIAN_POINT('',(54.895289245,60.852351987,-131.228903764));
#13963=CARTESIAN_POINT('',(54.353364523,58.499557883,-131.046155668));
#13964=CARTESIAN_POINT('',(54.131583729,57.30445492,-131.049108401));
#13965=CARTESIAN_POINT('',(53.962493413,56.109453146,-131.146335702));
#13966=CARTESIAN_POINT('',(55.356701781,63.061396579,-131.762611157));
#13967=CARTESIAN_POINT('',(54.987884388,61.999262144,-131.51799318));
#13968=CARTESIAN_POINT('',(54.652663171,60.905621307,-131.359398641));
#13969=CARTESIAN_POINT('',(54.058973909,58.686432691,-131.218753754));
#13970=CARTESIAN_POINT('',(53.800513969,57.560914954,-131.236705286));
#13971=CARTESIAN_POINT('',(53.584133968,56.435478643,-131.342669419));
#13972=CARTESIAN_POINT('',(55.238596341,63.026378279,-131.794214328));
#13973=CARTESIAN_POINT('',(54.86784123,61.99829174,-131.566628885));
#13974=CARTESIAN_POINT('',(54.525712089,60.941623169,-131.421397474));
#13975=CARTESIAN_POINT('',(53.907886134,58.799365849,-131.299511435));
#13976=CARTESIAN_POINT('',(53.632196765,57.713802667,-131.322858243));
#13977=CARTESIAN_POINT('',(53.393439407,56.628311381,-131.4301788));
#13978=CARTESIAN_POINT('',(54.981453526,62.954221479,-131.850242248));
#13979=CARTESIAN_POINT('',(54.608186556,62.005428103,-131.657890138));
#13980=CARTESIAN_POINT('',(54.254603391,61.033987942,-131.538869588));
#13981=CARTESIAN_POINT('',(53.595004271,59.068235507,-131.450224323));
#13982=CARTESIAN_POINT('',(53.288994243,58.073940664,-131.480600374));
#13983=CARTESIAN_POINT('',(53.010331226,57.079699838,-131.585320146));
#13984=CARTESIAN_POINT('',(54.842617513,62.916992759,-131.874670785));
#13985=CARTESIAN_POINT('',(54.468734441,62.013440639,-131.70052726));
#13986=CARTESIAN_POINT('',(54.110563323,61.090254051,-131.594358934));
#13987=CARTESIAN_POINT('',(53.433243147,59.224071461,-131.520198027));
#13988=CARTESIAN_POINT('',(53.114099159,58.281089233,-131.552205981));
#13989=CARTESIAN_POINT('',(52.817864182,57.338152683,-131.652963015));
#13990=CARTESIAN_POINT('',(54.607102366,62.859617686,-131.906224223));
#13991=CARTESIAN_POINT('',(54.234964972,62.034442847,-131.759736943));
#13992=CARTESIAN_POINT('',(53.873555003,61.193953924,-131.672232709));
#13993=CARTESIAN_POINT('',(53.178739347,59.497548263,-131.616769411));
#13994=CARTESIAN_POINT('',(52.845337472,58.64164078,-131.648810648));
#13995=CARTESIAN_POINT('',(52.528964415,57.785767754,-131.740334491));
#13996=CARTESIAN_POINT('',(54.523977918,62.840251417,-131.915892644));
#13997=CARTESIAN_POINT('',(54.152882487,62.042965548,-131.778678583));
#13998=CARTESIAN_POINT('',(53.791014262,61.231772224,-131.697291831));
#13999=CARTESIAN_POINT('',(53.09190793,59.595382426,-131.647555638));
#14000=CARTESIAN_POINT('',(52.754673221,58.770193864,-131.679206436));
#14001=CARTESIAN_POINT('',(52.432636231,57.945036224,-131.767106424));
#14002=CARTESIAN_POINT('',(54.389686939,62.811286218,-131.929150879));
#14003=CARTESIAN_POINT('',(54.021287884,62.058838277,-131.805822795));
#14004=CARTESIAN_POINT('',(53.660124522,61.29450424,-131.7334078));
#14005=CARTESIAN_POINT('',(52.95785521,59.753877673,-131.691522439));
#14006=CARTESIAN_POINT('',(52.616752068,58.977591293,-131.722052241));
#14007=CARTESIAN_POINT('',(52.288318722,58.201330919,-131.80381852));
#14008=CARTESIAN_POINT('',(54.343311669,62.801649605,-131.933362851));
#14009=CARTESIAN_POINT('',(53.976002414,62.064649246,-131.81465917));
#14010=CARTESIAN_POINT('',(53.615308053,61.316421778,-131.745200539));
#14011=CARTESIAN_POINT('',(52.912533776,59.808674477,-131.705808801));
#14012=CARTESIAN_POINT('',(52.570456476,59.04916025,-131.73587584));
#14013=CARTESIAN_POINT('',(52.240242738,58.289670451,-131.815481488));
#14014=CARTESIAN_POINT('',(54.24671961,62.78257229,-131.941376711));
#14015=CARTESIAN_POINT('',(53.882078547,62.077537591,-131.831890988));
#14016=CARTESIAN_POINT('',(53.522898304,61.362557313,-131.768266185));
#14017=CARTESIAN_POINT('',(52.820433617,59.922598954,-131.733618039));
#14018=CARTESIAN_POINT('',(52.477151425,59.197625475,-131.762594806));
#14019=CARTESIAN_POINT('',(52.14419674,58.472673403,-131.837671898));
#14020=CARTESIAN_POINT('',(54.196409064,62.773114473,-131.945184535));
#14021=CARTESIAN_POINT('',(53.833349921,62.08462869,-131.840300321));
#14022=CARTESIAN_POINT('',(53.475217546,61.38682088,-131.779557864));
#14023=CARTESIAN_POINT('',(52.773570994,59.981836908,-131.747163199));
#14024=CARTESIAN_POINT('',(52.430058891,59.274664892,-131.775511085));
#14025=CARTESIAN_POINT('',(52.09614334,58.567512833,-131.848215777));
#14026=CARTESIAN_POINT('',(54.039504674,62.745576931,-131.9559382));
#14027=CARTESIAN_POINT('',(53.682092401,62.108140634,-131.864691728));
#14028=CARTESIAN_POINT('',(53.328144736,61.463177153,-131.812409369));
#14029=CARTESIAN_POINT('',(52.631310597,60.165692477,-131.786377562));
#14030=CARTESIAN_POINT('',(52.288425699,59.513174184,-131.812628171));
#14031=CARTESIAN_POINT('',(51.953075623,58.860671741,-131.877992712));
#14032=CARTESIAN_POINT('',(53.92696015,62.728210344,-131.962225782));
#14033=CARTESIAN_POINT('',(53.57449443,62.126710517,-131.879861261));
#14034=CARTESIAN_POINT('',(53.224704102,61.51878039,-131.83297772));
#14035=CARTESIAN_POINT('',(52.534178139,60.296467309,-131.810664558));
#14036=CARTESIAN_POINT('',(52.193443785,59.682086604,-131.835234977));
#14037=CARTESIAN_POINT('',(51.859042856,59.067719317,-131.89540306));
#14038=CARTESIAN_POINT('',(53.679051284,62.699234042,-131.973173986));
#14039=CARTESIAN_POINT('',(53.340166711,62.173542366,-131.907891184));
#14040=CARTESIAN_POINT('',(53.002713436,61.643370217,-131.87121302));
#14041=CARTESIAN_POINT('',(52.33353403,60.578534812,-131.855372665));
#14042=CARTESIAN_POINT('',(52.001808691,60.043872798,-131.876210491));
#14043=CARTESIAN_POINT('',(51.674356496,59.509219977,-131.925718659));
#14044=CARTESIAN_POINT('',(53.543734831,62.687487336,-131.977834185));
#14045=CARTESIAN_POINT('',(53.213475402,62.201683689,-131.920752644));
#14046=CARTESIAN_POINT('',(52.884192599,61.712252125,-131.888881722));
#14047=CARTESIAN_POINT('',(52.230033463,60.729754348,-131.875795296));
#14048=CARTESIAN_POINT('',(51.905157726,60.236689019,-131.894579803));
#14049=CARTESIAN_POINT('',(51.583696437,59.74363109,-131.938622779));
#14050=CARTESIAN_POINT('',(53.239840613,62.678138433,-131.985673852));
#14051=CARTESIAN_POINT('',(52.932532738,62.275756329,-131.943954333));
#14052=CARTESIAN_POINT('',(52.625561159,61.87117437,-131.920950044));
#14053=CARTESIAN_POINT('',(52.013978918,61.059808913,-131.912494946));
#14054=CARTESIAN_POINT('',(51.709368555,60.653025799,-131.92704414));
#14055=CARTESIAN_POINT('',(51.406777072,60.246247131,-131.960330842));
#14056=CARTESIAN_POINT('',(53.07032451,62.680409767,-131.988856758));
#14057=CARTESIAN_POINT('',(52.777447232,62.32178641,-131.954317888));
#14058=CARTESIAN_POINT('',(52.484720948,61.961538374,-131.935383444));
#14059=CARTESIAN_POINT('',(51.900904705,61.239417101,-131.928807796));
#14060=CARTESIAN_POINT('',(51.609814944,60.877544102,-131.941166595));
#14061=CARTESIAN_POINT('',(51.320207144,60.515674389,-131.969144374));
#14062=CARTESIAN_POINT('',(52.69164679,62.717478501,-131.993830968));
#14063=CARTESIAN_POINT('',(52.435388287,62.446578426,-131.971863564));
#14064=CARTESIAN_POINT('',(52.179081781,62.17490929,-131.959961933));
#14065=CARTESIAN_POINT('',(51.667118205,61.630802499,-131.956322636));
#14066=CARTESIAN_POINT('',(51.411461201,61.358364908,-131.964584971));
#14067=CARTESIAN_POINT('',(51.156500941,61.085928886,-131.982917875));
#14068=CARTESIAN_POINT('',(52.481656225,62.751731499,-131.995642403));
#14069=CARTESIAN_POINT('',(52.247666328,62.525017072,-131.979096678));
#14070=CARTESIAN_POINT('',(52.013611328,62.297817312,-131.970176543));
#14071=CARTESIAN_POINT('',(51.545881068,61.842932935,-131.967606119));
#14072=CARTESIAN_POINT('',(51.312205844,61.615248352,-131.973955832));
#14073=CARTESIAN_POINT('',(51.078975119,61.387564773,-131.987933799));
#14074=CARTESIAN_POINT('',(52.130042143,62.855354677,-131.997584376));
#14075=CARTESIAN_POINT('',(51.936822758,62.691713624,-131.98752784));
#14076=CARTESIAN_POINT('',(51.743546785,62.527853754,-131.982141626));
#14077=CARTESIAN_POINT('',(51.357143426,62.199915518,-131.980716902));
#14078=CARTESIAN_POINT('',(51.164016051,62.035837161,-131.984678393));
#14079=CARTESIAN_POINT('',(50.97109377,61.87175927,-131.993311129));
#14080=CARTESIAN_POINT('',(52.006770279,62.898804819,-131.998102778));
#14081=CARTESIAN_POINT('',(51.828364253,62.755625296,-131.989935184));
#14082=CARTESIAN_POINT('',(51.649910266,62.612289802,-131.985570479));
#14083=CARTESIAN_POINT('',(51.293102629,62.325463092,-131.984451548));
#14084=CARTESIAN_POINT('',(51.114748987,62.181971882,-131.987697321));
#14085=CARTESIAN_POINT('',(50.936543598,62.03848101,-131.994746584));
#14086=CARTESIAN_POINT('',(51.748986007,63.011538515,-131.998925807));
#14087=CARTESIAN_POINT('',(51.602608278,62.907094741,-131.993944677));
#14088=CARTESIAN_POINT('',(51.456200431,62.802583606,-131.991295334));
#14089=CARTESIAN_POINT('',(51.163421478,62.593494109,-131.990661853));
#14090=CARTESIAN_POINT('',(51.017050373,62.488915747,-131.992677716));
#14091=CARTESIAN_POINT('',(50.870746115,62.384337538,-131.997025556));
#14092=CARTESIAN_POINT('',(51.614396905,63.080812401,-131.999230409));
#14093=CARTESIAN_POINT('',(51.485246548,62.994642609,-131.995545791));
#14094=CARTESIAN_POINT('',(51.356075229,62.908431319,-131.993589793));
#14095=CARTESIAN_POINT('',(51.097753871,62.735967327,-131.993135954));
#14096=CARTESIAN_POINT('',(50.968603831,62.649714626,-131.994638115));
#14097=CARTESIAN_POINT('',(50.839496028,62.563462021,-131.997869001));
#14098=CARTESIAN_POINT('',(51.337970397,63.25601505,-131.999673779));
#14099=CARTESIAN_POINT('',(51.245137857,63.202784503,-131.997981745));
#14100=CARTESIAN_POINT('',(51.152297557,63.149543744,-131.997087601));
#14101=CARTESIAN_POINT('',(50.966620739,63.043052041,-131.996895234));
#14102=CARTESIAN_POINT('',(50.873784221,62.989801097,-131.997597011));
#14103=CARTESIAN_POINT('',(50.780959244,62.93655018,-131.999096692));
#14104=CARTESIAN_POINT('',(51.195745828,63.362514335,-131.999812069));
#14105=CARTESIAN_POINT('',(51.122063713,63.323934984,-131.998812463));
#14106=CARTESIAN_POINT('',(51.048377884,63.28535098,-131.99828494));
#14107=CARTESIAN_POINT('',(50.901007922,63.208178329,-131.998174121));
#14108=CARTESIAN_POINT('',(50.827323789,63.169589682,-131.998590825));
#14109=CARTESIAN_POINT('',(50.753645066,63.131001048,-131.999479618));
#14110=CARTESIAN_POINT('',(50.98890074,63.554972178,-131.999933872));
#14111=CARTESIAN_POINT('',(50.943592854,63.534119257,-131.999566824));
#14112=CARTESIAN_POINT('',(50.898284073,63.513265444,-131.99937355));
#14113=CARTESIAN_POINT('',(50.807666759,63.471556932,-131.999334556));
#14114=CARTESIAN_POINT('',(50.762358227,63.450702232,-131.999488837));
#14115=CARTESIAN_POINT('',(50.717050839,63.429847534,-131.999816892));
#14116=CARTESIAN_POINT('',(50.920889777,63.624695898,-131.99996054));
#14117=CARTESIAN_POINT('',(50.884998562,63.609068451,-131.999738934));
#14118=CARTESIAN_POINT('',(50.849106909,63.59344058,-131.999622314));
#14119=CARTESIAN_POINT('',(50.777323721,63.562184415,-131.999599046));
#14120=CARTESIAN_POINT('',(50.741432185,63.546556121,-131.999692398));
#14121=CARTESIAN_POINT('',(50.705541203,63.530927828,-131.999890737));
#14122=CARTESIAN_POINT('',(50.789028844,63.775879368,-131.999993604));
#14123=CARTESIAN_POINT('',(50.771530765,63.76920518,-131.999955526));
#14124=CARTESIAN_POINT('',(50.754032693,63.762531013,-131.999935544));
#14125=CARTESIAN_POINT('',(50.719036538,63.749182702,-131.999931773));
#14126=CARTESIAN_POINT('',(50.701538455,63.742508557,-131.999947983));
#14127=CARTESIAN_POINT('',(50.684040354,63.735834413,-131.999982289));
#14128=CARTESIAN_POINT('',(50.724998013,63.857547971,-132.));
#14129=CARTESIAN_POINT('',(50.724998013,63.857547971,-132.));
#14130=CARTESIAN_POINT('',(50.699585062,63.848620236,-132.));
#14131=CARTESIAN_POINT('',(50.699585062,63.848620236,-132.));
#14132=CARTESIAN_POINT('',(50.674172111,63.839692501,-132.));
#14133=CARTESIAN_POINT('',(50.674172111,63.839692501,-132.));
#14134=CARTESIAN_POINT('',(50.664908945,63.944477569,-132.));
#14135=CARTESIAN_POINT('',(50.664908945,63.944477569,-132.));
#14136=CARTESIAN_POINT('',(50.664908945,63.944477569,-132.));
#14137=CARTESIAN_POINT('',(50.664908945,63.944477569,-132.));
#14138=CARTESIAN_POINT('',(50.664908945,63.944477569,-132.));
#14139=CARTESIAN_POINT('',(50.664908945,63.944477569,-132.));
#14140=B_SPLINE_SURFACE_WITH_KNOTS('',3,3,((#13780,#13781,#13782,#13783,#13784,#13785),(#13786,#13787,#13788,#13789,#13790,#13791),(#13792,#13793,#13794,#13795,#13796,#13797),(#13798,#13799,#13800,#13801,#13802,#13803),(#13804,#13805,#13806,#13807,#13808,#13809),(#13810,#13811,#13812,#13813,#13814,#13815),(#13816,#13817,#13818,#13819,#13820,#13821),(#13822,#13823,#13824,#13825,#13826,#13827),(#13828,#13829,#13830,#13831,#13832,#13833),(#13834,#13835,#13836,#13837,#13838,#13839),(#13840,#13841,#13842,#13843,#13844,#13845),(#13846,#13847,#13848,#13849,#13850,#13851),(#13852,#13853,#13854,#13855,#13856,#13857),(#13858,#13859,#13860,#13861,#13862,#13863),(#13864,#13865,#13866,#13867,#13868,#13869),(#13870,#13871,#13872,#13873,#13874,#13875),(#13876,#13877,#13878,#13879,#13880,#13881),(#13882,#13883,#13884,#13885,#13886,#13887),(#13888,#13889,#13890,#13891,#13892,#13893),(#13894,#13895,#13896,#13897,#13898,#13899),(#13900,#13901,#13902,#13903,#13904,#13905),(#13906,#13907,#13908,#13909,#13910,#13911),(#13912,#13913,#13914,#13915,#13916,#13917),(#13918,#13919,#13920,#13921,#13922,#13923),(#13924,#13925,#13926,#13927,#13928,#13929),(#13930,#13931,#13932,#13933,#13934,#13935),
(#13936,#13937,#13938,#13939,#13940,#13941),(#13942,#13943,#13944,#13945,#13946,#13947),(#13948,#13949,#13950,#13951,#13952,#13953),(#13954,#13955,#13956,#13957,#13958,#13959),(#13960,#13961,#13962,#13963,#13964,#13965),(#13966,#13967,#13968,#13969,#13970,#13971),(#13972,#13973,#13974,#13975,#13976,#13977),(#13978,#13979,#13980,#13981,#13982,#13983),(#13984,#13985,#13986,#13987,#13988,#13989),(#13990,#13991,#13992,#13993,#13994,#13995),(#13996,#13997,#13998,#13999,#14000,#14001),(#14002,#14003,#14004,#14005,#14006,#14007),(#14008,#14009,#14010,#14011,#14012,#14013),(#14014,#14015,#14016,#14017,#14018,#14019),(#14020,#14021,#14022,#14023,#14024,#14025),(#14026,#14027,#14028,#14029,#14030,#14031),(#14032,#14033,#14034,#14035,#14036,#14037),(#14038,#14039,#14040,#14041,#14042,#14043),(#14044,#14045,#14046,#14047,#14048,#14049),(#14050,#14051,#14052,#14053,#14054,#14055),(#14056,#14057,#14058,#14059,#14060,#14061),(#14062,#14063,#14064,#14065,#14066,#14067),(#14068,#14069,#14070,#14071,#14072,#14073),(#14074,#14075,#14076,#14077,#14078,#14079),(#14080,#14081,#14082,#14083,#14084,#14085),
(#14086,#14087,#14088,#14089,#14090,#14091),(#14092,#14093,#14094,#14095,#14096,#14097),(#14098,#14099,#14100,#14101,#14102,#14103),(#14104,#14105,#14106,#14107,#14108,#14109),(#14110,#14111,#14112,#14113,#14114,#14115),(#14116,#14117,#14118,#14119,#14120,#14121),(#14122,#14123,#14124,#14125,#14126,#14127),(#14128,#14129,#14130,#14131,#14132,#14133),(#14134,#14135,#14136,#14137,#14138,#14139)),.UNSPECIFIED.,.F.,.F.,.U.,(4,2,2,2,2,2,2,2,2,2,2,2,2,2,2,2,2,2,2,2,2,2,2,2,2,2,
2,2,2,4),(4,2,4),(-0.,0.001299849,0.002599697,0.003899546,0.00454947,0.005199394,0.007799092,0.010398789,0.012998486,0.015598183,0.01819788,0.018847805,0.019497729,0.020797578,0.023397275,0.025996972,0.028596669,0.031196366,0.032496215,0.033146139,0.033796063,0.035095912,0.036395761,0.037695609,0.038995458,0.039645382,
0.040295306,0.040945231,0.041270193,0.041595155),(0.,0.5,1.),.UNSPECIFIED.);
#14141=ORIENTED_EDGE('',*,*,#13774,.T.);
#14142=CARTESIAN_POINT('',(50.664908945,63.944477569,-132.));
#14143=CARTESIAN_POINT('',(50.785087081,63.770618373,-132.));
#14144=CARTESIAN_POINT('',(50.919933827,63.619151871,-131.999974507));
#14145=CARTESIAN_POINT('',(51.057824585,63.490841708,-131.99989328));
#14146=CARTESIAN_POINT('',(51.195715344,63.362531545,-131.999812054));
#14147=CARTESIAN_POINT('',(51.337970397,63.25601505,-131.999673779));
#14148=CARTESIAN_POINT('',(51.476183651,63.168413726,-131.999452094));
#14149=CARTESIAN_POINT('',(51.614396905,63.080812401,-131.999230409));
#14150=CARTESIAN_POINT('',(51.748988826,63.011538133,-131.998925839));
#14151=CARTESIAN_POINT('',(51.8778807,62.955171089,-131.998514304));
#14152=CARTESIAN_POINT('',(52.006772574,62.898804045,-131.998102768));
#14153=CARTESIAN_POINT('',(52.130047396,62.855355041,-131.997584474));
#14154=CARTESIAN_POINT('',(52.247251553,62.820813472,-131.996937094));
#14155=CARTESIAN_POINT('',(52.481659866,62.751730333,-131.995642332));
#14156=CARTESIAN_POINT('',(52.69164679,62.717478501,-131.993830968));
#14157=CARTESIAN_POINT('',(52.88098565,62.698944134,-131.991343863));
#14158=CARTESIAN_POINT('',(53.07032451,62.680409767,-131.988856758));
#14159=CARTESIAN_POINT('',(53.239840613,62.678138433,-131.985673852));
#14160=CARTESIAN_POINT('',(53.391787722,62.682812884,-131.981754019));
#14161=CARTESIAN_POINT('',(53.543734831,62.687487336,-131.977834185));
#14162=CARTESIAN_POINT('',(53.679051284,62.699234042,-131.973173986));
#14163=CARTESIAN_POINT('',(53.803005717,62.713722193,-131.967699884));
#14164=CARTESIAN_POINT('',(53.92696015,62.728210344,-131.962225782));
#14165=CARTESIAN_POINT('',(54.039504674,62.745576931,-131.9559382));
#14166=CARTESIAN_POINT('',(54.144107601,62.763935292,-131.94876909));
#14167=CARTESIAN_POINT('',(54.353313453,62.800652015,-131.934430871));
#14168=CARTESIAN_POINT('',(54.528597317,62.840492662,-131.916742036));
#14169=CARTESIAN_POINT('',(54.685607415,62.87874271,-131.895706411));
#14170=CARTESIAN_POINT('',(54.842617513,62.916992759,-131.874670785));
#14171=CARTESIAN_POINT('',(54.981453526,62.954221479,-131.850242248));
#14172=CARTESIAN_POINT('',(55.110024934,62.990299879,-131.822228288));
#14173=CARTESIAN_POINT('',(55.238596341,63.026378279,-131.794214328));
#14174=CARTESIAN_POINT('',(55.356701781,63.061396579,-131.762611157));
#14175=CARTESIAN_POINT('',(55.468191294,63.096044349,-131.727159107));
#14176=CARTESIAN_POINT('',(55.691170321,63.165339889,-131.656255006));
#14177=CARTESIAN_POINT('',(55.879886925,63.230542474,-131.572902186));
#14178=CARTESIAN_POINT('',(56.051211344,63.298760108,-131.477020637));
#14179=CARTESIAN_POINT('',(56.222535763,63.366977743,-131.381139088));
#14180=CARTESIAN_POINT('',(56.376060985,63.438651253,-131.271689488));
#14181=CARTESIAN_POINT('',(56.510503437,63.516904874,-131.154671599));
#14182=CARTESIAN_POINT('',(56.577724663,63.556031684,-131.096162654));
#14183=CARTESIAN_POINT('',(56.640599733,63.596984453,-131.035499337));
#14184=CARTESIAN_POINT('',(56.699676204,63.640837943,-130.972727964));
#14185=CARTESIAN_POINT('',(56.758752675,63.684691434,-130.909956592));
#14186=CARTESIAN_POINT('',(56.814229691,63.731705401,-130.844745532));
#14187=CARTESIAN_POINT('',(56.865051032,63.781806405,-130.779086382));
#14188=CARTESIAN_POINT('',(56.966693714,63.882008414,-130.64776808));
#14189=CARTESIAN_POINT('',(57.051189288,63.994214168,-130.513311351));
#14190=CARTESIAN_POINT('',(57.122006815,64.135464261,-130.378513499));
#14191=CARTESIAN_POINT('',(57.157415579,64.206089308,-130.311114574));
#14192=CARTESIAN_POINT('',(57.188767207,64.28314434,-130.244755439));
#14193=CARTESIAN_POINT('',(57.216254116,64.369304203,-130.181163934));
#14194=CARTESIAN_POINT('',(57.243741025,64.455464066,-130.117572429));
#14195=CARTESIAN_POINT('',(57.267502786,64.550663428,-130.056424006));
#14196=CARTESIAN_POINT('',(57.287723168,64.662282406,-130.));
#14197=B_SPLINE_CURVE_WITH_KNOTS('',3,(#14142,#14143,#14144,#14145,#14146,#14147,#14148,#14149,#14150,#14151,#14152,#14153,#14154,#14155,#14156,#14157,#14158,#14159,#14160,#14161,#14162,#14163,#14164,#14165,#14166,#14167,
#14168,#14169,#14170,#14171,#14172,#14173,#14174,#14175,#14176,#14177,#14178,#14179,#14180,#14181,#14182,#14183,#14184,#14185,#14186,#14187,#14188,#14189,#14190,#14191,#14192,
#14193,#14194,#14195,#14196),.UNSPECIFIED.,.F.,.F.,(4,3,3,3,3,3,3,3,3,3,3,3,3,3,3,3,3,3,4),(-0.,0.000649924,0.001299849,0.001949773,0.002599697,0.003899546,0.005199394,0.006499243,0.007799092,0.010398789,0.012998486,0.015598183,0.020797578,0.025996972,0.028596669,0.031196366,0.036395761,0.038995458,0.041595155),.UNSPECIFIED.);
#14198=EDGE_CURVE('',#4484,#10076,#14197,.T.);
#14199=ORIENTED_EDGE('',*,*,#14198,.F.);
#14200=ORIENTED_EDGE('',*,*,#13640,.F.);
#14201=EDGE_LOOP('',(#14141,#14199,#14200));
#14202=FACE_BOUND('',#14201,.T.);
#14203=ADVANCED_FACE('',(#14202),#14140,.T.);
#14204=CARTESIAN_POINT('',(17.84046146,71.332827103,-139.));
#14205=DIRECTION('',(-0.999999014,-0.001404456,0.));
#14206=DIRECTION('',(0.001404456,-0.999999014,0.));
#14207=AXIS2_PLACEMENT_3D('',#14204,#14205,#14206);
#14208=PLANE('',#14207);
#14209=ORIENTED_EDGE('',*,*,#1488,.F.);
#14210=CARTESIAN_POINT('',(17.840601905,71.232827202,-137.269495302));
#14211=VERTEX_POINT('',#14210);
#14212=CARTESIAN_POINT('',(17.840601905,71.232827202,-137.269495302));
#14213=DIRECTION('',(0.,0.,1.));
#14214=VECTOR('',#14213,1.370637943);
#14215=LINE('',#14212,#14214);
#14216=EDGE_CURVE('',#14211,#1459,#14215,.T.);
#14217=ORIENTED_EDGE('',*,*,#14216,.F.);
#14218=CARTESIAN_POINT('',(17.840601905,71.232827202,-137.269495302));
#14219=DIRECTION('',(-0.001404455,0.999998904,-0.000468478));
#14220=VECTOR('',#14219,1.560000171);
#14221=LINE('',#14218,#14220);
#14222=EDGE_CURVE('',#14211,#1859,#14221,.T.);
#14223=ORIENTED_EDGE('',*,*,#14222,.T.);
#14224=ORIENTED_EDGE('',*,*,#2641,.T.);
#14225=ORIENTED_EDGE('',*,*,#1942,.F.);
#14226=ORIENTED_EDGE('',*,*,#1737,.F.);
#14227=EDGE_LOOP('',(#14209,#14217,#14223,#14224,#14225,#14226));
#14228=FACE_BOUND('',#14227,.T.);
#14229=ADVANCED_FACE('',(#14228),#14208,.F.);
#14230=CARTESIAN_POINT('',(10.792548107,71.32244645,-136.281496676));
#14231=DIRECTION('',(0.138831197,0.000658924,0.990315841));
#14232=DIRECTION('',(0.990316056,0.,-0.138831227));
#14233=AXIS2_PLACEMENT_3D('',#14230,#14231,#14232);
#14234=PLANE('',#14233);
#14235=ORIENTED_EDGE('',*,*,#1864,.T.);
#14236=ORIENTED_EDGE('',*,*,#14222,.F.);
#14237=CARTESIAN_POINT('',(3.865208252,71.213199363,-135.310288475));
#14238=DIRECTION('',(0.990314971,0.001390855,-0.138832));
#14239=VECTOR('',#14238,14.112069459);
#14240=LINE('',#14237,#14239);
#14241=EDGE_CURVE('',#1437,#14211,#14240,.T.);
#14242=ORIENTED_EDGE('',*,*,#14241,.F.);
#14243=ORIENTED_EDGE('',*,*,#1442,.T.);
#14244=CARTESIAN_POINT('',(0.120450017,67.967936816,-134.783155991));
#14245=DIRECTION('',(0.138831197,0.000658924,0.990315841));
#14246=DIRECTION('',(-0.990306151,-0.004381,0.138832753));
#14247=AXIS2_PLACEMENT_3D('',#14244,#14245,#14246);
#14248=ELLIPSE('',#14247,4.857432768,4.8);
#14249=EDGE_CURVE('',#1429,#1857,#14248,.T.);
#14250=ORIENTED_EDGE('',*,*,#14249,.T.);
#14251=EDGE_LOOP('',(#14235,#14236,#14242,#14243,#14250));
#14252=FACE_BOUND('',#14251,.T.);
#14253=ADVANCED_FACE('',(#14252),#14234,.F.);
#14254=CARTESIAN_POINT('',(-0.100008051,71.207630387,0.));
#14255=DIRECTION('',(0.001404456,-0.999999014,0.));
#14256=DIRECTION('',(0.999999014,0.001404456,0.));
#14257=AXIS2_PLACEMENT_3D('',#14254,#14255,#14256);
#14258=PLANE('',#14257);
#14259=ORIENTED_EDGE('',*,*,#14216,.T.);
#14260=ORIENTED_EDGE('',*,*,#1479,.T.);
#14261=ORIENTED_EDGE('',*,*,#1678,.T.);
#14262=ORIENTED_EDGE('',*,*,#1448,.T.);
#14263=ORIENTED_EDGE('',*,*,#14241,.T.);
#14264=EDGE_LOOP('',(#14259,#14260,#14261,#14262,#14263));
#14265=FACE_BOUND('',#14264,.T.);
#14266=ADVANCED_FACE('',(#14265),#14258,.T.);
#14267=CARTESIAN_POINT('',(0.109072785,67.967920837,-134.006415167));
#14268=DIRECTION('',(-0.014645826,-0.000020569,0.999892744));
#14269=DIRECTION('',(0.999892744,0.,0.014645826));
#14270=AXIS2_PLACEMENT_3D('',#14267,#14268,#14269);
#14271=CYLINDRICAL_SURFACE('',#14270,4.8);
#14272=ORIENTED_EDGE('',*,*,#1434,.F.);
#14273=ORIENTED_EDGE('',*,*,#1671,.F.);
#14274=CARTESIAN_POINT('',(2.733726195,71.967576737,-132.));
#14275=CARTESIAN_POINT('',(2.733307894,71.977640834,-133.004997611));
#14276=CARTESIAN_POINT('',(2.733078643,71.987455964,-134.009997701));
#14277=CARTESIAN_POINT('',(2.73301432,71.997049043,-135.015));
#14278=B_SPLINE_CURVE_WITH_KNOTS('',3,(#14274,#14275,#14276,#14277),.UNSPECIFIED.,.F.,.F.,(4,4),(0.,0.003015144),.UNSPECIFIED.);
#14279=EDGE_CURVE('',#1806,#1658,#14278,.T.);
#14280=ORIENTED_EDGE('',*,*,#14279,.F.);
#14281=ORIENTED_EDGE('',*,*,#1812,.F.);
#14282=ORIENTED_EDGE('',*,*,#1870,.F.);
#14283=ORIENTED_EDGE('',*,*,#14249,.F.);
#14284=EDGE_LOOP('',(#14272,#14273,#14280,#14281,#14282,#14283));
#14285=FACE_BOUND('',#14284,.T.);
#14286=ADVANCED_FACE('',(#14285),#14271,.F.);
#14287=CARTESIAN_POINT('',(3.781876901,70.912572903,-132.));
#14288=CARTESIAN_POINT('',(3.762253199,70.939674718,-131.999143966));
#14289=CARTESIAN_POINT('',(3.742345916,70.966571197,-131.998287932));
#14290=CARTESIAN_POINT('',(3.701972897,71.019941709,-131.996576238));
#14291=CARTESIAN_POINT('',(3.681507162,71.046415744,-131.995720579));
#14292=CARTESIAN_POINT('',(3.640026197,71.098929784,-131.994010009));
#14293=CARTESIAN_POINT('',(3.619010967,71.124969789,-131.993155099));
#14294=CARTESIAN_POINT('',(3.576440209,71.176604377,-131.991446401));
#14295=CARTESIAN_POINT('',(3.554884681,71.202198958,-131.990592614));
#14296=CARTESIAN_POINT('',(3.51124276,71.252931498,-131.988886536));
#14297=CARTESIAN_POINT('',(3.489156367,71.278069456,-131.988034246));
#14298=CARTESIAN_POINT('',(3.444462382,71.327877749,-131.986331535));
#14299=CARTESIAN_POINT('',(3.421854789,71.352548083,-131.985481114));
#14300=CARTESIAN_POINT('',(3.376128298,71.401410332,-131.983782515));
#14301=CARTESIAN_POINT('',(3.3530094,71.425602247,-131.982934336));
#14302=CARTESIAN_POINT('',(3.306270414,71.473497072,-131.981240592));
#14303=CARTESIAN_POINT('',(3.282650327,71.497199981,-131.980395026));
#14304=CARTESIAN_POINT('',(3.2349193,71.544106422,-131.978706878));
#14305=CARTESIAN_POINT('',(3.210808361,71.567309954,-131.977864296));
#14306=CARTESIAN_POINT('',(3.16210618,71.613207486,-131.976182482));
#14307=CARTESIAN_POINT('',(3.13751494,71.635901486,-131.975343252));
#14308=CARTESIAN_POINT('',(3.087862918,71.680770024,-131.97366851));
#14309=CARTESIAN_POINT('',(3.062802138,71.702944562,-131.972832998));
#14310=CARTESIAN_POINT('',(3.012222004,71.746764473,-131.97116606));
#14311=CARTESIAN_POINT('',(2.98670265,71.768409845,-131.970334633));
#14312=CARTESIAN_POINT('',(2.935216538,71.811161953,-131.968676228));
#14313=CARTESIAN_POINT('',(2.909249779,71.832268688,-131.96784925));
#14314=CARTESIAN_POINT('',(2.856880218,71.873934284,-131.966200104));
#14315=CARTESIAN_POINT('',(2.830477417,71.894493145,-131.965377936));
#14316=CARTESIAN_POINT('',(2.780811985,71.93233776,-131.963848541));
#14317=CARTESIAN_POINT('',(2.7576024,71.949693102,-131.963140667));
#14318=CARTESIAN_POINT('',(2.73423743,71.966836755,-131.962434848));
#14319=CARTESIAN_POINT('',(3.781141373,70.913588712,-132.990218022));
#14320=CARTESIAN_POINT('',(3.761359416,70.9411953,-132.989361505));
#14321=CARTESIAN_POINT('',(3.74128435,70.968591819,-132.988504988));
#14322=CARTESIAN_POINT('',(3.700557044,71.022952376,-132.986792341));
#14323=CARTESIAN_POINT('',(3.679904805,71.049916415,-132.985936211));
#14324=CARTESIAN_POINT('',(3.638032461,71.103399867,-132.984224722));
#14325=CARTESIAN_POINT('',(3.616812357,71.129919279,-132.983369363));
#14326=CARTESIAN_POINT('',(3.573813844,71.182501533,-132.981659803));
#14327=CARTESIAN_POINT('',(3.552035435,71.208564374,-132.980805602));
#14328=CARTESIAN_POINT('',(3.507930129,71.260221743,-132.979098742));
#14329=CARTESIAN_POINT('',(3.485603231,71.285816272,-132.978246083));
#14330=CARTESIAN_POINT('',(3.440411005,71.336525489,-132.976542693));
#14331=CARTESIAN_POINT('',(3.417545677,71.361640176,-132.975691961));
#14332=CARTESIAN_POINT('',(3.371286895,71.411378397,-132.973992807));
#14333=CARTESIAN_POINT('',(3.34789344,71.43600193,-132.973144385));
#14334=CARTESIAN_POINT('',(3.300588945,71.48474675,-132.971450234));
#14335=CARTESIAN_POINT('',(3.276677904,71.508868036,-132.970604505));
#14336=CARTESIAN_POINT('',(3.22834901,71.556597498,-132.96891612));
#14337=CARTESIAN_POINT('',(3.203931157,71.580205672,-132.968073464));
#14338=CARTESIAN_POINT('',(3.154599639,71.626898274,-132.966391607));
#14339=CARTESIAN_POINT('',(3.129685975,71.649982702,-132.965552405));
#14340=CARTESIAN_POINT('',(3.07937406,71.695617411,-132.963877833));
#14341=CARTESIAN_POINT('',(3.053975809,71.718167693,-132.963042463));
#14342=CARTESIAN_POINT('',(3.002706165,71.762723952,-132.961375932));
#14343=CARTESIAN_POINT('',(2.976834771,71.78472993,-132.96054477));
#14344=CARTESIAN_POINT('',(2.924630496,71.828187668,-132.958887029));
#14345=CARTESIAN_POINT('',(2.898297615,71.849639428,-132.958060451));
#14346=CARTESIAN_POINT('',(2.84518223,71.891979067,-132.956412249));
#14347=CARTESIAN_POINT('',(2.818399726,71.912866946,-132.955590626));
#14348=CARTESIAN_POINT('',(2.768013549,71.951310208,-132.954062392));
#14349=CARTESIAN_POINT('',(2.744464556,71.968937231,-132.953355115));
#14350=CARTESIAN_POINT('',(2.720755447,71.986346279,-132.952649956));
#14351=CARTESIAN_POINT('',(3.780409549,70.914615494,-134.007166215));
#14352=CARTESIAN_POINT('',(3.760475343,70.942732965,-134.006309202));
#14353=CARTESIAN_POINT('',(3.740238176,70.970635606,-134.005452189));
#14354=CARTESIAN_POINT('',(3.699167311,71.025998282,-134.003738561));
#14355=CARTESIAN_POINT('',(3.678333613,71.053458318,-134.002881945));
#14356=CARTESIAN_POINT('',(3.636079358,71.107923046,-134.00116951));
#14357=CARTESIAN_POINT('',(3.6146588,71.134927738,-134.00031369));
#14358=CARTESIAN_POINT('',(3.571240765,71.188469251,-133.998603243));
#14359=CARTESIAN_POINT('',(3.549243288,71.215006072,-133.997748616));
#14360=CARTESIAN_POINT('',(3.504681624,71.267599531,-133.996040951));
#14361=CARTESIAN_POINT('',(3.482117437,71.29365617,-133.995187914));
#14362=CARTESIAN_POINT('',(3.436432824,71.345277178,-133.993483823));
#14363=CARTESIAN_POINT('',(3.413312399,71.370841547,-133.992632771));
#14364=CARTESIAN_POINT('',(3.366526038,71.421466156,-133.990933047));
#14365=CARTESIAN_POINT('',(3.342860103,71.446526395,-133.990084375));
#14366=CARTESIAN_POINT('',(3.294993706,71.49613112,-133.988389806));
#14367=CARTESIAN_POINT('',(3.270793244,71.520675604,-133.987543908));
#14368=CARTESIAN_POINT('',(3.221869024,71.569237432,-133.98585528));
#14369=CARTESIAN_POINT('',(3.197145265,71.593254775,-133.98501255));
#14370=CARTESIAN_POINT('',(3.147185922,71.640751178,-133.983330647));
#14371=CARTESIAN_POINT('',(3.121950339,71.664230237,-133.982491475));
#14372=CARTESIAN_POINT('',(3.070979057,71.71063918,-133.980817079));
#14373=CARTESIAN_POINT('',(3.045243359,71.733569064,-133.979981854));
#14374=CARTESIAN_POINT('',(2.99328379,71.778869016,-133.978315741));
#14375=CARTESIAN_POINT('',(2.967059919,71.801239086,-133.977484852));
#14376=CARTESIAN_POINT('',(2.914136172,71.845409033,-133.975827796));
#14377=CARTESIAN_POINT('',(2.887436295,71.86720891,-133.975001628));
#14378=CARTESIAN_POINT('',(2.833572926,71.910228358,-133.973354397));
#14379=CARTESIAN_POINT('',(2.806409434,71.93144793,-133.972533335));
#14380=CARTESIAN_POINT('',(2.755299753,71.97049442,-133.971006295));
#14381=CARTESIAN_POINT('',(2.731409925,71.988395088,-133.970299634));
#14382=CARTESIAN_POINT('',(2.707355114,72.006071319,-133.969595152));
#14383=CARTESIAN_POINT('',(3.779681754,70.915653326,-135.051444046));
#14384=CARTESIAN_POINT('',(3.759601616,70.944287746,-135.050586522));
#14385=CARTESIAN_POINT('',(3.739208329,70.972702557,-135.049728998));
#14386=CARTESIAN_POINT('',(3.697805206,71.029079382,-135.04801436));
#14387=CARTESIAN_POINT('',(3.67679537,71.057041396,-135.047157246));
#14388=CARTESIAN_POINT('',(3.634169193,71.112499258,-135.045443837));
#14389=CARTESIAN_POINT('',(3.612552853,71.139995108,-135.044587542));
#14390=CARTESIAN_POINT('',(3.568724003,71.1945075,-135.042876182));
#14391=CARTESIAN_POINT('',(3.546511494,71.221524042,-135.042021117));
#14392=CARTESIAN_POINT('',(3.501500924,71.275064906,-135.040312624));
#14393=CARTESIAN_POINT('',(3.478702865,71.301589228,-135.039459196));
#14394=CARTESIAN_POINT('',(3.432532095,71.354132971,-135.037754386));
#14395=CARTESIAN_POINT('',(3.409159385,71.380152394,-135.036903005));
#14396=CARTESIAN_POINT('',(3.361850487,71.431673901,-135.035202693));
#14397=CARTESIAN_POINT('',(3.3379143,71.457175986,-135.034353764));
#14398=CARTESIAN_POINT('',(3.289489891,71.507650631,-135.032658765));
#14399=CARTESIAN_POINT('',(3.26500167,71.532623189,-135.031812694));
#14400=CARTESIAN_POINT('',(3.215484901,71.582026843,-135.030123816));
#14401=CARTESIAN_POINT('',(3.190456353,71.606457938,-135.029281009));
#14402=CARTESIAN_POINT('',(3.139870894,71.654766987,-135.02759906));
#14403=CARTESIAN_POINT('',(3.114313984,71.67864494,-135.026759918));
#14404=CARTESIAN_POINT('',(3.062684019,71.725836292,-135.025085703));
#14405=CARTESIAN_POINT('',(3.036610964,71.74914969,-135.024250628));
#14406=CARTESIAN_POINT('',(2.983961173,71.795200786,-135.022584946));
#14407=CARTESIAN_POINT('',(2.957384437,71.817938485,-135.021754338));
#14408=CARTESIAN_POINT('',(2.90373999,71.862827315,-135.020097985));
#14409=CARTESIAN_POINT('',(2.876672278,71.884978445,-135.019272241));
#14410=CARTESIAN_POINT('',(2.822058817,71.92868355,-135.01762601));
#14411=CARTESIAN_POINT('',(2.794513069,71.950237524,-135.016805523));
#14412=CARTESIAN_POINT('',(2.742677145,71.989891883,-135.015279714));
#14413=CARTESIAN_POINT('',(2.718445063,72.008068179,-135.014573684));
#14414=CARTESIAN_POINT('',(2.694042987,72.026013404,-135.0138699));
#14415=B_SPLINE_SURFACE_WITH_KNOTS('',3,3,((#14287,#14288,#14289,#14290,#14291,#14292,#14293,#14294,#14295,#14296,#14297,#14298,#14299,#14300,#14301,#14302,#14303,#14304,#14305,#14306,#14307,#14308,#14309,#14310,#14311,#14312,
#14313,#14314,#14315,#14316,#14317,#14318),(#14319,#14320,#14321,#14322,#14323,#14324,#14325,#14326,#14327,#14328,#14329,#14330,#14331,#14332,#14333,#14334,#14335,#14336,#14337,#14338,#14339,#14340,#14341,#14342,#14343,#14344,
#14345,#14346,#14347,#14348,#14349,#14350),(#14351,#14352,#14353,#14354,#14355,#14356,#14357,#14358,#14359,#14360,#14361,#14362,#14363,#14364,#14365,#14366,#14367,#14368,#14369,#14370,#14371,#14372,#14373,#14374,#14375,#14376,
#14377,#14378,#14379,#14380,#14381,#14382),(#14383,#14384,#14385,#14386,#14387,#14388,#14389,#14390,#14391,#14392,#14393,#14394,#14395,#14396,#14397,#14398,#14399,#14400,#14401,#14402,#14403,#14404,#14405,#14406,#14407,#14408,
#14409,#14410,#14411,#14412,#14413,#14414)),.UNSPECIFIED.,.F.,.F.,.U.,(4,4),(4,2,2,2,2,2,2,2,2,2,2,2,2,2,2,4),(0.130056626,0.135950948),(0.,0.0625,0.125,0.1875,0.25,0.3125,0.375,0.4375,0.5,0.5625,0.625,0.6875,0.75,0.8125,0.875,0.929129126),.UNSPECIFIED.);
#14416=ORIENTED_EDGE('',*,*,#1664,.F.);
#14417=ORIENTED_EDGE('',*,*,#1777,.F.);
#14418=ORIENTED_EDGE('',*,*,#1822,.F.);
#14419=ORIENTED_EDGE('',*,*,#14279,.T.);
#14420=EDGE_LOOP('',(#14416,#14417,#14418,#14419));
#14421=FACE_BOUND('',#14420,.T.);
#14422=ADVANCED_FACE('',(#14421),#14415,.F.);
#14423=CARTESIAN_POINT('',(33.704688335,86.779304368,-156.321145424));
#14424=DIRECTION('',(-0.001194787,0.999024214,0.044149655));
#14425=DIRECTION('',(0.,-0.044149686,0.999024927));
#14426=AXIS2_PLACEMENT_3D('',#14423,#14424,#14425);
#14427=CONICAL_SURFACE('',#14426,2.1,45.);
#14428=CARTESIAN_POINT('',(33.703015633,88.023414365,-152.762748662));
#14429=DIRECTION('',(0.000844842,-0.675198254,-0.737635821));
#14430=VECTOR('',#14429,1.979898987);
#14431=LINE('',#14428,#14430);
#14432=EDGE_CURVE('',#2716,#10350,#14431,.T.);
#14433=ORIENTED_EDGE('',*,*,#14432,.F.);
#14434=ORIENTED_EDGE('',*,*,#2722,.F.);
#14435=ORIENTED_EDGE('',*,*,#14432,.T.);
#14436=ORIENTED_EDGE('',*,*,#10364,.F.);
#14437=EDGE_LOOP('',(#14433,#14434,#14435,#14436));
#14438=FACE_BOUND('',#14437,.T.);
#14439=ADVANCED_FACE('',(#14438),#14427,.F.);
#14440=CARTESIAN_POINT('',(2.5,93.38718351,-20.412539497));
#14441=DIRECTION('',(-1.,0.,0.));
#14442=DIRECTION('',(0.,0.,1.));
#14443=AXIS2_PLACEMENT_3D('',#14440,#14441,#14442);
#14444=CYLINDRICAL_SURFACE('',#14443,1.107763975);
#14445=ORIENTED_EDGE('',*,*,#2043,.F.);
#14446=CARTESIAN_POINT('',(-1.7,93.38718351,-20.412539497));
#14447=DIRECTION('',(1.,-0.,-0.));
#14448=DIRECTION('',(0.,0.,1.));
#14449=AXIS2_PLACEMENT_3D('',#14446,#14447,#14448);
#14450=CIRCLE('',#14449,1.107763975);
#14451=EDGE_CURVE('',#2036,#2069,#14450,.T.);
#14452=ORIENTED_EDGE('',*,*,#14451,.T.);
#14453=ORIENTED_EDGE('',*,*,#2101,.F.);
#14454=ORIENTED_EDGE('',*,*,#11789,.T.);
#14455=EDGE_LOOP('',(#14445,#14452,#14453,#14454));
#14456=FACE_BOUND('',#14455,.T.);
#14457=ADVANCED_FACE('',(#14456),#14444,.T.);
#14458=CARTESIAN_POINT('',(50.687465842,-35.591021476,3.857934637));
#14459=DIRECTION('',(-0.045074021,0.043988274,0.998014711));
#14460=DIRECTION('',(0.998981678,0.,0.045117693));
#14461=AXIS2_PLACEMENT_3D('',#14458,#14459,#14460);
#14462=CYLINDRICAL_SURFACE('',#14461,18.4);
#14463=ORIENTED_EDGE('',*,*,#6631,.F.);
#14464=ORIENTED_EDGE('',*,*,#6444,.F.);
#14465=ORIENTED_EDGE('',*,*,#6035,.F.);
#14466=ORIENTED_EDGE('',*,*,#5850,.F.);
#14467=ORIENTED_EDGE('',*,*,#7557,.F.);
#14468=ORIENTED_EDGE('',*,*,#6325,.F.);
#14469=ORIENTED_EDGE('',*,*,#6168,.F.);
#14470=ORIENTED_EDGE('',*,*,#7450,.F.);
#14471=ORIENTED_EDGE('',*,*,#5984,.F.);
#14472=EDGE_LOOP('',(#14463,#14464,#14465,#14466,#14467,#14468,#14469,#14470,#14471));
#14473=FACE_BOUND('',#14472,.T.);
#14474=ADVANCED_FACE('',(#14473),#14462,.T.);
#14475=CARTESIAN_POINT('',(-69.223738358,-54.207803951,-193.));
#14476=DIRECTION('',(-0.,-0.,-1.));
#14477=DIRECTION('',(0.,1.,-0.));
#14478=AXIS2_PLACEMENT_3D('',#14475,#14476,#14477);
#14479=CYLINDRICAL_SURFACE('',#14478,9.);
#14480=ORIENTED_EDGE('',*,*,#8027,.F.);
#14481=ORIENTED_EDGE('',*,*,#6002,.F.);
#14482=ORIENTED_EDGE('',*,*,#2524,.F.);
#14483=ORIENTED_EDGE('',*,*,#5789,.F.);
#14484=EDGE_LOOP('',(#14480,#14481,#14482,#14483));
#14485=FACE_BOUND('',#14484,.T.);
#14486=ADVANCED_FACE('',(#14485),#14479,.T.);
#14487=CARTESIAN_POINT('',(-1.7,93.38718351,-20.412539497));
#14488=DIRECTION('',(-1.,0.,0.));
#14489=DIRECTION('',(0.,0.,1.));
#14490=AXIS2_PLACEMENT_3D('',#14487,#14488,#14489);
#14491=DEGENERATE_TOROIDAL_SURFACE('',#14490,0.307763975,0.8,.T.);
#14492=ORIENTED_EDGE('',*,*,#11915,.F.);
#14493=ORIENTED_EDGE('',*,*,#2198,.F.);
#14494=ORIENTED_EDGE('',*,*,#11900,.T.);
#14495=ORIENTED_EDGE('',*,*,#14451,.F.);
#14496=EDGE_LOOP('',(#14492,#14493,#14494,#14495));
#14497=FACE_BOUND('',#14496,.T.);
#14498=ADVANCED_FACE('',(#14497),#14491,.T.);
#14499=CARTESIAN_POINT('',(52.761394531,65.482251346,-130.));
#14500=DIRECTION('',(0.,0.,1.));
#14501=DIRECTION('',(1.,0.,-0.));
#14502=AXIS2_PLACEMENT_3D('',#14499,#14500,#14501);
#14503=TOROIDAL_SURFACE('',#14502,2.6,2.);
#14504=ORIENTED_EDGE('',*,*,#13660,.T.);
#14505=ORIENTED_EDGE('',*,*,#4492,.F.);
#14506=ORIENTED_EDGE('',*,*,#14198,.T.);
#14507=ORIENTED_EDGE('',*,*,#10082,.F.);
#14508=EDGE_LOOP('',(#14504,#14505,#14506,#14507));
#14509=FACE_BOUND('',#14508,.T.);
#14510=ADVANCED_FACE('',(#14509),#14503,.F.);
#14511=CLOSED_SHELL('',(#1452,#1631,#1724,#1755,#1797,#1850,#1929,#1953,#1996,#2029,#2062,#2105,#2157,#2218,#2369,#2418,#2450,#2473,#2497,#2620,#2653,#2709,#2988,#4084,#4137,#4161,
#4205,#4258,#4322,#4394,#4466,#4566,#4677,#4848,#4902,#4998,#5061,#5157,#5220,#5316,#5361,#5385,#5431,#5471,#5495,#5519,#5543,#5567,#5633,#5726,#5801,
#5885,#5988,#6021,#6046,#6078,#6110,#6128,#6178,#6202,#6226,#6250,#6274,#6306,#6329,#6548,#6581,#6621,#6638,#6671,#6732,#6769,#6823,#6856,#6877,#6922,
#7017,#7050,#7071,#7116,#7205,#7313,#7336,#7379,#7396,#7413,#7431,#7454,#7537,#7561,#7578,#7595,#7711,#7762,#7813,#7851,#7928,#7979,#8017,#8036,#8050,
#8064,#8078,#8404,#8446,#8616,#8641,#8689,#8704,#8729,#8789,#8804,#8829,#8901,#8916,#8955,#8972,#8989,#9013,#9031,#9043,#9059,#9076,#9087,#9186,#9477,
#9825,#9843,#9958,#9975,#9992,#10003,#10025,#10046,#10058,#10129,#10176,#10193,#10209,#10248,#10286,#10331,#10343,#10664,#11065,#11087,#11104,#11121,#11133,#11167,#11193,
#11217,#11306,#11346,#11363,#11375,#11390,#11407,#11421,#11479,#11513,#11535,#11557,#11587,#11603,#11637,#11659,#11705,#11729,#11768,#11793,#11826,#11865,#11904,#11928,#11961,
#11997,#12033,#12267,#12501,#12519,#12537,#12811,#13045,#13093,#13104,#13152,#13200,#13212,#13260,#13311,#13323,#13371,#13419,#13431,#13479,#13527,#13539,#13649,#13667,#13685,
#13779,#14203,#14229,#14253,#14266,#14286,#14422,#14439,#14457,#14474,#14486,#14498,#14510));
#14512=MANIFOLD_SOLID_BREP('Body 10',#14511);
#14513=DRAUGHTING_PRE_DEFINED_COLOUR('white');
#14514=FILL_AREA_STYLE_COLOUR('',#14513);
#14515=FILL_AREA_STYLE('',(#14514));
#14516=SURFACE_STYLE_FILL_AREA(#14515);
#14517=SURFACE_SIDE_STYLE('',(#14516));
#14518=SURFACE_STYLE_USAGE(.BOTH.,#14517);
#14519=PRESENTATION_STYLE_ASSIGNMENT((#14518));
#1412=STYLED_ITEM('',(#14519),#14512);
#14521=CARTESIAN_POINT('',(0.190069321,342.538696441,-305.865));
#14522=DIRECTION('',(-0.001404456,0.999999014,0.));
#14523=DIRECTION('',(-0.999999014,-0.001404456,0.));
#14524=AXIS2_PLACEMENT_3D('',#14521,#14522,#14523);
#14525=PLANE('',#14524);
#14526=CARTESIAN_POINT('',(55.870137401,342.6168967,-194.985));
#14527=VERTEX_POINT('',#14526);
#14528=CARTESIAN_POINT('',(42.6,342.598259363,-194.985));
#14529=VERTEX_POINT('',#14528);
#14530=CARTESIAN_POINT('',(55.870137401,342.6168967,-194.985));
#14531=DIRECTION('',(-0.999999014,-0.001404456,0.));
#14532=VECTOR('',#14531,13.270150488);
#14533=LINE('',#14530,#14532);
#14534=EDGE_CURVE('',#14527,#14529,#14533,.T.);
#14535=ORIENTED_EDGE('',*,*,#14534,.T.);
#14536=CARTESIAN_POINT('',(42.6,342.598259363,-193.185));
#14537=VERTEX_POINT('',#14536);
#14538=CARTESIAN_POINT('',(42.6,342.598259363,-194.985));
#14539=DIRECTION('',(0.,0.,1.));
#14540=VECTOR('',#14539,1.8);
#14541=LINE('',#14538,#14540);
#14542=EDGE_CURVE('',#14529,#14537,#14541,.T.);
#14543=ORIENTED_EDGE('',*,*,#14542,.T.);
#14544=CARTESIAN_POINT('',(55.870137401,342.6168967,-193.185));
#14545=VERTEX_POINT('',#14544);
#14546=CARTESIAN_POINT('',(55.870137401,342.6168967,-193.185));
#14547=DIRECTION('',(-0.999999014,-0.001404456,0.));
#14548=VECTOR('',#14547,13.270150488);
#14549=LINE('',#14546,#14548);
#14550=EDGE_CURVE('',#14545,#14537,#14549,.T.);
#14551=ORIENTED_EDGE('',*,*,#14550,.F.);
#14552=CARTESIAN_POINT('',(55.870137401,342.6168967,-193.185));
#14553=DIRECTION('',(0.,0.,-1.));
#14554=VECTOR('',#14553,1.8);
#14555=LINE('',#14552,#14554);
#14556=EDGE_CURVE('',#14545,#14527,#14555,.T.);
#14557=ORIENTED_EDGE('',*,*,#14556,.T.);
#14558=EDGE_LOOP('',(#14535,#14543,#14551,#14557));
#14559=FACE_BOUND('',#14558,.T.);
#14560=ADVANCED_FACE('',(#14559),#14525,.T.);
#14561=CARTESIAN_POINT('',(0.190069321,342.538696441,-305.865));
#14562=DIRECTION('',(-0.001404456,0.999999014,0.));
#14563=DIRECTION('',(-0.999999014,-0.001404456,0.));
#14564=AXIS2_PLACEMENT_3D('',#14561,#14562,#14563);
#14565=PLANE('',#14564);
#14566=CARTESIAN_POINT('',(24.4,342.572698246,-193.185));
#14567=VERTEX_POINT('',#14566);
#14568=CARTESIAN_POINT('',(-55.449597057,342.460552925,-193.185));
#14569=VERTEX_POINT('',#14568);
#14570=CARTESIAN_POINT('',(24.4,342.572698246,-193.185));
#14571=DIRECTION('',(-0.999999014,-0.001404456,0.));
#14572=VECTOR('',#14571,79.849675809);
#14573=LINE('',#14570,#14572);
#14574=EDGE_CURVE('',#14567,#14569,#14573,.T.);
#14575=ORIENTED_EDGE('',*,*,#14574,.F.);
#14576=CARTESIAN_POINT('',(24.4,342.572698246,-194.985));
#14577=VERTEX_POINT('',#14576);
#14578=CARTESIAN_POINT('',(24.4,342.572698246,-193.185));
#14579=DIRECTION('',(0.,0.,-1.));
#14580=VECTOR('',#14579,1.8);
#14581=LINE('',#14578,#14580);
#14582=EDGE_CURVE('',#14567,#14577,#14581,.T.);
#14583=ORIENTED_EDGE('',*,*,#14582,.T.);
#14584=CARTESIAN_POINT('',(-55.449597057,342.460552925,-194.985));
#14585=VERTEX_POINT('',#14584);
#14586=CARTESIAN_POINT('',(24.4,342.572698246,-194.985));
#14587=DIRECTION('',(-0.999999014,-0.001404456,0.));
#14588=VECTOR('',#14587,79.849675809);
#14589=LINE('',#14586,#14588);
#14590=EDGE_CURVE('',#14577,#14585,#14589,.T.);
#14591=ORIENTED_EDGE('',*,*,#14590,.T.);
#14592=CARTESIAN_POINT('',(-55.449597057,342.460552925,-193.185));
#14593=DIRECTION('',(0.,0.,-1.));
#14594=VECTOR('',#14593,1.8);
#14595=LINE('',#14592,#14594);
#14596=EDGE_CURVE('',#14569,#14585,#14595,.T.);
#14597=ORIENTED_EDGE('',*,*,#14596,.F.);
#14598=EDGE_LOOP('',(#14575,#14583,#14591,#14597));
#14599=FACE_BOUND('',#14598,.T.);
#14600=ADVANCED_FACE('',(#14599),#14565,.T.);
#14601=CARTESIAN_POINT('',(0.414859999,270.498917491,-194.985));
#14602=DIRECTION('',(0.,0.,1.));
#14603=DIRECTION('',(-1.,0.,0.));
#14604=AXIS2_PLACEMENT_3D('',#14601,#14602,#14603);
#14605=PLANE('',#14604);
#14606=CARTESIAN_POINT('',(-29.943205177,332.691679883,-194.985));
#14607=VERTEX_POINT('',#14606);
#14608=CARTESIAN_POINT('',(-29.210315746,311.704472515,-194.985));
#14609=DIRECTION('',(0.,0.,1.));
#14610=DIRECTION('',(-0.034899497,0.999390827,0.));
#14611=AXIS2_PLACEMENT_3D('',#14608,#14609,#14610);
#14612=CIRCLE('',#14611,21.);
#14613=EDGE_CURVE('',#14607,#14607,#14612,.T.);
#14614=ORIENTED_EDGE('',*,*,#14613,.T.);
#14615=EDGE_LOOP('',(#14614));
#14616=FACE_BOUND('',#14615,.T.);
#14617=CARTESIAN_POINT('',(28.96513387,276.479306083,-194.985));
#14618=VERTEX_POINT('',#14617);
#14619=CARTESIAN_POINT('',(29.698023301,255.492098716,-194.985));
#14620=DIRECTION('',(0.,0.,1.));
#14621=DIRECTION('',(-0.034899497,0.999390827,0.));
#14622=AXIS2_PLACEMENT_3D('',#14619,#14620,#14621);
#14623=CIRCLE('',#14622,21.);
#14624=EDGE_CURVE('',#14618,#14618,#14623,.T.);
#14625=ORIENTED_EDGE('',*,*,#14624,.T.);
#14626=EDGE_LOOP('',(#14625));
#14627=FACE_BOUND('',#14626,.T.);
#14628=CARTESIAN_POINT('',(25.,341.973540329,-194.985));
#14629=VERTEX_POINT('',#14628);
#14630=CARTESIAN_POINT('',(25.,327.4685831,-194.985));
#14631=VERTEX_POINT('',#14630);
#14632=CARTESIAN_POINT('',(25.,341.973540329,-194.985));
#14633=DIRECTION('',(0.,-1.,0.));
#14634=VECTOR('',#14633,14.504957229);
#14635=LINE('',#14632,#14634);
#14636=EDGE_CURVE('',#14629,#14631,#14635,.T.);
#14637=ORIENTED_EDGE('',*,*,#14636,.F.);
#14638=CARTESIAN_POINT('',(42.,341.997416097,-194.985));
#14639=VERTEX_POINT('',#14638);
#14640=CARTESIAN_POINT('',(25.,341.973540329,-194.985));
#14641=DIRECTION('',(0.999999014,0.001404456,0.));
#14642=VECTOR('',#14641,17.000016766);
#14643=LINE('',#14640,#14642);
#14644=EDGE_CURVE('',#14629,#14639,#14643,.T.);
#14645=ORIENTED_EDGE('',*,*,#14644,.T.);
#14646=CARTESIAN_POINT('',(42.,327.526759279,-194.985));
#14647=VERTEX_POINT('',#14646);
#14648=CARTESIAN_POINT('',(42.,341.997416097,-194.985));
#14649=DIRECTION('',(0.,-1.,0.));
#14650=VECTOR('',#14649,14.470656818);
#14651=LINE('',#14648,#14650);
#14652=EDGE_CURVE('',#14639,#14647,#14651,.T.);
#14653=ORIENTED_EDGE('',*,*,#14652,.T.);
#14654=CARTESIAN_POINT('',(42.6,327.526759279,-194.985));
#14655=VERTEX_POINT('',#14654);
#14656=CARTESIAN_POINT('',(42.,327.526759279,-194.985));
#14657=DIRECTION('',(1.,0.,-0.));
#14658=VECTOR('',#14657,0.6);
#14659=LINE('',#14656,#14658);
#14660=EDGE_CURVE('',#14647,#14655,#14659,.T.);
#14661=ORIENTED_EDGE('',*,*,#14660,.T.);
#14662=CARTESIAN_POINT('',(42.6,327.526759279,-194.985));
#14663=DIRECTION('',(0.,1.,0.));
#14664=VECTOR('',#14663,15.071500084);
#14665=LINE('',#14662,#14664);
#14666=EDGE_CURVE('',#14655,#14529,#14665,.T.);
#14667=ORIENTED_EDGE('',*,*,#14666,.T.);
#14668=ORIENTED_EDGE('',*,*,#14534,.F.);
#14669=CARTESIAN_POINT('',(60.303934341,337.777250165,-194.985));
#14670=VERTEX_POINT('',#14669);
#14671=CARTESIAN_POINT('',(54.523666267,336.932525675,-194.985));
#14672=DIRECTION('',(-0.,-0.,-1.));
#14673=DIRECTION('',(1.,0.,-0.));
#14674=AXIS2_PLACEMENT_3D('',#14671,#14672,#14673);
#14675=CIRCLE('',#14674,5.841665727);
#14676=EDGE_CURVE('',#14527,#14670,#14675,.T.);
#14677=ORIENTED_EDGE('',*,*,#14676,.T.);
#14678=CARTESIAN_POINT('',(60.303934341,231.767876993,-194.985));
#14679=VERTEX_POINT('',#14678);
#14680=CARTESIAN_POINT('',(60.303934341,231.767876993,-194.985));
#14681=DIRECTION('',(0.,1.,0.));
#14682=VECTOR('',#14681,106.009373172);
#14683=LINE('',#14680,#14682);
#14684=EDGE_CURVE('',#14679,#14670,#14683,.T.);
#14685=ORIENTED_EDGE('',*,*,#14684,.F.);
#14686=CARTESIAN_POINT('',(60.239189806,229.924421642,-194.985));
#14687=VERTEX_POINT('',#14686);
#14688=CARTESIAN_POINT('',(60.303934341,231.767876993,-194.985));
#14689=DIRECTION('',(-0.035099651,-0.999383817,0.));
#14690=VECTOR('',#14689,1.844591956);
#14691=LINE('',#14688,#14690);
#14692=EDGE_CURVE('',#14679,#14687,#14691,.T.);
#14693=ORIENTED_EDGE('',*,*,#14692,.T.);
#14694=CARTESIAN_POINT('',(55.359007772,225.27615877,-194.985));
#14695=VERTEX_POINT('',#14694);
#14696=CARTESIAN_POINT('',(54.195401209,231.383789692,-194.985));
#14697=DIRECTION('',(-0.,-0.,-1.));
#14698=DIRECTION('',(1.,0.,-0.));
#14699=AXIS2_PLACEMENT_3D('',#14696,#14697,#14698);
#14700=CIRCLE('',#14699,6.217486286);
#14701=EDGE_CURVE('',#14687,#14695,#14700,.T.);
#14702=ORIENTED_EDGE('',*,*,#14701,.T.);
#14703=CARTESIAN_POINT('',(-53.547907598,225.047913719,-194.985));
#14704=VERTEX_POINT('',#14703);
#14705=CARTESIAN_POINT('',(-53.547907598,225.047913719,-194.985));
#14706=DIRECTION('',(0.999997804,0.002095776,0.));
#14707=VECTOR('',#14706,108.907154546);
#14708=LINE('',#14705,#14707);
#14709=EDGE_CURVE('',#14704,#14695,#14708,.T.);
#14710=ORIENTED_EDGE('',*,*,#14709,.F.);
#14711=CARTESIAN_POINT('',(-59.448979513,230.255638691,-194.985));
#14712=VERTEX_POINT('',#14711);
#14713=CARTESIAN_POINT('',(-52.682793728,231.975434647,-194.985));
#14714=DIRECTION('',(-0.,-0.,-1.));
#14715=DIRECTION('',(1.,0.,-0.));
#14716=AXIS2_PLACEMENT_3D('',#14713,#14714,#14715);
#14717=CIRCLE('',#14716,6.981329975);
#14718=EDGE_CURVE('',#14704,#14712,#14717,.T.);
#14719=ORIENTED_EDGE('',*,*,#14718,.T.);
#14720=CARTESIAN_POINT('',(-59.584304007,337.080770208,-194.985));
#14721=VERTEX_POINT('',#14720);
#14722=CARTESIAN_POINT('',(-59.584304007,337.080770208,-194.985));
#14723=DIRECTION('',(0.001266784,-0.999999198,0.));
#14724=VECTOR('',#14723,106.825217231);
#14725=LINE('',#14722,#14724);
#14726=EDGE_CURVE('',#14721,#14712,#14725,.T.);
#14727=ORIENTED_EDGE('',*,*,#14726,.F.);
#14728=CARTESIAN_POINT('',(-53.559750956,336.729300707,-194.985));
#14729=DIRECTION('',(-0.,-0.,-1.));
#14730=DIRECTION('',(1.,0.,-0.));
#14731=AXIS2_PLACEMENT_3D('',#14728,#14729,#14730);
#14732=CIRCLE('',#14731,6.034796622);
#14733=EDGE_CURVE('',#14721,#14585,#14732,.T.);
#14734=ORIENTED_EDGE('',*,*,#14733,.T.);
#14735=ORIENTED_EDGE('',*,*,#14590,.F.);
#14736=CARTESIAN_POINT('',(24.4,327.4685831,-194.985));
#14737=VERTEX_POINT('',#14736);
#14738=CARTESIAN_POINT('',(24.4,327.4685831,-194.985));
#14739=DIRECTION('',(0.,1.,0.));
#14740=VECTOR('',#14739,15.104115147);
#14741=LINE('',#14738,#14740);
#14742=EDGE_CURVE('',#14737,#14577,#14741,.T.);
#14743=ORIENTED_EDGE('',*,*,#14742,.F.);
#14744=CARTESIAN_POINT('',(25.,327.4685831,-194.985));
#14745=DIRECTION('',(-1.,0.,0.));
#14746=VECTOR('',#14745,0.6);
#14747=LINE('',#14744,#14746);
#14748=EDGE_CURVE('',#14631,#14737,#14747,.T.);
#14749=ORIENTED_EDGE('',*,*,#14748,.F.);
#14750=EDGE_LOOP('',(#14637,#14645,#14653,#14661,#14667,#14668,#14677,#14685,#14693,#14702,#14710,#14719,#14727,#14734,#14735,#14743,#14749));
#14751=FACE_BOUND('',#14750,.T.);
#14752=ADVANCED_FACE('',(#14616,#14627,#14751),#14605,.F.);
#14753=CARTESIAN_POINT('',(0.414859999,270.498917491,-193.185));
#14754=DIRECTION('',(0.,0.,1.));
#14755=DIRECTION('',(-1.,0.,0.));
#14756=AXIS2_PLACEMENT_3D('',#14753,#14754,#14755);
#14757=PLANE('',#14756);
#14758=CARTESIAN_POINT('',(30.710108706,226.509764732,-193.185));
#14759=VERTEX_POINT('',#14758);
#14760=CARTESIAN_POINT('',(58.698023301,255.492098716,-193.185));
#14761=VERTEX_POINT('',#14760);
#14762=CARTESIAN_POINT('',(29.698023301,255.492098716,-193.185));
#14763=DIRECTION('',(0.,0.,1.));
#14764=DIRECTION('',(1.,0.,-0.));
#14765=AXIS2_PLACEMENT_3D('',#14762,#14763,#14764);
#14766=CIRCLE('',#14765,29.);
#14767=EDGE_CURVE('',#14759,#14761,#14766,.T.);
#14768=ORIENTED_EDGE('',*,*,#14767,.F.);
#14769=CARTESIAN_POINT('',(29.698023301,255.492098716,-193.185));
#14770=DIRECTION('',(0.,0.,1.));
#14771=DIRECTION('',(1.,0.,-0.));
#14772=AXIS2_PLACEMENT_3D('',#14769,#14770,#14771);
#14773=CIRCLE('',#14772,29.);
#14774=EDGE_CURVE('',#14761,#14759,#14773,.T.);
#14775=ORIENTED_EDGE('',*,*,#14774,.F.);
#14776=EDGE_LOOP('',(#14768,#14775));
#14777=FACE_BOUND('',#14776,.T.);
#14778=CARTESIAN_POINT('',(-28.198230342,282.722138532,-193.185));
#14779=VERTEX_POINT('',#14778);
#14780=CARTESIAN_POINT('',(-0.210315746,311.704472515,-193.185));
#14781=VERTEX_POINT('',#14780);
#14782=CARTESIAN_POINT('',(-29.210315746,311.704472515,-193.185));
#14783=DIRECTION('',(0.,0.,1.));
#14784=DIRECTION('',(1.,0.,-0.));
#14785=AXIS2_PLACEMENT_3D('',#14782,#14783,#14784);
#14786=CIRCLE('',#14785,29.);
#14787=EDGE_CURVE('',#14779,#14781,#14786,.T.);
#14788=ORIENTED_EDGE('',*,*,#14787,.F.);
#14789=CARTESIAN_POINT('',(-29.210315746,311.704472515,-193.185));
#14790=DIRECTION('',(0.,0.,1.));
#14791=DIRECTION('',(1.,0.,-0.));
#14792=AXIS2_PLACEMENT_3D('',#14789,#14790,#14791);
#14793=CIRCLE('',#14792,29.);
#14794=EDGE_CURVE('',#14781,#14779,#14793,.T.);
#14795=ORIENTED_EDGE('',*,*,#14794,.F.);
#14796=EDGE_LOOP('',(#14788,#14795));
#14797=FACE_BOUND('',#14796,.T.);
#14798=CARTESIAN_POINT('',(42.,341.997416097,-193.185));
#14799=VERTEX_POINT('',#14798);
#14800=CARTESIAN_POINT('',(42.,327.526759279,-193.185));
#14801=VERTEX_POINT('',#14800);
#14802=CARTESIAN_POINT('',(42.,341.997416097,-193.185));
#14803=DIRECTION('',(0.,-1.,0.));
#14804=VECTOR('',#14803,14.470656818);
#14805=LINE('',#14802,#14804);
#14806=EDGE_CURVE('',#14799,#14801,#14805,.T.);
#14807=ORIENTED_EDGE('',*,*,#14806,.F.);
#14808=CARTESIAN_POINT('',(25.,341.973540329,-193.185));
#14809=VERTEX_POINT('',#14808);
#14810=CARTESIAN_POINT('',(42.,341.997416097,-193.185));
#14811=DIRECTION('',(-0.999999014,-0.001404456,0.));
#14812=VECTOR('',#14811,17.000016766);
#14813=LINE('',#14810,#14812);
#14814=EDGE_CURVE('',#14799,#14809,#14813,.T.);
#14815=ORIENTED_EDGE('',*,*,#14814,.T.);
#14816=CARTESIAN_POINT('',(25.,327.4685831,-193.185));
#14817=VERTEX_POINT('',#14816);
#14818=CARTESIAN_POINT('',(25.,341.973540329,-193.185));
#14819=DIRECTION('',(0.,-1.,0.));
#14820=VECTOR('',#14819,14.504957229);
#14821=LINE('',#14818,#14820);
#14822=EDGE_CURVE('',#14809,#14817,#14821,.T.);
#14823=ORIENTED_EDGE('',*,*,#14822,.T.);
#14824=CARTESIAN_POINT('',(24.4,327.4685831,-193.185));
#14825=VERTEX_POINT('',#14824);
#14826=CARTESIAN_POINT('',(25.,327.4685831,-193.185));
#14827=DIRECTION('',(-1.,0.,0.));
#14828=VECTOR('',#14827,0.6);
#14829=LINE('',#14826,#14828);
#14830=EDGE_CURVE('',#14817,#14825,#14829,.T.);
#14831=ORIENTED_EDGE('',*,*,#14830,.T.);
#14832=CARTESIAN_POINT('',(24.4,327.4685831,-193.185));
#14833=DIRECTION('',(0.,1.,0.));
#14834=VECTOR('',#14833,15.104115147);
#14835=LINE('',#14832,#14834);
#14836=EDGE_CURVE('',#14825,#14567,#14835,.T.);
#14837=ORIENTED_EDGE('',*,*,#14836,.T.);
#14838=ORIENTED_EDGE('',*,*,#14574,.T.);
#14839=CARTESIAN_POINT('',(-59.584304007,337.080770208,-193.185));
#14840=VERTEX_POINT('',#14839);
#14841=CARTESIAN_POINT('',(-53.559750956,336.729300707,-193.185));
#14842=DIRECTION('',(-0.,-0.,-1.));
#14843=DIRECTION('',(1.,0.,-0.));
#14844=AXIS2_PLACEMENT_3D('',#14841,#14842,#14843);
#14845=CIRCLE('',#14844,6.034796622);
#14846=EDGE_CURVE('',#14840,#14569,#14845,.T.);
#14847=ORIENTED_EDGE('',*,*,#14846,.F.);
#14848=CARTESIAN_POINT('',(-59.448979513,230.255638691,-193.185));
#14849=VERTEX_POINT('',#14848);
#14850=CARTESIAN_POINT('',(-59.584304007,337.080770208,-193.185));
#14851=DIRECTION('',(0.001266784,-0.999999198,0.));
#14852=VECTOR('',#14851,106.825217231);
#14853=LINE('',#14850,#14852);
#14854=EDGE_CURVE('',#14840,#14849,#14853,.T.);
#14855=ORIENTED_EDGE('',*,*,#14854,.T.);
#14856=CARTESIAN_POINT('',(-53.547907598,225.047913719,-193.185));
#14857=VERTEX_POINT('',#14856);
#14858=CARTESIAN_POINT('',(-52.682793728,231.975434647,-193.185));
#14859=DIRECTION('',(-0.,-0.,-1.));
#14860=DIRECTION('',(1.,0.,-0.));
#14861=AXIS2_PLACEMENT_3D('',#14858,#14859,#14860);
#14862=CIRCLE('',#14861,6.981329975);
#14863=EDGE_CURVE('',#14857,#14849,#14862,.T.);
#14864=ORIENTED_EDGE('',*,*,#14863,.F.);
#14865=CARTESIAN_POINT('',(55.359007772,225.27615877,-193.185));
#14866=VERTEX_POINT('',#14865);
#14867=CARTESIAN_POINT('',(-53.547907598,225.047913719,-193.185));
#14868=DIRECTION('',(0.999997804,0.002095776,0.));
#14869=VECTOR('',#14868,108.907154546);
#14870=LINE('',#14867,#14869);
#14871=EDGE_CURVE('',#14857,#14866,#14870,.T.);
#14872=ORIENTED_EDGE('',*,*,#14871,.T.);
#14873=CARTESIAN_POINT('',(60.239189806,229.924421642,-193.185));
#14874=VERTEX_POINT('',#14873);
#14875=CARTESIAN_POINT('',(54.195401209,231.383789692,-193.185));
#14876=DIRECTION('',(-0.,-0.,-1.));
#14877=DIRECTION('',(1.,0.,-0.));
#14878=AXIS2_PLACEMENT_3D('',#14875,#14876,#14877);
#14879=CIRCLE('',#14878,6.217486286);
#14880=EDGE_CURVE('',#14874,#14866,#14879,.T.);
#14881=ORIENTED_EDGE('',*,*,#14880,.F.);
#14882=CARTESIAN_POINT('',(60.303934341,231.767876993,-193.185));
#14883=VERTEX_POINT('',#14882);
#14884=CARTESIAN_POINT('',(60.303934341,231.767876993,-193.185));
#14885=DIRECTION('',(-0.035099651,-0.999383817,0.));
#14886=VECTOR('',#14885,1.844591956);
#14887=LINE('',#14884,#14886);
#14888=EDGE_CURVE('',#14883,#14874,#14887,.T.);
#14889=ORIENTED_EDGE('',*,*,#14888,.F.);
#14890=CARTESIAN_POINT('',(60.303934341,337.777250165,-193.185));
#14891=VERTEX_POINT('',#14890);
#14892=CARTESIAN_POINT('',(60.303934341,231.767876993,-193.185));
#14893=DIRECTION('',(0.,1.,0.));
#14894=VECTOR('',#14893,106.009373172);
#14895=LINE('',#14892,#14894);
#14896=EDGE_CURVE('',#14883,#14891,#14895,.T.);
#14897=ORIENTED_EDGE('',*,*,#14896,.T.);
#14898=CARTESIAN_POINT('',(54.523666267,336.932525675,-193.185));
#14899=DIRECTION('',(-0.,-0.,-1.));
#14900=DIRECTION('',(1.,0.,-0.));
#14901=AXIS2_PLACEMENT_3D('',#14898,#14899,#14900);
#14902=CIRCLE('',#14901,5.841665727);
#14903=EDGE_CURVE('',#14545,#14891,#14902,.T.);
#14904=ORIENTED_EDGE('',*,*,#14903,.F.);
#14905=ORIENTED_EDGE('',*,*,#14550,.T.);
#14906=CARTESIAN_POINT('',(42.6,327.526759279,-193.185));
#14907=VERTEX_POINT('',#14906);
#14908=CARTESIAN_POINT('',(42.6,327.526759279,-193.185));
#14909=DIRECTION('',(0.,1.,0.));
#14910=VECTOR('',#14909,15.071500084);
#14911=LINE('',#14908,#14910);
#14912=EDGE_CURVE('',#14907,#14537,#14911,.T.);
#14913=ORIENTED_EDGE('',*,*,#14912,.F.);
#14914=CARTESIAN_POINT('',(42.,327.526759279,-193.185));
#14915=DIRECTION('',(1.,0.,-0.));
#14916=VECTOR('',#14915,0.6);
#14917=LINE('',#14914,#14916);
#14918=EDGE_CURVE('',#14801,#14907,#14917,.T.);
#14919=ORIENTED_EDGE('',*,*,#14918,.F.);
#14920=EDGE_LOOP('',(#14807,#14815,#14823,#14831,#14837,#14838,#14847,#14855,#14864,#14872,#14881,#14889,#14897,#14904,#14905,#14913,#14919));
#14921=FACE_BOUND('',#14920,.T.);
#14922=ADVANCED_FACE('',(#14777,#14797,#14921),#14757,.T.);
#14923=CARTESIAN_POINT('',(13.702701219,283.878114177,-192.015));
#14924=DIRECTION('',(0.,0.,1.));
#14925=DIRECTION('',(0.034899497,-0.999390827,0.));
#14926=AXIS2_PLACEMENT_3D('',#14923,#14924,#14925);
#14927=PLANE('',#14926);
#14928=CARTESIAN_POINT('',(28.947684122,276.979001497,-192.015));
#14929=VERTEX_POINT('',#14928);
#14930=CARTESIAN_POINT('',(29.698023301,255.492098716,-192.015));
#14931=DIRECTION('',(-0.,-0.,-1.));
#14932=DIRECTION('',(-0.034899497,0.999390827,0.));
#14933=AXIS2_PLACEMENT_3D('',#14930,#14931,#14932);
#14934=CIRCLE('',#14933,21.5);
#14935=EDGE_CURVE('',#14929,#14929,#14934,.T.);
#14936=ORIENTED_EDGE('',*,*,#14935,.T.);
#14937=EDGE_LOOP('',(#14936));
#14938=FACE_BOUND('',#14937,.T.);
#14939=CARTESIAN_POINT('',(47.78472003,238.233147373,-192.015));
#14940=VERTEX_POINT('',#14939);
#14941=CARTESIAN_POINT('',(30.570510719,230.50732804,-192.015));
#14942=VERTEX_POINT('',#14941);
#14943=CARTESIAN_POINT('',(29.698023301,255.492098716,-192.015));
#14944=DIRECTION('',(0.,0.,1.));
#14945=DIRECTION('',(0.723467869,-0.690358054,0.));
#14946=AXIS2_PLACEMENT_3D('',#14943,#14944,#14945);
#14947=CIRCLE('',#14946,25.);
#14948=EDGE_CURVE('',#14940,#14942,#14947,.T.);
#14949=ORIENTED_EDGE('',*,*,#14948,.T.);
#14950=CARTESIAN_POINT('',(29.698023301,255.492098716,-192.015));
#14951=DIRECTION('',(0.,0.,1.));
#14952=DIRECTION('',(0.723467869,-0.690358054,0.));
#14953=AXIS2_PLACEMENT_3D('',#14950,#14951,#14952);
#14954=CIRCLE('',#14953,25.);
#14955=EDGE_CURVE('',#14942,#14940,#14954,.T.);
#14956=ORIENTED_EDGE('',*,*,#14955,.T.);
#14957=EDGE_LOOP('',(#14949,#14956));
#14958=FACE_BOUND('',#14957,.T.);
#14959=ADVANCED_FACE('',(#14938,#14958),#14927,.T.);
#14960=CARTESIAN_POINT('',(13.702701219,283.878114177,-192.015));
#14961=DIRECTION('',(0.,0.,1.));
#14962=DIRECTION('',(0.034899497,-0.999390827,0.));
#14963=AXIS2_PLACEMENT_3D('',#14960,#14961,#14962);
#14964=PLANE('',#14963);
#14965=CARTESIAN_POINT('',(-29.960654925,333.191375296,-192.015));
#14966=VERTEX_POINT('',#14965);
#14967=CARTESIAN_POINT('',(-29.210315746,311.704472515,-192.015));
#14968=DIRECTION('',(-0.,-0.,-1.));
#14969=DIRECTION('',(-0.034899497,0.999390827,0.));
#14970=AXIS2_PLACEMENT_3D('',#14967,#14968,#14969);
#14971=CIRCLE('',#14970,21.5);
#14972=EDGE_CURVE('',#14966,#14966,#14971,.T.);
#14973=ORIENTED_EDGE('',*,*,#14972,.T.);
#14974=EDGE_LOOP('',(#14973));
#14975=FACE_BOUND('',#14974,.T.);
#14976=CARTESIAN_POINT('',(-11.123619017,294.445521172,-192.015));
#14977=VERTEX_POINT('',#14976);
#14978=CARTESIAN_POINT('',(-28.337828328,286.71970184,-192.015));
#14979=VERTEX_POINT('',#14978);
#14980=CARTESIAN_POINT('',(-29.210315746,311.704472515,-192.015));
#14981=DIRECTION('',(0.,0.,1.));
#14982=DIRECTION('',(0.723467869,-0.690358054,0.));
#14983=AXIS2_PLACEMENT_3D('',#14980,#14981,#14982);
#14984=CIRCLE('',#14983,25.);
#14985=EDGE_CURVE('',#14977,#14979,#14984,.T.);
#14986=ORIENTED_EDGE('',*,*,#14985,.T.);
#14987=CARTESIAN_POINT('',(-29.210315746,311.704472515,-192.015));
#14988=DIRECTION('',(0.,0.,1.));
#14989=DIRECTION('',(0.723467869,-0.690358054,0.));
#14990=AXIS2_PLACEMENT_3D('',#14987,#14988,#14989);
#14991=CIRCLE('',#14990,25.);
#14992=EDGE_CURVE('',#14979,#14977,#14991,.T.);
#14993=ORIENTED_EDGE('',*,*,#14992,.T.);
#14994=EDGE_LOOP('',(#14986,#14993));
#14995=FACE_BOUND('',#14994,.T.);
#14996=ADVANCED_FACE('',(#14975,#14995),#14964,.T.);
#14997=CARTESIAN_POINT('',(62.035950803,281.083159679,-168.255));
#14998=DIRECTION('',(0.999383817,-0.035099651,0.));
#14999=DIRECTION('',(0.035099651,0.999383817,0.));
#15000=AXIS2_PLACEMENT_3D('',#14997,#14998,#14999);
#15001=PLANE('',#15000);
#15002=ORIENTED_EDGE('',*,*,#14692,.F.);
#15003=CARTESIAN_POINT('',(60.303934341,231.767876993,-194.985));
#15004=DIRECTION('',(0.,0.,1.));
#15005=VECTOR('',#15004,1.8);
#15006=LINE('',#15003,#15005);
#15007=EDGE_CURVE('',#14679,#14883,#15006,.T.);
#15008=ORIENTED_EDGE('',*,*,#15007,.T.);
#15009=ORIENTED_EDGE('',*,*,#14888,.T.);
#15010=CARTESIAN_POINT('',(60.239189806,229.924421642,-194.985));
#15011=DIRECTION('',(-0.,-0.,1.));
#15012=VECTOR('',#15011,1.8);
#15013=LINE('',#15010,#15012);
#15014=EDGE_CURVE('',#14687,#14874,#15013,.T.);
#15015=ORIENTED_EDGE('',*,*,#15014,.F.);
#15016=EDGE_LOOP('',(#15002,#15008,#15009,#15015));
#15017=FACE_BOUND('',#15016,.T.);
#15018=ADVANCED_FACE('',(#15017),#15001,.T.);
#15019=CARTESIAN_POINT('',(0.190069321,342.538696441,-305.865));
#15020=DIRECTION('',(-0.001404456,0.999999014,0.));
#15021=DIRECTION('',(-0.999999014,-0.001404456,0.));
#15022=AXIS2_PLACEMENT_3D('',#15019,#15020,#15021);
#15023=PLANE('',#15022);
#15024=CARTESIAN_POINT('',(42.,342.597416689,-194.385));
#15025=VERTEX_POINT('',#15024);
#15026=CARTESIAN_POINT('',(42.,342.597416689,-193.785));
#15027=VERTEX_POINT('',#15026);
#15028=CARTESIAN_POINT('',(42.,342.597416689,-194.385));
#15029=DIRECTION('',(0.,0.,1.));
#15030=VECTOR('',#15029,0.6);
#15031=LINE('',#15028,#15030);
#15032=EDGE_CURVE('',#15025,#15027,#15031,.T.);
#15033=ORIENTED_EDGE('',*,*,#15032,.F.);
#15034=CARTESIAN_POINT('',(25.,342.573540921,-194.385));
#15035=VERTEX_POINT('',#15034);
#15036=CARTESIAN_POINT('',(42.,342.597416689,-194.385));
#15037=DIRECTION('',(-0.999999014,-0.001404456,0.));
#15038=VECTOR('',#15037,17.000016766);
#15039=LINE('',#15036,#15038);
#15040=EDGE_CURVE('',#15025,#15035,#15039,.T.);
#15041=ORIENTED_EDGE('',*,*,#15040,.T.);
#15042=CARTESIAN_POINT('',(25.,342.573540921,-193.785));
#15043=VERTEX_POINT('',#15042);
#15044=CARTESIAN_POINT('',(25.,342.573540921,-193.785));
#15045=DIRECTION('',(0.,0.,-1.));
#15046=VECTOR('',#15045,0.6);
#15047=LINE('',#15044,#15046);
#15048=EDGE_CURVE('',#15043,#15035,#15047,.T.);
#15049=ORIENTED_EDGE('',*,*,#15048,.F.);
#15050=CARTESIAN_POINT('',(25.,342.573540921,-193.785));
#15051=DIRECTION('',(0.999999014,0.001404456,0.));
#15052=VECTOR('',#15051,17.000016766);
#15053=LINE('',#15050,#15052);
#15054=EDGE_CURVE('',#15043,#15027,#15053,.T.);
#15055=ORIENTED_EDGE('',*,*,#15054,.T.);
#15056=EDGE_LOOP('',(#15033,#15041,#15049,#15055));
#15057=FACE_BOUND('',#15056,.T.);
#15058=ADVANCED_FACE('',(#15057),#15023,.T.);
#15059=CARTESIAN_POINT('',(0.919771824,225.16206605,-305.865));
#15060=DIRECTION('',(0.002095776,-0.999997804,0.));
#15061=DIRECTION('',(0.999997804,0.002095776,0.));
#15062=AXIS2_PLACEMENT_3D('',#15059,#15060,#15061);
#15063=PLANE('',#15062);
#15064=CARTESIAN_POINT('',(-53.547907598,225.047913719,-193.185));
#15065=DIRECTION('',(0.,0.,-1.));
#15066=VECTOR('',#15065,1.8);
#15067=LINE('',#15064,#15066);
#15068=EDGE_CURVE('',#14857,#14704,#15067,.T.);
#15069=ORIENTED_EDGE('',*,*,#15068,.T.);
#15070=ORIENTED_EDGE('',*,*,#14709,.T.);
#15071=CARTESIAN_POINT('',(55.359007772,225.27615877,-193.185));
#15072=DIRECTION('',(0.,0.,-1.));
#15073=VECTOR('',#15072,1.8);
#15074=LINE('',#15071,#15073);
#15075=EDGE_CURVE('',#14866,#14695,#15074,.T.);
#15076=ORIENTED_EDGE('',*,*,#15075,.F.);
#15077=ORIENTED_EDGE('',*,*,#14871,.F.);
#15078=EDGE_LOOP('',(#15069,#15070,#15076,#15077));
#15079=FACE_BOUND('',#15078,.T.);
#15080=ADVANCED_FACE('',(#15079),#15063,.T.);
#15081=CARTESIAN_POINT('',(-59.516584307,283.622850863,-305.865));
#15082=DIRECTION('',(-0.999999198,-0.001266784,0.));
#15083=DIRECTION('',(0.001266784,-0.999999198,0.));
#15084=AXIS2_PLACEMENT_3D('',#15081,#15082,#15083);
#15085=PLANE('',#15084);
#15086=CARTESIAN_POINT('',(-59.584304007,337.080770208,-193.185));
#15087=DIRECTION('',(0.,0.,-1.));
#15088=VECTOR('',#15087,1.8);
#15089=LINE('',#15086,#15088);
#15090=EDGE_CURVE('',#14840,#14721,#15089,.T.);
#15091=ORIENTED_EDGE('',*,*,#15090,.T.);
#15092=ORIENTED_EDGE('',*,*,#14726,.T.);
#15093=CARTESIAN_POINT('',(-59.448979513,230.255638691,-193.185));
#15094=DIRECTION('',(0.,0.,-1.));
#15095=VECTOR('',#15094,1.8);
#15096=LINE('',#15093,#15095);
#15097=EDGE_CURVE('',#14849,#14712,#15096,.T.);
#15098=ORIENTED_EDGE('',*,*,#15097,.F.);
#15099=ORIENTED_EDGE('',*,*,#14854,.F.);
#15100=EDGE_LOOP('',(#15091,#15092,#15098,#15099));
#15101=FACE_BOUND('',#15100,.T.);
#15102=ADVANCED_FACE('',(#15101),#15085,.T.);
#15103=CARTESIAN_POINT('',(54.523666267,336.932525675,-305.865));
#15104=DIRECTION('',(0.,0.,-1.));
#15105=DIRECTION('',(-1.,0.,0.));
#15106=AXIS2_PLACEMENT_3D('',#15103,#15104,#15105);
#15107=CYLINDRICAL_SURFACE('',#15106,5.841665727);
#15108=ORIENTED_EDGE('',*,*,#14903,.T.);
#15109=CARTESIAN_POINT('',(60.303934341,337.777250165,-193.185));
#15110=DIRECTION('',(0.,0.,-1.));
#15111=VECTOR('',#15110,1.8);
#15112=LINE('',#15109,#15111);
#15113=EDGE_CURVE('',#14891,#14670,#15112,.T.);
#15114=ORIENTED_EDGE('',*,*,#15113,.T.);
#15115=ORIENTED_EDGE('',*,*,#14676,.F.);
#15116=ORIENTED_EDGE('',*,*,#14556,.F.);
#15117=EDGE_LOOP('',(#15108,#15114,#15115,#15116));
#15118=FACE_BOUND('',#15117,.T.);
#15119=ADVANCED_FACE('',(#15118),#15107,.T.);
#15120=CARTESIAN_POINT('',(-52.682793728,231.975434647,-305.865));
#15121=DIRECTION('',(0.,0.,-1.));
#15122=DIRECTION('',(-1.,0.,0.));
#15123=AXIS2_PLACEMENT_3D('',#15120,#15121,#15122);
#15124=CYLINDRICAL_SURFACE('',#15123,6.981329975);
#15125=ORIENTED_EDGE('',*,*,#15097,.T.);
#15126=ORIENTED_EDGE('',*,*,#14718,.F.);
#15127=ORIENTED_EDGE('',*,*,#15068,.F.);
#15128=ORIENTED_EDGE('',*,*,#14863,.T.);
#15129=EDGE_LOOP('',(#15125,#15126,#15127,#15128));
#15130=FACE_BOUND('',#15129,.T.);
#15131=ADVANCED_FACE('',(#15130),#15124,.T.);
#15132=CARTESIAN_POINT('',(-53.559750956,336.729300707,-305.865));
#15133=DIRECTION('',(0.,0.,-1.));
#15134=DIRECTION('',(-1.,0.,0.));
#15135=AXIS2_PLACEMENT_3D('',#15132,#15133,#15134);
#15136=CYLINDRICAL_SURFACE('',#15135,6.034796622);
#15137=ORIENTED_EDGE('',*,*,#15090,.F.);
#15138=ORIENTED_EDGE('',*,*,#14846,.T.);
#15139=ORIENTED_EDGE('',*,*,#14596,.T.);
#15140=ORIENTED_EDGE('',*,*,#14733,.F.);
#15141=EDGE_LOOP('',(#15137,#15138,#15139,#15140));
#15142=FACE_BOUND('',#15141,.T.);
#15143=ADVANCED_FACE('',(#15142),#15136,.T.);
#15144=CARTESIAN_POINT('',(60.303934341,283.990847329,-305.865));
#15145=DIRECTION('',(1.,0.,0.));
#15146=DIRECTION('',(0.,0.,-1.));
#15147=AXIS2_PLACEMENT_3D('',#15144,#15145,#15146);
#15148=PLANE('',#15147);
#15149=ORIENTED_EDGE('',*,*,#15007,.F.);
#15150=ORIENTED_EDGE('',*,*,#14684,.T.);
#15151=ORIENTED_EDGE('',*,*,#15113,.F.);
#15152=ORIENTED_EDGE('',*,*,#14896,.F.);
#15153=EDGE_LOOP('',(#15149,#15150,#15151,#15152));
#15154=FACE_BOUND('',#15153,.T.);
#15155=ADVANCED_FACE('',(#15154),#15148,.T.);
#15156=CARTESIAN_POINT('',(54.195401209,231.383789692,-305.865));
#15157=DIRECTION('',(0.,0.,-1.));
#15158=DIRECTION('',(-1.,0.,0.));
#15159=AXIS2_PLACEMENT_3D('',#15156,#15157,#15158);
#15160=CYLINDRICAL_SURFACE('',#15159,6.217486286);
#15161=ORIENTED_EDGE('',*,*,#14880,.T.);
#15162=ORIENTED_EDGE('',*,*,#15075,.T.);
#15163=ORIENTED_EDGE('',*,*,#14701,.F.);
#15164=ORIENTED_EDGE('',*,*,#15014,.T.);
#15165=EDGE_LOOP('',(#15161,#15162,#15163,#15164));
#15166=FACE_BOUND('',#15165,.T.);
#15167=ADVANCED_FACE('',(#15166),#15160,.T.);
#15168=CARTESIAN_POINT('',(-29.210315746,311.704472515,-217.015));
#15169=DIRECTION('',(0.,0.,1.));
#15170=DIRECTION('',(-0.034899497,0.999390827,0.));
#15171=AXIS2_PLACEMENT_3D('',#15168,#15169,#15170);
#15172=CYLINDRICAL_SURFACE('',#15171,21.);
#15173=CARTESIAN_POINT('',(-29.943205177,332.691679883,-192.515));
#15174=VERTEX_POINT('',#15173);
#15175=CARTESIAN_POINT('',(-29.943205177,332.691679883,-192.515));
#15176=DIRECTION('',(-0.,-0.,-1.));
#15177=VECTOR('',#15176,2.47);
#15178=LINE('',#15175,#15177);
#15179=EDGE_CURVE('',#15174,#14607,#15178,.T.);
#15180=ORIENTED_EDGE('',*,*,#15179,.F.);
#15181=CARTESIAN_POINT('',(-29.210315746,311.704472515,-192.515));
#15182=DIRECTION('',(0.,0.,1.));
#15183=DIRECTION('',(-0.034899497,0.999390827,0.));
#15184=AXIS2_PLACEMENT_3D('',#15181,#15182,#15183);
#15185=CIRCLE('',#15184,21.);
#15186=EDGE_CURVE('',#15174,#15174,#15185,.T.);
#15187=ORIENTED_EDGE('',*,*,#15186,.T.);
#15188=ORIENTED_EDGE('',*,*,#15179,.T.);
#15189=ORIENTED_EDGE('',*,*,#14613,.F.);
#15190=EDGE_LOOP('',(#15180,#15187,#15188,#15189));
#15191=FACE_BOUND('',#15190,.T.);
#15192=ADVANCED_FACE('',(#15191),#15172,.F.);
#15193=CARTESIAN_POINT('',(29.698023301,255.492098716,-217.015));
#15194=DIRECTION('',(0.,0.,1.));
#15195=DIRECTION('',(-0.034899497,0.999390827,0.));
#15196=AXIS2_PLACEMENT_3D('',#15193,#15194,#15195);
#15197=CYLINDRICAL_SURFACE('',#15196,21.);
#15198=CARTESIAN_POINT('',(28.96513387,276.479306083,-192.515));
#15199=VERTEX_POINT('',#15198);
#15200=CARTESIAN_POINT('',(28.96513387,276.479306083,-192.515));
#15201=DIRECTION('',(-0.,-0.,-1.));
#15202=VECTOR('',#15201,2.47);
#15203=LINE('',#15200,#15202);
#15204=EDGE_CURVE('',#15199,#14618,#15203,.T.);
#15205=ORIENTED_EDGE('',*,*,#15204,.F.);
#15206=CARTESIAN_POINT('',(29.698023301,255.492098716,-192.515));
#15207=DIRECTION('',(0.,0.,1.));
#15208=DIRECTION('',(-0.034899497,0.999390827,0.));
#15209=AXIS2_PLACEMENT_3D('',#15206,#15207,#15208);
#15210=CIRCLE('',#15209,21.);
#15211=EDGE_CURVE('',#15199,#15199,#15210,.T.);
#15212=ORIENTED_EDGE('',*,*,#15211,.T.);
#15213=ORIENTED_EDGE('',*,*,#15204,.T.);
#15214=ORIENTED_EDGE('',*,*,#14624,.F.);
#15215=EDGE_LOOP('',(#15205,#15212,#15213,#15214));
#15216=FACE_BOUND('',#15215,.T.);
#15217=ADVANCED_FACE('',(#15216),#15197,.F.);
#15218=CARTESIAN_POINT('',(-29.210315746,311.704472515,-186.015));
#15219=DIRECTION('',(0.,0.,-1.));
#15220=DIRECTION('',(0.034899497,-0.999390827,0.));
#15221=AXIS2_PLACEMENT_3D('',#15218,#15219,#15220);
#15222=CYLINDRICAL_SURFACE('',#15221,29.);
#15223=CARTESIAN_POINT('',(-28.198230342,282.722138532,-186.515));
#15224=VERTEX_POINT('',#15223);
#15225=CARTESIAN_POINT('',(-28.198230342,282.722138532,-193.185));
#15226=DIRECTION('',(-0.,-0.,1.));
#15227=VECTOR('',#15226,6.67);
#15228=LINE('',#15225,#15227);
#15229=EDGE_CURVE('',#14779,#15224,#15228,.T.);
#15230=ORIENTED_EDGE('',*,*,#15229,.T.);
#15231=CARTESIAN_POINT('',(-30.22240115,340.686806499,-186.515));
#15232=VERTEX_POINT('',#15231);
#15233=CARTESIAN_POINT('',(-29.210315746,311.704472515,-186.515));
#15234=DIRECTION('',(-0.,-0.,-1.));
#15235=DIRECTION('',(-0.034899497,0.999390827,0.));
#15236=AXIS2_PLACEMENT_3D('',#15233,#15234,#15235);
#15237=CIRCLE('',#15236,29.);
#15238=EDGE_CURVE('',#15224,#15232,#15237,.T.);
#15239=ORIENTED_EDGE('',*,*,#15238,.T.);
#15240=CARTESIAN_POINT('',(-29.210315746,311.704472515,-186.515));
#15241=DIRECTION('',(-0.,-0.,-1.));
#15242=DIRECTION('',(-0.034899497,0.999390827,0.));
#15243=AXIS2_PLACEMENT_3D('',#15240,#15241,#15242);
#15244=CIRCLE('',#15243,29.);
#15245=EDGE_CURVE('',#15232,#15224,#15244,.T.);
#15246=ORIENTED_EDGE('',*,*,#15245,.T.);
#15247=ORIENTED_EDGE('',*,*,#15229,.F.);
#15248=ORIENTED_EDGE('',*,*,#14787,.T.);
#15249=ORIENTED_EDGE('',*,*,#14794,.T.);
#15250=EDGE_LOOP('',(#15230,#15239,#15246,#15247,#15248,#15249));
#15251=FACE_BOUND('',#15250,.T.);
#15252=ADVANCED_FACE('',(#15251),#15222,.T.);
#15253=CARTESIAN_POINT('',(-29.210315746,311.704472515,-186.015));
#15254=DIRECTION('',(0.,0.,-1.));
#15255=DIRECTION('',(0.034899497,-0.999390827,0.));
#15256=AXIS2_PLACEMENT_3D('',#15253,#15254,#15255);
#15257=CYLINDRICAL_SURFACE('',#15256,25.);
#15258=CARTESIAN_POINT('',(-28.337828328,286.71970184,-186.515));
#15259=VERTEX_POINT('',#15258);
#15260=CARTESIAN_POINT('',(-28.337828328,286.71970184,-192.015));
#15261=DIRECTION('',(-0.,-0.,1.));
#15262=VECTOR('',#15261,5.5);
#15263=LINE('',#15260,#15262);
#15264=EDGE_CURVE('',#14979,#15259,#15263,.T.);
#15265=ORIENTED_EDGE('',*,*,#15264,.F.);
#15266=ORIENTED_EDGE('',*,*,#14985,.F.);
#15267=ORIENTED_EDGE('',*,*,#14992,.F.);
#15268=ORIENTED_EDGE('',*,*,#15264,.T.);
#15269=CARTESIAN_POINT('',(-30.082803163,336.689243191,-186.515));
#15270=VERTEX_POINT('',#15269);
#15271=CARTESIAN_POINT('',(-29.210315746,311.704472515,-186.515));
#15272=DIRECTION('',(0.,0.,1.));
#15273=DIRECTION('',(-0.034899497,0.999390827,0.));
#15274=AXIS2_PLACEMENT_3D('',#15271,#15272,#15273);
#15275=CIRCLE('',#15274,25.);
#15276=EDGE_CURVE('',#15259,#15270,#15275,.T.);
#15277=ORIENTED_EDGE('',*,*,#15276,.T.);
#15278=CARTESIAN_POINT('',(-29.210315746,311.704472515,-186.515));
#15279=DIRECTION('',(0.,0.,1.));
#15280=DIRECTION('',(-0.034899497,0.999390827,0.));
#15281=AXIS2_PLACEMENT_3D('',#15278,#15279,#15280);
#15282=CIRCLE('',#15281,25.);
#15283=EDGE_CURVE('',#15270,#15259,#15282,.T.);
#15284=ORIENTED_EDGE('',*,*,#15283,.T.);
#15285=EDGE_LOOP('',(#15265,#15266,#15267,#15268,#15277,#15284));
#15286=FACE_BOUND('',#15285,.T.);
#15287=ADVANCED_FACE('',(#15286),#15257,.F.);
#15288=CARTESIAN_POINT('',(7.694970045,459.776155726,-186.015));
#15289=DIRECTION('',(0.,0.,1.));
#15290=DIRECTION('',(0.999390827,0.034899497,0.));
#15291=AXIS2_PLACEMENT_3D('',#15288,#15289,#15290);
#15292=PLANE('',#15291);
#15293=CARTESIAN_POINT('',(-30.204951402,340.187111085,-186.015));
#15294=VERTEX_POINT('',#15293);
#15295=CARTESIAN_POINT('',(-29.210315746,311.704472515,-186.015));
#15296=DIRECTION('',(0.,0.,1.));
#15297=DIRECTION('',(-0.034899497,0.999390827,0.));
#15298=AXIS2_PLACEMENT_3D('',#15295,#15296,#15297);
#15299=CIRCLE('',#15298,28.5);
#15300=EDGE_CURVE('',#15294,#15294,#15299,.T.);
#15301=ORIENTED_EDGE('',*,*,#15300,.T.);
#15302=EDGE_LOOP('',(#15301));
#15303=FACE_BOUND('',#15302,.T.);
#15304=CARTESIAN_POINT('',(-30.100252912,337.188938604,-186.015));
#15305=VERTEX_POINT('',#15304);
#15306=CARTESIAN_POINT('',(-29.210315746,311.704472515,-186.015));
#15307=DIRECTION('',(-0.,-0.,-1.));
#15308=DIRECTION('',(-0.034899497,0.999390827,0.));
#15309=AXIS2_PLACEMENT_3D('',#15306,#15307,#15308);
#15310=CIRCLE('',#15309,25.5);
#15311=EDGE_CURVE('',#15305,#15305,#15310,.T.);
#15312=ORIENTED_EDGE('',*,*,#15311,.T.);
#15313=EDGE_LOOP('',(#15312));
#15314=FACE_BOUND('',#15313,.T.);
#15315=ADVANCED_FACE('',(#15303,#15314),#15292,.T.);
#15316=CARTESIAN_POINT('',(29.698023301,255.492098716,-186.015));
#15317=DIRECTION('',(0.,0.,-1.));
#15318=DIRECTION('',(0.034899497,-0.999390827,0.));
#15319=AXIS2_PLACEMENT_3D('',#15316,#15317,#15318);
#15320=CYLINDRICAL_SURFACE('',#15319,25.);
#15321=CARTESIAN_POINT('',(30.570510719,230.50732804,-186.515));
#15322=VERTEX_POINT('',#15321);
#15323=CARTESIAN_POINT('',(30.570510719,230.50732804,-192.015));
#15324=DIRECTION('',(-0.,-0.,1.));
#15325=VECTOR('',#15324,5.5);
#15326=LINE('',#15323,#15325);
#15327=EDGE_CURVE('',#14942,#15322,#15326,.T.);
#15328=ORIENTED_EDGE('',*,*,#15327,.F.);
#15329=ORIENTED_EDGE('',*,*,#14948,.F.);
#15330=ORIENTED_EDGE('',*,*,#14955,.F.);
#15331=ORIENTED_EDGE('',*,*,#15327,.T.);
#15332=CARTESIAN_POINT('',(28.825535884,280.476869391,-186.515));
#15333=VERTEX_POINT('',#15332);
#15334=CARTESIAN_POINT('',(29.698023301,255.492098716,-186.515));
#15335=DIRECTION('',(0.,0.,1.));
#15336=DIRECTION('',(-0.034899497,0.999390827,0.));
#15337=AXIS2_PLACEMENT_3D('',#15334,#15335,#15336);
#15338=CIRCLE('',#15337,25.);
#15339=EDGE_CURVE('',#15322,#15333,#15338,.T.);
#15340=ORIENTED_EDGE('',*,*,#15339,.T.);
#15341=CARTESIAN_POINT('',(29.698023301,255.492098716,-186.515));
#15342=DIRECTION('',(0.,0.,1.));
#15343=DIRECTION('',(-0.034899497,0.999390827,0.));
#15344=AXIS2_PLACEMENT_3D('',#15341,#15342,#15343);
#15345=CIRCLE('',#15344,25.);
#15346=EDGE_CURVE('',#15333,#15322,#15345,.T.);
#15347=ORIENTED_EDGE('',*,*,#15346,.T.);
#15348=EDGE_LOOP('',(#15328,#15329,#15330,#15331,#15340,#15347));
#15349=FACE_BOUND('',#15348,.T.);
#15350=ADVANCED_FACE('',(#15349),#15320,.F.);
#15351=CARTESIAN_POINT('',(29.698023301,255.492098716,-186.015));
#15352=DIRECTION('',(0.,0.,-1.));
#15353=DIRECTION('',(0.034899497,-0.999390827,0.));
#15354=AXIS2_PLACEMENT_3D('',#15351,#15352,#15353);
#15355=CYLINDRICAL_SURFACE('',#15354,29.);
#15356=CARTESIAN_POINT('',(30.710108706,226.509764732,-186.515));
#15357=VERTEX_POINT('',#15356);
#15358=CARTESIAN_POINT('',(30.710108706,226.509764732,-193.185));
#15359=DIRECTION('',(-0.,-0.,1.));
#15360=VECTOR('',#15359,6.67);
#15361=LINE('',#15358,#15360);
#15362=EDGE_CURVE('',#14759,#15357,#15361,.T.);
#15363=ORIENTED_EDGE('',*,*,#15362,.T.);
#15364=CARTESIAN_POINT('',(28.685937897,284.474432699,-186.515));
#15365=VERTEX_POINT('',#15364);
#15366=CARTESIAN_POINT('',(29.698023301,255.492098716,-186.515));
#15367=DIRECTION('',(-0.,-0.,-1.));
#15368=DIRECTION('',(-0.034899497,0.999390827,0.));
#15369=AXIS2_PLACEMENT_3D('',#15366,#15367,#15368);
#15370=CIRCLE('',#15369,29.);
#15371=EDGE_CURVE('',#15357,#15365,#15370,.T.);
#15372=ORIENTED_EDGE('',*,*,#15371,.T.);
#15373=CARTESIAN_POINT('',(29.698023301,255.492098716,-186.515));
#15374=DIRECTION('',(-0.,-0.,-1.));
#15375=DIRECTION('',(-0.034899497,0.999390827,0.));
#15376=AXIS2_PLACEMENT_3D('',#15373,#15374,#15375);
#15377=CIRCLE('',#15376,29.);
#15378=EDGE_CURVE('',#15365,#15357,#15377,.T.);
#15379=ORIENTED_EDGE('',*,*,#15378,.T.);
#15380=ORIENTED_EDGE('',*,*,#15362,.F.);
#15381=ORIENTED_EDGE('',*,*,#14767,.T.);
#15382=ORIENTED_EDGE('',*,*,#14774,.T.);
#15383=EDGE_LOOP('',(#15363,#15372,#15379,#15380,#15381,#15382));
#15384=FACE_BOUND('',#15383,.T.);
#15385=ADVANCED_FACE('',(#15384),#15355,.T.);
#15386=CARTESIAN_POINT('',(7.694970045,459.776155726,-186.015));
#15387=DIRECTION('',(0.,0.,1.));
#15388=DIRECTION('',(0.999390827,0.034899497,0.));
#15389=AXIS2_PLACEMENT_3D('',#15386,#15387,#15388);
#15390=PLANE('',#15389);
#15391=CARTESIAN_POINT('',(28.703387645,283.974737286,-186.015));
#15392=VERTEX_POINT('',#15391);
#15393=CARTESIAN_POINT('',(29.698023301,255.492098716,-186.015));
#15394=DIRECTION('',(0.,0.,1.));
#15395=DIRECTION('',(-0.034899497,0.999390827,0.));
#15396=AXIS2_PLACEMENT_3D('',#15393,#15394,#15395);
#15397=CIRCLE('',#15396,28.5);
#15398=EDGE_CURVE('',#15392,#15392,#15397,.T.);
#15399=ORIENTED_EDGE('',*,*,#15398,.T.);
#15400=EDGE_LOOP('',(#15399));
#15401=FACE_BOUND('',#15400,.T.);
#15402=CARTESIAN_POINT('',(28.808086135,280.976564805,-186.015));
#15403=VERTEX_POINT('',#15402);
#15404=CARTESIAN_POINT('',(29.698023301,255.492098716,-186.015));
#15405=DIRECTION('',(-0.,-0.,-1.));
#15406=DIRECTION('',(-0.034899497,0.999390827,0.));
#15407=AXIS2_PLACEMENT_3D('',#15404,#15405,#15406);
#15408=CIRCLE('',#15407,25.5);
#15409=EDGE_CURVE('',#15403,#15403,#15408,.T.);
#15410=ORIENTED_EDGE('',*,*,#15409,.T.);
#15411=EDGE_LOOP('',(#15410));
#15412=FACE_BOUND('',#15411,.T.);
#15413=ADVANCED_FACE('',(#15401,#15412),#15390,.T.);
#15414=CARTESIAN_POINT('',(-29.210315746,311.704472515,-186.515));
#15415=DIRECTION('',(0.,0.,1.));
#15416=DIRECTION('',(-0.034899497,0.999390827,0.));
#15417=AXIS2_PLACEMENT_3D('',#15414,#15415,#15416);
#15418=TOROIDAL_SURFACE('',#15417,28.5,0.5);
#15419=CARTESIAN_POINT('',(-30.204951402,340.187111085,-186.515));
#15420=DIRECTION('',(-0.999390827,-0.034899497,-0.));
#15421=DIRECTION('',(-0.034899497,0.999390827,0.));
#15422=AXIS2_PLACEMENT_3D('',#15419,#15420,#15421);
#15423=CIRCLE('',#15422,0.5);
#15424=EDGE_CURVE('',#15294,#15232,#15423,.T.);
#15425=ORIENTED_EDGE('',*,*,#15424,.T.);
#15426=ORIENTED_EDGE('',*,*,#15238,.F.);
#15427=ORIENTED_EDGE('',*,*,#15245,.F.);
#15428=ORIENTED_EDGE('',*,*,#15424,.F.);
#15429=ORIENTED_EDGE('',*,*,#15300,.F.);
#15430=EDGE_LOOP('',(#15425,#15426,#15427,#15428,#15429));
#15431=FACE_BOUND('',#15430,.T.);
#15432=ADVANCED_FACE('',(#15431),#15418,.T.);
#15433=CARTESIAN_POINT('',(29.698023301,255.492098716,-186.515));
#15434=DIRECTION('',(0.,0.,1.));
#15435=DIRECTION('',(-0.034899497,0.999390827,0.));
#15436=AXIS2_PLACEMENT_3D('',#15433,#15434,#15435);
#15437=TOROIDAL_SURFACE('',#15436,28.5,0.5);
#15438=CARTESIAN_POINT('',(28.703387645,283.974737286,-186.515));
#15439=DIRECTION('',(-0.999390827,-0.034899497,-0.));
#15440=DIRECTION('',(-0.034899497,0.999390827,0.));
#15441=AXIS2_PLACEMENT_3D('',#15438,#15439,#15440);
#15442=CIRCLE('',#15441,0.5);
#15443=EDGE_CURVE('',#15392,#15365,#15442,.T.);
#15444=ORIENTED_EDGE('',*,*,#15443,.T.);
#15445=ORIENTED_EDGE('',*,*,#15371,.F.);
#15446=ORIENTED_EDGE('',*,*,#15378,.F.);
#15447=ORIENTED_EDGE('',*,*,#15443,.F.);
#15448=ORIENTED_EDGE('',*,*,#15398,.F.);
#15449=EDGE_LOOP('',(#15444,#15445,#15446,#15447,#15448));
#15450=FACE_BOUND('',#15449,.T.);
#15451=ADVANCED_FACE('',(#15450),#15437,.T.);
#15452=CARTESIAN_POINT('',(29.698023301,255.492098716,-192.515));
#15453=DIRECTION('',(0.,0.,1.));
#15454=DIRECTION('',(-0.034899497,0.999390827,0.));
#15455=AXIS2_PLACEMENT_3D('',#15452,#15453,#15454);
#15456=TOROIDAL_SURFACE('',#15455,21.5,0.5);
#15457=CARTESIAN_POINT('',(28.947684122,276.979001497,-192.515));
#15458=DIRECTION('',(-0.999390827,-0.034899497,-0.));
#15459=DIRECTION('',(-0.034899497,0.999390827,0.));
#15460=AXIS2_PLACEMENT_3D('',#15457,#15458,#15459);
#15461=CIRCLE('',#15460,0.5);
#15462=EDGE_CURVE('',#15199,#14929,#15461,.T.);
#15463=ORIENTED_EDGE('',*,*,#15462,.T.);
#15464=ORIENTED_EDGE('',*,*,#14935,.F.);
#15465=ORIENTED_EDGE('',*,*,#15462,.F.);
#15466=ORIENTED_EDGE('',*,*,#15211,.F.);
#15467=EDGE_LOOP('',(#15463,#15464,#15465,#15466));
#15468=FACE_BOUND('',#15467,.T.);
#15469=ADVANCED_FACE('',(#15468),#15456,.T.);
#15470=CARTESIAN_POINT('',(29.698023301,255.492098716,-186.515));
#15471=DIRECTION('',(0.,0.,1.));
#15472=DIRECTION('',(-0.034899497,0.999390827,0.));
#15473=AXIS2_PLACEMENT_3D('',#15470,#15471,#15472);
#15474=TOROIDAL_SURFACE('',#15473,25.5,0.5);
#15475=CARTESIAN_POINT('',(28.808086135,280.976564805,-186.515));
#15476=DIRECTION('',(-0.999390827,-0.034899497,-0.));
#15477=DIRECTION('',(-0.034899497,0.999390827,0.));
#15478=AXIS2_PLACEMENT_3D('',#15475,#15476,#15477);
#15479=CIRCLE('',#15478,0.5);
#15480=EDGE_CURVE('',#15333,#15403,#15479,.T.);
#15481=ORIENTED_EDGE('',*,*,#15480,.T.);
#15482=ORIENTED_EDGE('',*,*,#15409,.F.);
#15483=ORIENTED_EDGE('',*,*,#15480,.F.);
#15484=ORIENTED_EDGE('',*,*,#15339,.F.);
#15485=ORIENTED_EDGE('',*,*,#15346,.F.);
#15486=EDGE_LOOP('',(#15481,#15482,#15483,#15484,#15485));
#15487=FACE_BOUND('',#15486,.T.);
#15488=ADVANCED_FACE('',(#15487),#15474,.T.);
#15489=CARTESIAN_POINT('',(-29.210315746,311.704472515,-186.515));
#15490=DIRECTION('',(0.,0.,1.));
#15491=DIRECTION('',(-0.034899497,0.999390827,0.));
#15492=AXIS2_PLACEMENT_3D('',#15489,#15490,#15491);
#15493=TOROIDAL_SURFACE('',#15492,25.5,0.5);
#15494=CARTESIAN_POINT('',(-30.100252912,337.188938604,-186.515));
#15495=DIRECTION('',(-0.999390827,-0.034899497,-0.));
#15496=DIRECTION('',(-0.034899497,0.999390827,0.));
#15497=AXIS2_PLACEMENT_3D('',#15494,#15495,#15496);
#15498=CIRCLE('',#15497,0.5);
#15499=EDGE_CURVE('',#15270,#15305,#15498,.T.);
#15500=ORIENTED_EDGE('',*,*,#15499,.T.);
#15501=ORIENTED_EDGE('',*,*,#15311,.F.);
#15502=ORIENTED_EDGE('',*,*,#15499,.F.);
#15503=ORIENTED_EDGE('',*,*,#15276,.F.);
#15504=ORIENTED_EDGE('',*,*,#15283,.F.);
#15505=EDGE_LOOP('',(#15500,#15501,#15502,#15503,#15504));
#15506=FACE_BOUND('',#15505,.T.);
#15507=ADVANCED_FACE('',(#15506),#15493,.T.);
#15508=CARTESIAN_POINT('',(-29.210315746,311.704472515,-192.515));
#15509=DIRECTION('',(0.,0.,1.));
#15510=DIRECTION('',(-0.034899497,0.999390827,0.));
#15511=AXIS2_PLACEMENT_3D('',#15508,#15509,#15510);
#15512=TOROIDAL_SURFACE('',#15511,21.5,0.5);
#15513=CARTESIAN_POINT('',(-29.960654925,333.191375296,-192.515));
#15514=DIRECTION('',(-0.999390827,-0.034899497,-0.));
#15515=DIRECTION('',(-0.034899497,0.999390827,0.));
#15516=AXIS2_PLACEMENT_3D('',#15513,#15514,#15515);
#15517=CIRCLE('',#15516,0.5);
#15518=EDGE_CURVE('',#15174,#14966,#15517,.T.);
#15519=ORIENTED_EDGE('',*,*,#15518,.T.);
#15520=ORIENTED_EDGE('',*,*,#14972,.F.);
#15521=ORIENTED_EDGE('',*,*,#15518,.F.);
#15522=ORIENTED_EDGE('',*,*,#15186,.F.);
#15523=EDGE_LOOP('',(#15519,#15520,#15521,#15522));
#15524=FACE_BOUND('',#15523,.T.);
#15525=ADVANCED_FACE('',(#15524),#15512,.T.);
#15526=CARTESIAN_POINT('',(42.,333.865127412,-195.685));
#15527=DIRECTION('',(-1.,0.,0.));
#15528=DIRECTION('',(0.,0.,1.));
#15529=AXIS2_PLACEMENT_3D('',#15526,#15527,#15528);
#15530=PLANE('',#15529);
#15531=ORIENTED_EDGE('',*,*,#14652,.F.);
#15532=CARTESIAN_POINT('',(42.,341.997416097,-194.985));
#15533=DIRECTION('',(0.,0.70710713,0.707106432));
#15534=VECTOR('',#15533,0.848528556);
#15535=LINE('',#15532,#15534);
#15536=EDGE_CURVE('',#14639,#15025,#15535,.T.);
#15537=ORIENTED_EDGE('',*,*,#15536,.T.);
#15538=ORIENTED_EDGE('',*,*,#15032,.T.);
#15539=CARTESIAN_POINT('',(42.,342.597416689,-193.785));
#15540=DIRECTION('',(-0.,-0.70710713,0.707106432));
#15541=VECTOR('',#15540,0.848528556);
#15542=LINE('',#15539,#15541);
#15543=EDGE_CURVE('',#15027,#14799,#15542,.T.);
#15544=ORIENTED_EDGE('',*,*,#15543,.T.);
#15545=ORIENTED_EDGE('',*,*,#14806,.T.);
#15546=CARTESIAN_POINT('',(42.,327.526759279,-194.985));
#15547=DIRECTION('',(0.,0.,1.));
#15548=VECTOR('',#15547,1.8);
#15549=LINE('',#15546,#15548);
#15550=EDGE_CURVE('',#14647,#14801,#15549,.T.);
#15551=ORIENTED_EDGE('',*,*,#15550,.F.);
#15552=EDGE_LOOP('',(#15531,#15537,#15538,#15544,#15545,#15551));
#15553=FACE_BOUND('',#15552,.T.);
#15554=ADVANCED_FACE('',(#15553),#15530,.F.);
#15555=CARTESIAN_POINT('',(42.3,327.526759279,-195.685));
#15556=DIRECTION('',(0.,-1.,0.));
#15557=DIRECTION('',(0.,0.,-1.));
#15558=AXIS2_PLACEMENT_3D('',#15555,#15556,#15557);
#15559=PLANE('',#15558);
#15560=ORIENTED_EDGE('',*,*,#15550,.T.);
#15561=ORIENTED_EDGE('',*,*,#14918,.T.);
#15562=CARTESIAN_POINT('',(42.6,327.526759279,-194.985));
#15563=DIRECTION('',(0.,0.,1.));
#15564=VECTOR('',#15563,1.8);
#15565=LINE('',#15562,#15564);
#15566=EDGE_CURVE('',#14655,#14907,#15565,.T.);
#15567=ORIENTED_EDGE('',*,*,#15566,.F.);
#15568=ORIENTED_EDGE('',*,*,#14660,.F.);
#15569=EDGE_LOOP('',(#15560,#15561,#15567,#15568));
#15570=FACE_BOUND('',#15569,.T.);
#15571=ADVANCED_FACE('',(#15570),#15559,.F.);
#15572=CARTESIAN_POINT('',(42.6,335.026759279,-195.685));
#15573=DIRECTION('',(1.,0.,0.));
#15574=DIRECTION('',(0.,0.,-1.));
#15575=AXIS2_PLACEMENT_3D('',#15572,#15573,#15574);
#15576=PLANE('',#15575);
#15577=ORIENTED_EDGE('',*,*,#14542,.F.);
#15578=ORIENTED_EDGE('',*,*,#14666,.F.);
#15579=ORIENTED_EDGE('',*,*,#15566,.T.);
#15580=ORIENTED_EDGE('',*,*,#14912,.T.);
#15581=EDGE_LOOP('',(#15577,#15578,#15579,#15580));
#15582=FACE_BOUND('',#15581,.T.);
#15583=ADVANCED_FACE('',(#15582),#15576,.F.);
#15584=CARTESIAN_POINT('',(24.7,327.4685831,-195.685));
#15585=DIRECTION('',(0.,1.,0.));
#15586=DIRECTION('',(0.,0.,1.));
#15587=AXIS2_PLACEMENT_3D('',#15584,#15585,#15586);
#15588=PLANE('',#15587);
#15589=ORIENTED_EDGE('',*,*,#14748,.T.);
#15590=CARTESIAN_POINT('',(24.4,327.4685831,-194.985));
#15591=DIRECTION('',(0.,0.,1.));
#15592=VECTOR('',#15591,1.8);
#15593=LINE('',#15590,#15592);
#15594=EDGE_CURVE('',#14737,#14825,#15593,.T.);
#15595=ORIENTED_EDGE('',*,*,#15594,.T.);
#15596=ORIENTED_EDGE('',*,*,#14830,.F.);
#15597=CARTESIAN_POINT('',(25.,327.4685831,-194.985));
#15598=DIRECTION('',(0.,0.,1.));
#15599=VECTOR('',#15598,1.8);
#15600=LINE('',#15597,#15599);
#15601=EDGE_CURVE('',#14631,#14817,#15600,.T.);
#15602=ORIENTED_EDGE('',*,*,#15601,.F.);
#15603=EDGE_LOOP('',(#15589,#15595,#15596,#15602));
#15604=FACE_BOUND('',#15603,.T.);
#15605=ADVANCED_FACE('',(#15604),#15588,.T.);
#15606=CARTESIAN_POINT('',(25.,334.9685831,-195.685));
#15607=DIRECTION('',(-1.,0.,0.));
#15608=DIRECTION('',(0.,0.,1.));
#15609=AXIS2_PLACEMENT_3D('',#15606,#15607,#15608);
#15610=PLANE('',#15609);
#15611=ORIENTED_EDGE('',*,*,#15048,.T.);
#15612=CARTESIAN_POINT('',(25.,342.573540921,-194.385));
#15613=DIRECTION('',(0.,-0.70710713,-0.707106432));
#15614=VECTOR('',#15613,0.848528556);
#15615=LINE('',#15612,#15614);
#15616=EDGE_CURVE('',#15035,#14629,#15615,.T.);
#15617=ORIENTED_EDGE('',*,*,#15616,.T.);
#15618=ORIENTED_EDGE('',*,*,#14636,.T.);
#15619=ORIENTED_EDGE('',*,*,#15601,.T.);
#15620=ORIENTED_EDGE('',*,*,#14822,.F.);
#15621=CARTESIAN_POINT('',(25.,341.973540329,-193.185));
#15622=DIRECTION('',(-0.,0.70710713,-0.707106432));
#15623=VECTOR('',#15622,0.848528556);
#15624=LINE('',#15621,#15623);
#15625=EDGE_CURVE('',#14809,#15043,#15624,.T.);
#15626=ORIENTED_EDGE('',*,*,#15625,.T.);
#15627=EDGE_LOOP('',(#15611,#15617,#15618,#15619,#15620,#15626));
#15628=FACE_BOUND('',#15627,.T.);
#15629=ADVANCED_FACE('',(#15628),#15610,.T.);
#15630=CARTESIAN_POINT('',(24.4,334.9685831,-195.685));
#15631=DIRECTION('',(1.,0.,0.));
#15632=DIRECTION('',(0.,0.,-1.));
#15633=AXIS2_PLACEMENT_3D('',#15630,#15631,#15632);
#15634=PLANE('',#15633);
#15635=ORIENTED_EDGE('',*,*,#14582,.F.);
#15636=ORIENTED_EDGE('',*,*,#14836,.F.);
#15637=ORIENTED_EDGE('',*,*,#15594,.F.);
#15638=ORIENTED_EDGE('',*,*,#14742,.T.);
#15639=EDGE_LOOP('',(#15635,#15636,#15637,#15638));
#15640=FACE_BOUND('',#15639,.T.);
#15641=ADVANCED_FACE('',(#15640),#15634,.T.);
#15642=CARTESIAN_POINT('',(0.190069321,342.538696441,-194.385));
#15643=DIRECTION('',(-0.0009931,0.707106084,-0.707106781));
#15644=DIRECTION('',(0.999999014,0.001404456,0.));
#15645=AXIS2_PLACEMENT_3D('',#15642,#15643,#15644);
#15646=PLANE('',#15645);
#15647=ORIENTED_EDGE('',*,*,#15536,.F.);
#15648=ORIENTED_EDGE('',*,*,#14644,.F.);
#15649=ORIENTED_EDGE('',*,*,#15616,.F.);
#15650=ORIENTED_EDGE('',*,*,#15040,.F.);
#15651=EDGE_LOOP('',(#15647,#15648,#15649,#15650));
#15652=FACE_BOUND('',#15651,.T.);
#15653=ADVANCED_FACE('',(#15652),#15646,.T.);
#15654=CARTESIAN_POINT('',(0.31452566,341.938870643,-193.185));
#15655=DIRECTION('',(0.0009931,-0.707106084,-0.707106781));
#15656=DIRECTION('',(-0.999999014,-0.001404456,0.));
#15657=AXIS2_PLACEMENT_3D('',#15654,#15655,#15656);
#15658=PLANE('',#15657);
#15659=ORIENTED_EDGE('',*,*,#15543,.F.);
#15660=ORIENTED_EDGE('',*,*,#15054,.F.);
#15661=ORIENTED_EDGE('',*,*,#15625,.F.);
#15662=ORIENTED_EDGE('',*,*,#14814,.F.);
#15663=EDGE_LOOP('',(#15659,#15660,#15661,#15662));
#15664=FACE_BOUND('',#15663,.T.);
#15665=ADVANCED_FACE('',(#15664),#15658,.F.);
#15666=CLOSED_SHELL('',(#14560,#14600,#14752,#14922,#14959,#14996,#15018,#15058,#15080,#15102,#15119,#15131,#15143,#15155,#15167,#15192,#15217,#15252,#15287,#15315,#15350,#15385,#15413,#15432,#15451,#15469,
#15488,#15507,#15525,#15554,#15571,#15583,#15605,#15629,#15641,#15653,#15665));
#15667=MANIFOLD_SOLID_BREP('Body 06',#15666);
#14520=STYLED_ITEM('',(#1411),#15667);
#15669=CARTESIAN_POINT('',(42.631836426,113.43348825,-109.3));
#15670=DIRECTION('',(1.,0.,0.));
#15671=DIRECTION('',(-0.,1.,-0.));
#15672=AXIS2_PLACEMENT_3D('',#15669,#15670,#15671);
#15673=PLANE('',#15672);
#15674=CARTESIAN_POINT('',(42.631836426,70.43348825,-129.3));
#15675=VERTEX_POINT('',#15674);
#15676=CARTESIAN_POINT('',(42.631836426,33.43348825,-129.3));
#15677=VERTEX_POINT('',#15676);
#15678=CARTESIAN_POINT('',(42.631836426,70.43348825,-129.3));
#15679=DIRECTION('',(0.,-1.,0.));
#15680=VECTOR('',#15679,37.);
#15681=LINE('',#15678,#15680);
#15682=EDGE_CURVE('',#15675,#15677,#15681,.T.);
#15683=ORIENTED_EDGE('',*,*,#15682,.F.);
#15684=CARTESIAN_POINT('',(42.631836426,70.43348825,-122.3));
#15685=VERTEX_POINT('',#15684);
#15686=CARTESIAN_POINT('',(42.631836426,70.43348825,-122.3));
#15687=DIRECTION('',(0.,-0.,-1.));
#15688=VECTOR('',#15687,7.);
#15689=LINE('',#15686,#15688);
#15690=EDGE_CURVE('',#15685,#15675,#15689,.T.);
#15691=ORIENTED_EDGE('',*,*,#15690,.F.);
#15692=CARTESIAN_POINT('',(42.631836426,33.43348825,-122.3));
#15693=VERTEX_POINT('',#15692);
#15694=CARTESIAN_POINT('',(42.631836426,70.43348825,-122.3));
#15695=DIRECTION('',(0.,-1.,0.));
#15696=VECTOR('',#15695,37.);
#15697=LINE('',#15694,#15696);
#15698=EDGE_CURVE('',#15685,#15693,#15697,.T.);
#15699=ORIENTED_EDGE('',*,*,#15698,.T.);
#15700=CARTESIAN_POINT('',(42.631836426,33.43348825,-122.3));
#15701=DIRECTION('',(0.,-0.,-1.));
#15702=VECTOR('',#15701,7.);
#15703=LINE('',#15700,#15702);
#15704=EDGE_CURVE('',#15693,#15677,#15703,.T.);
#15705=ORIENTED_EDGE('',*,*,#15704,.T.);
#15706=EDGE_LOOP('',(#15683,#15691,#15699,#15705));
#15707=FACE_BOUND('',#15706,.T.);
#15708=ADVANCED_FACE('',(#15707),#15673,.T.);
#15709=CARTESIAN_POINT('',(95.631836426,70.43348825,-109.3));
#15710=DIRECTION('',(-0.,1.,-0.));
#15711=DIRECTION('',(-1.,-0.,-0.));
#15712=AXIS2_PLACEMENT_3D('',#15709,#15710,#15711);
#15713=PLANE('',#15712);
#15714=CARTESIAN_POINT('',(25.631836426,70.43348825,-129.3));
#15715=VERTEX_POINT('',#15714);
#15716=CARTESIAN_POINT('',(25.631836426,70.43348825,-129.3));
#15717=DIRECTION('',(1.,0.,0.));
#15718=VECTOR('',#15717,17.);
#15719=LINE('',#15716,#15718);
#15720=EDGE_CURVE('',#15715,#15675,#15719,.T.);
#15721=ORIENTED_EDGE('',*,*,#15720,.F.);
#15722=CARTESIAN_POINT('',(25.631836426,70.43348825,-122.3));
#15723=VERTEX_POINT('',#15722);
#15724=CARTESIAN_POINT('',(25.631836426,70.43348825,-122.3));
#15725=DIRECTION('',(0.,-0.,-1.));
#15726=VECTOR('',#15725,7.);
#15727=LINE('',#15724,#15726);
#15728=EDGE_CURVE('',#15723,#15715,#15727,.T.);
#15729=ORIENTED_EDGE('',*,*,#15728,.F.);
#15730=CARTESIAN_POINT('',(25.631836426,70.43348825,-122.3));
#15731=DIRECTION('',(1.,0.,0.));
#15732=VECTOR('',#15731,17.);
#15733=LINE('',#15730,#15732);
#15734=EDGE_CURVE('',#15723,#15685,#15733,.T.);
#15735=ORIENTED_EDGE('',*,*,#15734,.T.);
#15736=ORIENTED_EDGE('',*,*,#15690,.T.);
#15737=EDGE_LOOP('',(#15721,#15729,#15735,#15736));
#15738=FACE_BOUND('',#15737,.T.);
#15739=ADVANCED_FACE('',(#15738),#15713,.T.);
#15740=CARTESIAN_POINT('',(25.631836426,113.43348825,-109.3));
#15741=DIRECTION('',(-1.,-0.,-0.));
#15742=DIRECTION('',(0.,-1.,0.));
#15743=AXIS2_PLACEMENT_3D('',#15740,#15741,#15742);
#15744=PLANE('',#15743);
#15745=CARTESIAN_POINT('',(25.631836426,33.43348825,-129.3));
#15746=VERTEX_POINT('',#15745);
#15747=CARTESIAN_POINT('',(25.631836426,33.43348825,-129.3));
#15748=DIRECTION('',(-0.,1.,-0.));
#15749=VECTOR('',#15748,37.);
#15750=LINE('',#15747,#15749);
#15751=EDGE_CURVE('',#15746,#15715,#15750,.T.);
#15752=ORIENTED_EDGE('',*,*,#15751,.F.);
#15753=CARTESIAN_POINT('',(25.631836426,33.43348825,-122.3));
#15754=VERTEX_POINT('',#15753);
#15755=CARTESIAN_POINT('',(25.631836426,33.43348825,-122.3));
#15756=DIRECTION('',(0.,-0.,-1.));
#15757=VECTOR('',#15756,7.);
#15758=LINE('',#15755,#15757);
#15759=EDGE_CURVE('',#15754,#15746,#15758,.T.);
#15760=ORIENTED_EDGE('',*,*,#15759,.F.);
#15761=CARTESIAN_POINT('',(25.631836426,33.43348825,-122.3));
#15762=DIRECTION('',(-0.,1.,-0.));
#15763=VECTOR('',#15762,37.);
#15764=LINE('',#15761,#15763);
#15765=EDGE_CURVE('',#15754,#15723,#15764,.T.);
#15766=ORIENTED_EDGE('',*,*,#15765,.T.);
#15767=ORIENTED_EDGE('',*,*,#15728,.T.);
#15768=EDGE_LOOP('',(#15752,#15760,#15766,#15767));
#15769=FACE_BOUND('',#15768,.T.);
#15770=ADVANCED_FACE('',(#15769),#15744,.T.);
#15771=CARTESIAN_POINT('',(95.631836426,33.43348825,-109.3));
#15772=DIRECTION('',(0.,-1.,0.));
#15773=DIRECTION('',(-0.,0.,1.));
#15774=AXIS2_PLACEMENT_3D('',#15771,#15772,#15773);
#15775=PLANE('',#15774);
#15776=CARTESIAN_POINT('',(42.631836426,33.43348825,-129.3));
#15777=DIRECTION('',(-1.,-0.,-0.));
#15778=VECTOR('',#15777,17.);
#15779=LINE('',#15776,#15778);
#15780=EDGE_CURVE('',#15677,#15746,#15779,.T.);
#15781=ORIENTED_EDGE('',*,*,#15780,.F.);
#15782=ORIENTED_EDGE('',*,*,#15704,.F.);
#15783=CARTESIAN_POINT('',(42.631836426,33.43348825,-122.3));
#15784=DIRECTION('',(-1.,-0.,-0.));
#15785=VECTOR('',#15784,17.);
#15786=LINE('',#15783,#15785);
#15787=EDGE_CURVE('',#15693,#15754,#15786,.T.);
#15788=ORIENTED_EDGE('',*,*,#15787,.T.);
#15789=ORIENTED_EDGE('',*,*,#15759,.T.);
#15790=EDGE_LOOP('',(#15781,#15782,#15788,#15789));
#15791=FACE_BOUND('',#15790,.T.);
#15792=ADVANCED_FACE('',(#15791),#15775,.T.);
#15793=CARTESIAN_POINT('',(257.927349579,397.194663525,-122.3));
#15794=DIRECTION('',(-0.,0.,1.));
#15795=DIRECTION('',(1.,0.,0.));
#15796=AXIS2_PLACEMENT_3D('',#15793,#15794,#15795);
#15797=PLANE('',#15796);
#15798=ORIENTED_EDGE('',*,*,#15698,.F.);
#15799=ORIENTED_EDGE('',*,*,#15734,.F.);
#15800=ORIENTED_EDGE('',*,*,#15765,.F.);
#15801=ORIENTED_EDGE('',*,*,#15787,.F.);
#15802=EDGE_LOOP('',(#15798,#15799,#15800,#15801));
#15803=FACE_BOUND('',#15802,.T.);
#15804=ADVANCED_FACE('',(#15803),#15797,.T.);
#15805=CARTESIAN_POINT('',(257.927349579,397.194663525,-129.3));
#15806=DIRECTION('',(-0.,0.,1.));
#15807=DIRECTION('',(1.,0.,0.));
#15808=AXIS2_PLACEMENT_3D('',#15805,#15806,#15807);
#15809=PLANE('',#15808);
#15810=ORIENTED_EDGE('',*,*,#15682,.T.);
#15811=ORIENTED_EDGE('',*,*,#15780,.T.);
#15812=ORIENTED_EDGE('',*,*,#15751,.T.);
#15813=ORIENTED_EDGE('',*,*,#15720,.T.);
#15814=EDGE_LOOP('',(#15810,#15811,#15812,#15813));
#15815=FACE_BOUND('',#15814,.T.);
#15816=ADVANCED_FACE('',(#15815),#15809,.F.);
#15817=CLOSED_SHELL('',(#15708,#15739,#15770,#15792,#15804,#15816));
#15818=MANIFOLD_SOLID_BREP('Body 07',#15817);
#15819=COLOUR_RGB('',0.627451003,0.627451003,0.643137276);
#15820=FILL_AREA_STYLE_COLOUR('',#15819);
#15821=FILL_AREA_STYLE('',(#15820));
#15822=SURFACE_STYLE_FILL_AREA(#15821);
#15823=SURFACE_SIDE_STYLE('',(#15822));
#15824=SURFACE_STYLE_USAGE(.BOTH.,#15823);
#15825=PRESENTATION_STYLE_ASSIGNMENT((#15824));
#15668=STYLED_ITEM('',(#15825),#15818);
#15826=(NAMED_UNIT(*)PLANE_ANGLE_UNIT()SI_UNIT($,.RADIAN.));
#15827=PLANE_ANGLE_MEASURE_WITH_UNIT(PLANE_ANGLE_MEASURE(0.0174532925),#15826);
#15828=(CONVERSION_BASED_UNIT('DEGREE',#15827)NAMED_UNIT(#15829)PLANE_ANGLE_UNIT());
#15829=DIMENSIONAL_EXPONENTS(0.,0.,0.,0.,0.,0.,0.);
#15830=(NAMED_UNIT(*)SI_UNIT($,.STERADIAN.)SOLID_ANGLE_UNIT());
#15831=(LENGTH_UNIT()NAMED_UNIT(*)SI_UNIT(.MILLI.,.METRE.));
#15832=UNCERTAINTY_MEASURE_WITH_UNIT(LENGTH_MEASURE(1.000000E-05),#15831,'DISTANCE_ACCURACY_VALUE','Maximum Tolerance applied to model');
#15833=(GEOMETRIC_REPRESENTATION_CONTEXT(3)GLOBAL_UNCERTAINTY_ASSIGNED_CONTEXT((#15832))GLOBAL_UNIT_ASSIGNED_CONTEXT((#15831,#15828,#15830))REPRESENTATION_CONTEXT('','Linear Pattern 01'));
#15845=CARTESIAN_POINT('',(0.,0.,0.));
#15846=DIRECTION('',(0.,0.,1.));
#15847=DIRECTION('',(1.,0.,-0.));
#15848=AXIS2_PLACEMENT_3D('',#15845,#15846,#15847);
#15849=ITEM_DEFINED_TRANSFORMATION('','',#15848,#15);
#15850=(REPRESENTATION_RELATIONSHIP('','',#15835,#16)REPRESENTATION_RELATIONSHIP_WITH_TRANSFORMATION(#15849)SHAPE_REPRESENTATION_RELATIONSHIP());
#15851=NEXT_ASSEMBLY_USAGE_OCCURRENCE('Linear Pattern 01_1','Linear Pattern 01','Linear Pattern 01',#25,#15844,$);
#15852=PRODUCT_DEFINITION_SHAPE('','',#15851);
#15853=CONTEXT_DEPENDENT_SHAPE_REPRESENTATION(#15850,#15852);
#15855=CARTESIAN_POINT('',(6.087275734,132.43017744,-210.));
#15856=DIRECTION('',(0.,-1.,0.));
#15857=DIRECTION('',(0.,0.,-1.));
#15858=AXIS2_PLACEMENT_3D('',#15855,#15856,#15857);
#15859=PLANE('',#15858);
#15860=CARTESIAN_POINT('',(1.398289826,132.43017744,-208.));
#15861=VERTEX_POINT('',#15860);
#15862=CARTESIAN_POINT('',(10.776261642,132.43017744,-208.));
#15863=VERTEX_POINT('',#15862);
#15864=CARTESIAN_POINT('',(1.398289826,132.43017744,-208.));
#15865=DIRECTION('',(1.,0.,-0.));
#15866=VECTOR('',#15865,9.377971816);
#15867=LINE('',#15864,#15866);
#15868=EDGE_CURVE('',#15861,#15863,#15867,.T.);
#15869=ORIENTED_EDGE('',*,*,#15868,.F.);
#15870=CARTESIAN_POINT('',(1.398289826,132.43017744,-210.));
#15871=VERTEX_POINT('',#15870);
#15872=CARTESIAN_POINT('',(1.398289826,132.43017744,-210.));
#15873=DIRECTION('',(0.,0.,1.));
#15874=VECTOR('',#15873,2.);
#15875=LINE('',#15872,#15874);
#15876=EDGE_CURVE('',#15871,#15861,#15875,.T.);
#15877=ORIENTED_EDGE('',*,*,#15876,.F.);
#15878=CARTESIAN_POINT('',(10.776261642,132.43017744,-210.));
#15879=VERTEX_POINT('',#15878);
#15880=CARTESIAN_POINT('',(1.398289826,132.43017744,-210.));
#15881=DIRECTION('',(1.,0.,-0.));
#15882=VECTOR('',#15881,9.377971816);
#15883=LINE('',#15880,#15882);
#15884=EDGE_CURVE('',#15871,#15879,#15883,.T.);
#15885=ORIENTED_EDGE('',*,*,#15884,.T.);
#15886=CARTESIAN_POINT('',(10.776261642,132.43017744,-210.));
#15887=DIRECTION('',(0.,0.,1.));
#15888=VECTOR('',#15887,2.);
#15889=LINE('',#15886,#15888);
#15890=EDGE_CURVE('',#15879,#15863,#15889,.T.);
#15891=ORIENTED_EDGE('',*,*,#15890,.T.);
#15892=EDGE_LOOP('',(#15869,#15877,#15885,#15891));
#15893=FACE_BOUND('',#15892,.T.);
#15894=ADVANCED_FACE('',(#15893),#15859,.T.);
#15895=CARTESIAN_POINT('',(19.798267566,132.452183336,-210.));
#15896=DIRECTION('',(0.,0.,1.));
#15897=DIRECTION('',(1.,0.,-0.));
#15898=AXIS2_PLACEMENT_3D('',#15895,#15896,#15897);
#15899=CYLINDRICAL_SURFACE('',#15898,18.399990899);
#15900=CARTESIAN_POINT('',(19.776261642,150.852161076,-208.));
#15901=VERTEX_POINT('',#15900);
#15902=CARTESIAN_POINT('',(19.798267566,132.452183336,-208.));
#15903=DIRECTION('',(-0.,0.,-1.));
#15904=DIRECTION('',(-0.999999285,-0.001195973,0.));
#15905=AXIS2_PLACEMENT_3D('',#15902,#15903,#15904);
#15906=CIRCLE('',#15905,18.399990899);
#15907=EDGE_CURVE('',#15861,#15901,#15906,.T.);
#15908=ORIENTED_EDGE('',*,*,#15907,.T.);
#15909=CARTESIAN_POINT('',(19.776261642,150.852161076,-210.));
#15910=VERTEX_POINT('',#15909);
#15911=CARTESIAN_POINT('',(19.776261642,150.852161076,-210.));
#15912=DIRECTION('',(0.,0.,1.));
#15913=VECTOR('',#15912,2.);
#15914=LINE('',#15911,#15913);
#15915=EDGE_CURVE('',#15910,#15901,#15914,.T.);
#15916=ORIENTED_EDGE('',*,*,#15915,.F.);
#15917=CARTESIAN_POINT('',(19.798267566,132.452183336,-210.));
#15918=DIRECTION('',(-0.,0.,-1.));
#15919=DIRECTION('',(-0.999999285,-0.001195973,0.));
#15920=AXIS2_PLACEMENT_3D('',#15917,#15918,#15919);
#15921=CIRCLE('',#15920,18.399990899);
#15922=EDGE_CURVE('',#15871,#15910,#15921,.T.);
#15923=ORIENTED_EDGE('',*,*,#15922,.F.);
#15924=ORIENTED_EDGE('',*,*,#15876,.T.);
#15925=EDGE_LOOP('',(#15908,#15916,#15923,#15924));
#15926=FACE_BOUND('',#15925,.T.);
#15927=ADVANCED_FACE('',(#15926),#15899,.T.);
#15928=CARTESIAN_POINT('',(19.776261642,146.141169258,-210.));
#15929=DIRECTION('',(-1.,0.,0.));
#15930=DIRECTION('',(0.,0.,1.));
#15931=AXIS2_PLACEMENT_3D('',#15928,#15929,#15930);
#15932=PLANE('',#15931);
#15933=CARTESIAN_POINT('',(19.776261642,141.43017744,-208.));
#15934=VERTEX_POINT('',#15933);
#15935=CARTESIAN_POINT('',(19.776261642,150.852161076,-208.));
#15936=DIRECTION('',(0.,-1.,0.));
#15937=VECTOR('',#15936,9.421983636);
#15938=LINE('',#15935,#15937);
#15939=EDGE_CURVE('',#15901,#15934,#15938,.T.);
#15940=ORIENTED_EDGE('',*,*,#15939,.T.);
#15941=CARTESIAN_POINT('',(19.776261642,141.43017744,-210.));
#15942=VERTEX_POINT('',#15941);
#15943=CARTESIAN_POINT('',(19.776261642,141.43017744,-210.));
#15944=DIRECTION('',(0.,0.,1.));
#15945=VECTOR('',#15944,2.);
#15946=LINE('',#15943,#15945);
#15947=EDGE_CURVE('',#15942,#15934,#15946,.T.);
#15948=ORIENTED_EDGE('',*,*,#15947,.F.);
#15949=CARTESIAN_POINT('',(19.776261642,150.852161076,-210.));
#15950=DIRECTION('',(0.,-1.,0.));
#15951=VECTOR('',#15950,9.421983636);
#15952=LINE('',#15949,#15951);
#15953=EDGE_CURVE('',#15910,#15942,#15952,.T.);
#15954=ORIENTED_EDGE('',*,*,#15953,.F.);
#15955=ORIENTED_EDGE('',*,*,#15915,.T.);
#15956=EDGE_LOOP('',(#15940,#15948,#15954,#15955));
#15957=FACE_BOUND('',#15956,.T.);
#15958=ADVANCED_FACE('',(#15957),#15932,.F.);
#15959=CARTESIAN_POINT('',(10.776261642,141.43017744,-210.));
#15960=DIRECTION('',(0.,0.,1.));
#15961=DIRECTION('',(1.,0.,-0.));
#15962=AXIS2_PLACEMENT_3D('',#15959,#15960,#15961);
#15963=CYLINDRICAL_SURFACE('',#15962,9.);
#15964=CARTESIAN_POINT('',(10.776261642,141.43017744,-208.));
#15965=DIRECTION('',(0.,0.,-1.));
#15966=DIRECTION('',(1.,0.,0.));
#15967=AXIS2_PLACEMENT_3D('',#15964,#15965,#15966);
#15968=CIRCLE('',#15967,9.);
#15969=EDGE_CURVE('',#15934,#15863,#15968,.T.);
#15970=ORIENTED_EDGE('',*,*,#15969,.T.);
#15971=ORIENTED_EDGE('',*,*,#15890,.F.);
#15972=CARTESIAN_POINT('',(10.776261642,141.43017744,-210.));
#15973=DIRECTION('',(0.,0.,-1.));
#15974=DIRECTION('',(1.,0.,0.));
#15975=AXIS2_PLACEMENT_3D('',#15972,#15973,#15974);
#15976=CIRCLE('',#15975,9.);
#15977=EDGE_CURVE('',#15942,#15879,#15976,.T.);
#15978=ORIENTED_EDGE('',*,*,#15977,.F.);
#15979=ORIENTED_EDGE('',*,*,#15947,.T.);
#15980=EDGE_LOOP('',(#15970,#15971,#15978,#15979));
#15981=FACE_BOUND('',#15980,.T.);
#15982=ADVANCED_FACE('',(#15981),#15963,.T.);
#15983=CARTESIAN_POINT('',(80.,0.,-210.));
#15984=DIRECTION('',(0.,0.,-1.));
#15985=DIRECTION('',(0.,-1.,0.));
#15986=AXIS2_PLACEMENT_3D('',#15983,#15984,#15985);
#15987=PLANE('',#15986);
#15988=ORIENTED_EDGE('',*,*,#15884,.F.);
#15989=ORIENTED_EDGE('',*,*,#15922,.T.);
#15990=ORIENTED_EDGE('',*,*,#15953,.T.);
#15991=ORIENTED_EDGE('',*,*,#15977,.T.);
#15992=EDGE_LOOP('',(#15988,#15989,#15990,#15991));
#15993=FACE_BOUND('',#15992,.T.);
#15994=ADVANCED_FACE('',(#15993),#15987,.T.);
#15995=CARTESIAN_POINT('',(80.,0.,-208.));
#15996=DIRECTION('',(0.,0.,-1.));
#15997=DIRECTION('',(0.,-1.,0.));
#15998=AXIS2_PLACEMENT_3D('',#15995,#15996,#15997);
#15999=PLANE('',#15998);
#16000=ORIENTED_EDGE('',*,*,#15868,.T.);
#16001=ORIENTED_EDGE('',*,*,#15969,.F.);
#16002=ORIENTED_EDGE('',*,*,#15939,.F.);
#16003=ORIENTED_EDGE('',*,*,#15907,.F.);
#16004=EDGE_LOOP('',(#16000,#16001,#16002,#16003));
#16005=FACE_BOUND('',#16004,.T.);
#16006=ADVANCED_FACE('',(#16005),#15999,.F.);
#16007=CLOSED_SHELL('',(#15894,#15927,#15958,#15982,#15994,#16006));
#16008=MANIFOLD_SOLID_BREP('Body 06',#16007);
#15854=STYLED_ITEM('',(#1411),#16008);
#16010=CARTESIAN_POINT('',(-20.579390933,132.43017744,-210.));
#16011=DIRECTION('',(0.,-1.,0.));
#16012=DIRECTION('',(0.,0.,-1.));
#16013=AXIS2_PLACEMENT_3D('',#16010,#16011,#16012);
#16014=PLANE('',#16013);
#16015=CARTESIAN_POINT('',(-25.268376841,132.43017744,-208.));
#16016=VERTEX_POINT('',#16015);
#16017=CARTESIAN_POINT('',(-15.890405025,132.43017744,-208.));
#16018=VERTEX_POINT('',#16017);
#16019=CARTESIAN_POINT('',(-25.268376841,132.43017744,-208.));
#16020=DIRECTION('',(1.,0.,-0.));
#16021=VECTOR('',#16020,9.377971816);
#16022=LINE('',#16019,#16021);
#16023=EDGE_CURVE('',#16016,#16018,#16022,.T.);
#16024=ORIENTED_EDGE('',*,*,#16023,.F.);
#16025=CARTESIAN_POINT('',(-25.268376841,132.43017744,-210.));
#16026=VERTEX_POINT('',#16025);
#16027=CARTESIAN_POINT('',(-25.268376841,132.43017744,-210.));
#16028=DIRECTION('',(0.,0.,1.));
#16029=VECTOR('',#16028,2.);
#16030=LINE('',#16027,#16029);
#16031=EDGE_CURVE('',#16026,#16016,#16030,.T.);
#16032=ORIENTED_EDGE('',*,*,#16031,.F.);
#16033=CARTESIAN_POINT('',(-15.890405025,132.43017744,-210.));
#16034=VERTEX_POINT('',#16033);
#16035=CARTESIAN_POINT('',(-25.268376841,132.43017744,-210.));
#16036=DIRECTION('',(1.,0.,-0.));
#16037=VECTOR('',#16036,9.377971816);
#16038=LINE('',#16035,#16037);
#16039=EDGE_CURVE('',#16026,#16034,#16038,.T.);
#16040=ORIENTED_EDGE('',*,*,#16039,.T.);
#16041=CARTESIAN_POINT('',(-15.890405025,132.43017744,-210.));
#16042=DIRECTION('',(0.,0.,1.));
#16043=VECTOR('',#16042,2.);
#16044=LINE('',#16041,#16043);
#16045=EDGE_CURVE('',#16034,#16018,#16044,.T.);
#16046=ORIENTED_EDGE('',*,*,#16045,.T.);
#16047=EDGE_LOOP('',(#16024,#16032,#16040,#16046));
#16048=FACE_BOUND('',#16047,.T.);
#16049=ADVANCED_FACE('',(#16048),#16014,.T.);
#16050=CARTESIAN_POINT('',(-6.868399101,132.452183336,-210.));
#16051=DIRECTION('',(0.,0.,1.));
#16052=DIRECTION('',(1.,0.,-0.));
#16053=AXIS2_PLACEMENT_3D('',#16050,#16051,#16052);
#16054=CYLINDRICAL_SURFACE('',#16053,18.399990899);
#16055=CARTESIAN_POINT('',(-6.890405025,150.852161076,-208.));
#16056=VERTEX_POINT('',#16055);
#16057=CARTESIAN_POINT('',(-6.868399101,132.452183336,-208.));
#16058=DIRECTION('',(-0.,0.,-1.));
#16059=DIRECTION('',(-0.999999285,-0.001195973,0.));
#16060=AXIS2_PLACEMENT_3D('',#16057,#16058,#16059);
#16061=CIRCLE('',#16060,18.399990899);
#16062=EDGE_CURVE('',#16016,#16056,#16061,.T.);
#16063=ORIENTED_EDGE('',*,*,#16062,.T.);
#16064=CARTESIAN_POINT('',(-6.890405025,150.852161076,-210.));
#16065=VERTEX_POINT('',#16064);
#16066=CARTESIAN_POINT('',(-6.890405025,150.852161076,-210.));
#16067=DIRECTION('',(0.,0.,1.));
#16068=VECTOR('',#16067,2.);
#16069=LINE('',#16066,#16068);
#16070=EDGE_CURVE('',#16065,#16056,#16069,.T.);
#16071=ORIENTED_EDGE('',*,*,#16070,.F.);
#16072=CARTESIAN_POINT('',(-6.868399101,132.452183336,-210.));
#16073=DIRECTION('',(-0.,0.,-1.));
#16074=DIRECTION('',(-0.999999285,-0.001195973,0.));
#16075=AXIS2_PLACEMENT_3D('',#16072,#16073,#16074);
#16076=CIRCLE('',#16075,18.399990899);
#16077=EDGE_CURVE('',#16026,#16065,#16076,.T.);
#16078=ORIENTED_EDGE('',*,*,#16077,.F.);
#16079=ORIENTED_EDGE('',*,*,#16031,.T.);
#16080=EDGE_LOOP('',(#16063,#16071,#16078,#16079));
#16081=FACE_BOUND('',#16080,.T.);
#16082=ADVANCED_FACE('',(#16081),#16054,.T.);
#16083=CARTESIAN_POINT('',(-6.890405025,146.141169258,-210.));
#16084=DIRECTION('',(-1.,0.,0.));
#16085=DIRECTION('',(0.,0.,1.));
#16086=AXIS2_PLACEMENT_3D('',#16083,#16084,#16085);
#16087=PLANE('',#16086);
#16088=CARTESIAN_POINT('',(-6.890405025,141.43017744,-208.));
#16089=VERTEX_POINT('',#16088);
#16090=CARTESIAN_POINT('',(-6.890405025,150.852161076,-208.));
#16091=DIRECTION('',(0.,-1.,0.));
#16092=VECTOR('',#16091,9.421983636);
#16093=LINE('',#16090,#16092);
#16094=EDGE_CURVE('',#16056,#16089,#16093,.T.);
#16095=ORIENTED_EDGE('',*,*,#16094,.T.);
#16096=CARTESIAN_POINT('',(-6.890405025,141.43017744,-210.));
#16097=VERTEX_POINT('',#16096);
#16098=CARTESIAN_POINT('',(-6.890405025,141.43017744,-210.));
#16099=DIRECTION('',(0.,0.,1.));
#16100=VECTOR('',#16099,2.);
#16101=LINE('',#16098,#16100);
#16102=EDGE_CURVE('',#16097,#16089,#16101,.T.);
#16103=ORIENTED_EDGE('',*,*,#16102,.F.);
#16104=CARTESIAN_POINT('',(-6.890405025,150.852161076,-210.));
#16105=DIRECTION('',(0.,-1.,0.));
#16106=VECTOR('',#16105,9.421983636);
#16107=LINE('',#16104,#16106);
#16108=EDGE_CURVE('',#16065,#16097,#16107,.T.);
#16109=ORIENTED_EDGE('',*,*,#16108,.F.);
#16110=ORIENTED_EDGE('',*,*,#16070,.T.);
#16111=EDGE_LOOP('',(#16095,#16103,#16109,#16110));
#16112=FACE_BOUND('',#16111,.T.);
#16113=ADVANCED_FACE('',(#16112),#16087,.F.);
#16114=CARTESIAN_POINT('',(-15.890405025,141.43017744,-210.));
#16115=DIRECTION('',(0.,0.,1.));
#16116=DIRECTION('',(1.,0.,-0.));
#16117=AXIS2_PLACEMENT_3D('',#16114,#16115,#16116);
#16118=CYLINDRICAL_SURFACE('',#16117,9.);
#16119=CARTESIAN_POINT('',(-15.890405025,141.43017744,-208.));
#16120=DIRECTION('',(0.,0.,-1.));
#16121=DIRECTION('',(1.,0.,0.));
#16122=AXIS2_PLACEMENT_3D('',#16119,#16120,#16121);
#16123=CIRCLE('',#16122,9.);
#16124=EDGE_CURVE('',#16089,#16018,#16123,.T.);
#16125=ORIENTED_EDGE('',*,*,#16124,.T.);
#16126=ORIENTED_EDGE('',*,*,#16045,.F.);
#16127=CARTESIAN_POINT('',(-15.890405025,141.43017744,-210.));
#16128=DIRECTION('',(0.,0.,-1.));
#16129=DIRECTION('',(1.,0.,0.));
#16130=AXIS2_PLACEMENT_3D('',#16127,#16128,#16129);
#16131=CIRCLE('',#16130,9.);
#16132=EDGE_CURVE('',#16097,#16034,#16131,.T.);
#16133=ORIENTED_EDGE('',*,*,#16132,.F.);
#16134=ORIENTED_EDGE('',*,*,#16102,.T.);
#16135=EDGE_LOOP('',(#16125,#16126,#16133,#16134));
#16136=FACE_BOUND('',#16135,.T.);
#16137=ADVANCED_FACE('',(#16136),#16118,.T.);
#16138=CARTESIAN_POINT('',(53.333333333,0.,-210.));
#16139=DIRECTION('',(0.,0.,-1.));
#16140=DIRECTION('',(0.,-1.,0.));
#16141=AXIS2_PLACEMENT_3D('',#16138,#16139,#16140);
#16142=PLANE('',#16141);
#16143=ORIENTED_EDGE('',*,*,#16039,.F.);
#16144=ORIENTED_EDGE('',*,*,#16077,.T.);
#16145=ORIENTED_EDGE('',*,*,#16108,.T.);
#16146=ORIENTED_EDGE('',*,*,#16132,.T.);
#16147=EDGE_LOOP('',(#16143,#16144,#16145,#16146));
#16148=FACE_BOUND('',#16147,.T.);
#16149=ADVANCED_FACE('',(#16148),#16142,.T.);
#16150=CARTESIAN_POINT('',(53.333333333,0.,-208.));
#16151=DIRECTION('',(0.,0.,-1.));
#16152=DIRECTION('',(0.,-1.,0.));
#16153=AXIS2_PLACEMENT_3D('',#16150,#16151,#16152);
#16154=PLANE('',#16153);
#16155=ORIENTED_EDGE('',*,*,#16023,.T.);
#16156=ORIENTED_EDGE('',*,*,#16124,.F.);
#16157=ORIENTED_EDGE('',*,*,#16094,.F.);
#16158=ORIENTED_EDGE('',*,*,#16062,.F.);
#16159=EDGE_LOOP('',(#16155,#16156,#16157,#16158));
#16160=FACE_BOUND('',#16159,.T.);
#16161=ADVANCED_FACE('',(#16160),#16154,.F.);
#16162=CLOSED_SHELL('',(#16049,#16082,#16113,#16137,#16149,#16161));
#16163=MANIFOLD_SOLID_BREP('Body 06',#16162);
#16009=STYLED_ITEM('',(#1411),#16163);
#16165=CARTESIAN_POINT('',(-47.246057599,132.43017744,-210.));
#16166=DIRECTION('',(0.,-1.,0.));
#16167=DIRECTION('',(0.,0.,-1.));
#16168=AXIS2_PLACEMENT_3D('',#16165,#16166,#16167);
#16169=PLANE('',#16168);
#16170=CARTESIAN_POINT('',(-51.935043507,132.43017744,-208.));
#16171=VERTEX_POINT('',#16170);
#16172=CARTESIAN_POINT('',(-42.557071691,132.43017744,-208.));
#16173=VERTEX_POINT('',#16172);
#16174=CARTESIAN_POINT('',(-51.935043507,132.43017744,-208.));
#16175=DIRECTION('',(1.,0.,-0.));
#16176=VECTOR('',#16175,9.377971816);
#16177=LINE('',#16174,#16176);
#16178=EDGE_CURVE('',#16171,#16173,#16177,.T.);
#16179=ORIENTED_EDGE('',*,*,#16178,.F.);
#16180=CARTESIAN_POINT('',(-51.935043507,132.43017744,-210.));
#16181=VERTEX_POINT('',#16180);
#16182=CARTESIAN_POINT('',(-51.935043507,132.43017744,-210.));
#16183=DIRECTION('',(0.,0.,1.));
#16184=VECTOR('',#16183,2.);
#16185=LINE('',#16182,#16184);
#16186=EDGE_CURVE('',#16181,#16171,#16185,.T.);
#16187=ORIENTED_EDGE('',*,*,#16186,.F.);
#16188=CARTESIAN_POINT('',(-42.557071691,132.43017744,-210.));
#16189=VERTEX_POINT('',#16188);
#16190=CARTESIAN_POINT('',(-51.935043507,132.43017744,-210.));
#16191=DIRECTION('',(1.,0.,-0.));
#16192=VECTOR('',#16191,9.377971816);
#16193=LINE('',#16190,#16192);
#16194=EDGE_CURVE('',#16181,#16189,#16193,.T.);
#16195=ORIENTED_EDGE('',*,*,#16194,.T.);
#16196=CARTESIAN_POINT('',(-42.557071691,132.43017744,-210.));
#16197=DIRECTION('',(0.,0.,1.));
#16198=VECTOR('',#16197,2.);
#16199=LINE('',#16196,#16198);
#16200=EDGE_CURVE('',#16189,#16173,#16199,.T.);
#16201=ORIENTED_EDGE('',*,*,#16200,.T.);
#16202=EDGE_LOOP('',(#16179,#16187,#16195,#16201));
#16203=FACE_BOUND('',#16202,.T.);
#16204=ADVANCED_FACE('',(#16203),#16169,.T.);
#16205=CARTESIAN_POINT('',(-33.535065767,132.452183336,-210.));
#16206=DIRECTION('',(0.,0.,1.));
#16207=DIRECTION('',(1.,0.,-0.));
#16208=AXIS2_PLACEMENT_3D('',#16205,#16206,#16207);
#16209=CYLINDRICAL_SURFACE('',#16208,18.399990899);
#16210=CARTESIAN_POINT('',(-33.557071691,150.852161076,-208.));
#16211=VERTEX_POINT('',#16210);
#16212=CARTESIAN_POINT('',(-33.535065767,132.452183336,-208.));
#16213=DIRECTION('',(-0.,0.,-1.));
#16214=DIRECTION('',(-0.999999285,-0.001195973,0.));
#16215=AXIS2_PLACEMENT_3D('',#16212,#16213,#16214);
#16216=CIRCLE('',#16215,18.399990899);
#16217=EDGE_CURVE('',#16171,#16211,#16216,.T.);
#16218=ORIENTED_EDGE('',*,*,#16217,.T.);
#16219=CARTESIAN_POINT('',(-33.557071691,150.852161076,-210.));
#16220=VERTEX_POINT('',#16219);
#16221=CARTESIAN_POINT('',(-33.557071691,150.852161076,-210.));
#16222=DIRECTION('',(0.,0.,1.));
#16223=VECTOR('',#16222,2.);
#16224=LINE('',#16221,#16223);
#16225=EDGE_CURVE('',#16220,#16211,#16224,.T.);
#16226=ORIENTED_EDGE('',*,*,#16225,.F.);
#16227=CARTESIAN_POINT('',(-33.535065767,132.452183336,-210.));
#16228=DIRECTION('',(-0.,0.,-1.));
#16229=DIRECTION('',(-0.999999285,-0.001195973,0.));
#16230=AXIS2_PLACEMENT_3D('',#16227,#16228,#16229);
#16231=CIRCLE('',#16230,18.399990899);
#16232=EDGE_CURVE('',#16181,#16220,#16231,.T.);
#16233=ORIENTED_EDGE('',*,*,#16232,.F.);
#16234=ORIENTED_EDGE('',*,*,#16186,.T.);
#16235=EDGE_LOOP('',(#16218,#16226,#16233,#16234));
#16236=FACE_BOUND('',#16235,.T.);
#16237=ADVANCED_FACE('',(#16236),#16209,.T.);
#16238=CARTESIAN_POINT('',(-33.557071691,146.141169258,-210.));
#16239=DIRECTION('',(-1.,0.,0.));
#16240=DIRECTION('',(0.,0.,1.));
#16241=AXIS2_PLACEMENT_3D('',#16238,#16239,#16240);
#16242=PLANE('',#16241);
#16243=CARTESIAN_POINT('',(-33.557071691,141.43017744,-208.));
#16244=VERTEX_POINT('',#16243);
#16245=CARTESIAN_POINT('',(-33.557071691,150.852161076,-208.));
#16246=DIRECTION('',(0.,-1.,0.));
#16247=VECTOR('',#16246,9.421983636);
#16248=LINE('',#16245,#16247);
#16249=EDGE_CURVE('',#16211,#16244,#16248,.T.);
#16250=ORIENTED_EDGE('',*,*,#16249,.T.);
#16251=CARTESIAN_POINT('',(-33.557071691,141.43017744,-210.));
#16252=VERTEX_POINT('',#16251);
#16253=CARTESIAN_POINT('',(-33.557071691,141.43017744,-210.));
#16254=DIRECTION('',(0.,0.,1.));
#16255=VECTOR('',#16254,2.);
#16256=LINE('',#16253,#16255);
#16257=EDGE_CURVE('',#16252,#16244,#16256,.T.);
#16258=ORIENTED_EDGE('',*,*,#16257,.F.);
#16259=CARTESIAN_POINT('',(-33.557071691,150.852161076,-210.));
#16260=DIRECTION('',(0.,-1.,0.));
#16261=VECTOR('',#16260,9.421983636);
#16262=LINE('',#16259,#16261);
#16263=EDGE_CURVE('',#16220,#16252,#16262,.T.);
#16264=ORIENTED_EDGE('',*,*,#16263,.F.);
#16265=ORIENTED_EDGE('',*,*,#16225,.T.);
#16266=EDGE_LOOP('',(#16250,#16258,#16264,#16265));
#16267=FACE_BOUND('',#16266,.T.);
#16268=ADVANCED_FACE('',(#16267),#16242,.F.);
#16269=CARTESIAN_POINT('',(-42.557071691,141.43017744,-210.));
#16270=DIRECTION('',(0.,0.,1.));
#16271=DIRECTION('',(1.,0.,-0.));
#16272=AXIS2_PLACEMENT_3D('',#16269,#16270,#16271);
#16273=CYLINDRICAL_SURFACE('',#16272,9.);
#16274=CARTESIAN_POINT('',(-42.557071691,141.43017744,-208.));
#16275=DIRECTION('',(0.,0.,-1.));
#16276=DIRECTION('',(1.,0.,0.));
#16277=AXIS2_PLACEMENT_3D('',#16274,#16275,#16276);
#16278=CIRCLE('',#16277,9.);
#16279=EDGE_CURVE('',#16244,#16173,#16278,.T.);
#16280=ORIENTED_EDGE('',*,*,#16279,.T.);
#16281=ORIENTED_EDGE('',*,*,#16200,.F.);
#16282=CARTESIAN_POINT('',(-42.557071691,141.43017744,-210.));
#16283=DIRECTION('',(0.,0.,-1.));
#16284=DIRECTION('',(1.,0.,0.));
#16285=AXIS2_PLACEMENT_3D('',#16282,#16283,#16284);
#16286=CIRCLE('',#16285,9.);
#16287=EDGE_CURVE('',#16252,#16189,#16286,.T.);
#16288=ORIENTED_EDGE('',*,*,#16287,.F.);
#16289=ORIENTED_EDGE('',*,*,#16257,.T.);
#16290=EDGE_LOOP('',(#16280,#16281,#16288,#16289));
#16291=FACE_BOUND('',#16290,.T.);
#16292=ADVANCED_FACE('',(#16291),#16273,.T.);
#16293=CARTESIAN_POINT('',(26.666666667,0.,-210.));
#16294=DIRECTION('',(0.,0.,-1.));
#16295=DIRECTION('',(0.,-1.,0.));
#16296=AXIS2_PLACEMENT_3D('',#16293,#16294,#16295);
#16297=PLANE('',#16296);
#16298=ORIENTED_EDGE('',*,*,#16194,.F.);
#16299=ORIENTED_EDGE('',*,*,#16232,.T.);
#16300=ORIENTED_EDGE('',*,*,#16263,.T.);
#16301=ORIENTED_EDGE('',*,*,#16287,.T.);
#16302=EDGE_LOOP('',(#16298,#16299,#16300,#16301));
#16303=FACE_BOUND('',#16302,.T.);
#16304=ADVANCED_FACE('',(#16303),#16297,.T.);
#16305=CARTESIAN_POINT('',(26.666666667,0.,-208.));
#16306=DIRECTION('',(0.,0.,-1.));
#16307=DIRECTION('',(0.,-1.,0.));
#16308=AXIS2_PLACEMENT_3D('',#16305,#16306,#16307);
#16309=PLANE('',#16308);
#16310=ORIENTED_EDGE('',*,*,#16178,.T.);
#16311=ORIENTED_EDGE('',*,*,#16279,.F.);
#16312=ORIENTED_EDGE('',*,*,#16249,.F.);
#16313=ORIENTED_EDGE('',*,*,#16217,.F.);
#16314=EDGE_LOOP('',(#16310,#16311,#16312,#16313));
#16315=FACE_BOUND('',#16314,.T.);
#16316=ADVANCED_FACE('',(#16315),#16309,.F.);
#16317=CLOSED_SHELL('',(#16204,#16237,#16268,#16292,#16304,#16316));
#16318=MANIFOLD_SOLID_BREP('Body 06',#16317);
#16164=STYLED_ITEM('',(#1411),#16318);
#16320=CARTESIAN_POINT('',(-73.912724266,132.43017744,-210.));
#16321=DIRECTION('',(0.,-1.,0.));
#16322=DIRECTION('',(0.,0.,-1.));
#16323=AXIS2_PLACEMENT_3D('',#16320,#16321,#16322);
#16324=PLANE('',#16323);
#16325=CARTESIAN_POINT('',(-78.601710174,132.43017744,-208.));
#16326=VERTEX_POINT('',#16325);
#16327=CARTESIAN_POINT('',(-69.223738358,132.43017744,-208.));
#16328=VERTEX_POINT('',#16327);
#16329=CARTESIAN_POINT('',(-78.601710174,132.43017744,-208.));
#16330=DIRECTION('',(1.,0.,-0.));
#16331=VECTOR('',#16330,9.377971816);
#16332=LINE('',#16329,#16331);
#16333=EDGE_CURVE('',#16326,#16328,#16332,.T.);
#16334=ORIENTED_EDGE('',*,*,#16333,.F.);
#16335=CARTESIAN_POINT('',(-78.601710174,132.43017744,-210.));
#16336=VERTEX_POINT('',#16335);
#16337=CARTESIAN_POINT('',(-78.601710174,132.43017744,-210.));
#16338=DIRECTION('',(0.,0.,1.));
#16339=VECTOR('',#16338,2.);
#16340=LINE('',#16337,#16339);
#16341=EDGE_CURVE('',#16336,#16326,#16340,.T.);
#16342=ORIENTED_EDGE('',*,*,#16341,.F.);
#16343=CARTESIAN_POINT('',(-69.223738358,132.43017744,-210.));
#16344=VERTEX_POINT('',#16343);
#16345=CARTESIAN_POINT('',(-78.601710174,132.43017744,-210.));
#16346=DIRECTION('',(1.,0.,-0.));
#16347=VECTOR('',#16346,9.377971816);
#16348=LINE('',#16345,#16347);
#16349=EDGE_CURVE('',#16336,#16344,#16348,.T.);
#16350=ORIENTED_EDGE('',*,*,#16349,.T.);
#16351=CARTESIAN_POINT('',(-69.223738358,132.43017744,-210.));
#16352=DIRECTION('',(0.,0.,1.));
#16353=VECTOR('',#16352,2.);
#16354=LINE('',#16351,#16353);
#16355=EDGE_CURVE('',#16344,#16328,#16354,.T.);
#16356=ORIENTED_EDGE('',*,*,#16355,.T.);
#16357=EDGE_LOOP('',(#16334,#16342,#16350,#16356));
#16358=FACE_BOUND('',#16357,.T.);
#16359=ADVANCED_FACE('',(#16358),#16324,.T.);
#16360=CARTESIAN_POINT('',(-60.201732434,132.452183336,-210.));
#16361=DIRECTION('',(0.,0.,1.));
#16362=DIRECTION('',(1.,0.,-0.));
#16363=AXIS2_PLACEMENT_3D('',#16360,#16361,#16362);
#16364=CYLINDRICAL_SURFACE('',#16363,18.399990899);
#16365=CARTESIAN_POINT('',(-60.223738358,150.852161076,-208.));
#16366=VERTEX_POINT('',#16365);
#16367=CARTESIAN_POINT('',(-60.201732434,132.452183336,-208.));
#16368=DIRECTION('',(-0.,0.,-1.));
#16369=DIRECTION('',(-0.999999285,-0.001195973,0.));
#16370=AXIS2_PLACEMENT_3D('',#16367,#16368,#16369);
#16371=CIRCLE('',#16370,18.399990899);
#16372=EDGE_CURVE('',#16326,#16366,#16371,.T.);
#16373=ORIENTED_EDGE('',*,*,#16372,.T.);
#16374=CARTESIAN_POINT('',(-60.223738358,150.852161076,-210.));
#16375=VERTEX_POINT('',#16374);
#16376=CARTESIAN_POINT('',(-60.223738358,150.852161076,-210.));
#16377=DIRECTION('',(0.,0.,1.));
#16378=VECTOR('',#16377,2.);
#16379=LINE('',#16376,#16378);
#16380=EDGE_CURVE('',#16375,#16366,#16379,.T.);
#16381=ORIENTED_EDGE('',*,*,#16380,.F.);
#16382=CARTESIAN_POINT('',(-60.201732434,132.452183336,-210.));
#16383=DIRECTION('',(-0.,0.,-1.));
#16384=DIRECTION('',(-0.999999285,-0.001195973,0.));
#16385=AXIS2_PLACEMENT_3D('',#16382,#16383,#16384);
#16386=CIRCLE('',#16385,18.399990899);
#16387=EDGE_CURVE('',#16336,#16375,#16386,.T.);
#16388=ORIENTED_EDGE('',*,*,#16387,.F.);
#16389=ORIENTED_EDGE('',*,*,#16341,.T.);
#16390=EDGE_LOOP('',(#16373,#16381,#16388,#16389));
#16391=FACE_BOUND('',#16390,.T.);
#16392=ADVANCED_FACE('',(#16391),#16364,.T.);
#16393=CARTESIAN_POINT('',(-60.223738358,146.141169258,-210.));
#16394=DIRECTION('',(-1.,0.,0.));
#16395=DIRECTION('',(0.,0.,1.));
#16396=AXIS2_PLACEMENT_3D('',#16393,#16394,#16395);
#16397=PLANE('',#16396);
#16398=CARTESIAN_POINT('',(-60.223738358,141.43017744,-208.));
#16399=VERTEX_POINT('',#16398);
#16400=CARTESIAN_POINT('',(-60.223738358,150.852161076,-208.));
#16401=DIRECTION('',(0.,-1.,0.));
#16402=VECTOR('',#16401,9.421983636);
#16403=LINE('',#16400,#16402);
#16404=EDGE_CURVE('',#16366,#16399,#16403,.T.);
#16405=ORIENTED_EDGE('',*,*,#16404,.T.);
#16406=CARTESIAN_POINT('',(-60.223738358,141.43017744,-210.));
#16407=VERTEX_POINT('',#16406);
#16408=CARTESIAN_POINT('',(-60.223738358,141.43017744,-210.));
#16409=DIRECTION('',(0.,0.,1.));
#16410=VECTOR('',#16409,2.);
#16411=LINE('',#16408,#16410);
#16412=EDGE_CURVE('',#16407,#16399,#16411,.T.);
#16413=ORIENTED_EDGE('',*,*,#16412,.F.);
#16414=CARTESIAN_POINT('',(-60.223738358,150.852161076,-210.));
#16415=DIRECTION('',(0.,-1.,0.));
#16416=VECTOR('',#16415,9.421983636);
#16417=LINE('',#16414,#16416);
#16418=EDGE_CURVE('',#16375,#16407,#16417,.T.);
#16419=ORIENTED_EDGE('',*,*,#16418,.F.);
#16420=ORIENTED_EDGE('',*,*,#16380,.T.);
#16421=EDGE_LOOP('',(#16405,#16413,#16419,#16420));
#16422=FACE_BOUND('',#16421,.T.);
#16423=ADVANCED_FACE('',(#16422),#16397,.F.);
#16424=CARTESIAN_POINT('',(-69.223738358,141.43017744,-210.));
#16425=DIRECTION('',(0.,0.,1.));
#16426=DIRECTION('',(1.,0.,-0.));
#16427=AXIS2_PLACEMENT_3D('',#16424,#16425,#16426);
#16428=CYLINDRICAL_SURFACE('',#16427,9.);
#16429=CARTESIAN_POINT('',(-69.223738358,141.43017744,-208.));
#16430=DIRECTION('',(0.,0.,-1.));
#16431=DIRECTION('',(1.,0.,0.));
#16432=AXIS2_PLACEMENT_3D('',#16429,#16430,#16431);
#16433=CIRCLE('',#16432,9.);
#16434=EDGE_CURVE('',#16399,#16328,#16433,.T.);
#16435=ORIENTED_EDGE('',*,*,#16434,.T.);
#16436=ORIENTED_EDGE('',*,*,#16355,.F.);
#16437=CARTESIAN_POINT('',(-69.223738358,141.43017744,-210.));
#16438=DIRECTION('',(0.,0.,-1.));
#16439=DIRECTION('',(1.,0.,0.));
#16440=AXIS2_PLACEMENT_3D('',#16437,#16438,#16439);
#16441=CIRCLE('',#16440,9.);
#16442=EDGE_CURVE('',#16407,#16344,#16441,.T.);
#16443=ORIENTED_EDGE('',*,*,#16442,.F.);
#16444=ORIENTED_EDGE('',*,*,#16412,.T.);
#16445=EDGE_LOOP('',(#16435,#16436,#16443,#16444));
#16446=FACE_BOUND('',#16445,.T.);
#16447=ADVANCED_FACE('',(#16446),#16428,.T.);
#16448=CARTESIAN_POINT('',(0.,0.,-210.));
#16449=DIRECTION('',(0.,0.,-1.));
#16450=DIRECTION('',(0.,-1.,0.));
#16451=AXIS2_PLACEMENT_3D('',#16448,#16449,#16450);
#16452=PLANE('',#16451);
#16453=ORIENTED_EDGE('',*,*,#16349,.F.);
#16454=ORIENTED_EDGE('',*,*,#16387,.T.);
#16455=ORIENTED_EDGE('',*,*,#16418,.T.);
#16456=ORIENTED_EDGE('',*,*,#16442,.T.);
#16457=EDGE_LOOP('',(#16453,#16454,#16455,#16456));
#16458=FACE_BOUND('',#16457,.T.);
#16459=ADVANCED_FACE('',(#16458),#16452,.T.);
#16460=CARTESIAN_POINT('',(0.,0.,-208.));
#16461=DIRECTION('',(0.,0.,-1.));
#16462=DIRECTION('',(0.,-1.,0.));
#16463=AXIS2_PLACEMENT_3D('',#16460,#16461,#16462);
#16464=PLANE('',#16463);
#16465=ORIENTED_EDGE('',*,*,#16333,.T.);
#16466=ORIENTED_EDGE('',*,*,#16434,.F.);
#16467=ORIENTED_EDGE('',*,*,#16404,.F.);
#16468=ORIENTED_EDGE('',*,*,#16372,.F.);
#16469=EDGE_LOOP('',(#16465,#16466,#16467,#16468));
#16470=FACE_BOUND('',#16469,.T.);
#16471=ADVANCED_FACE('',(#16470),#16464,.F.);
#16472=CLOSED_SHELL('',(#16359,#16392,#16423,#16447,#16459,#16471));
#16473=MANIFOLD_SOLID_BREP('Body 06',#16472);
#16319=STYLED_ITEM('',(#1411),#16473);
#15835=SHAPE_REPRESENTATION('Linear Pattern 01',(#15),#15833);
#15836=ADVANCED_BREP_SHAPE_REPRESENTATION('Linear Pattern 01',(#16008,#16163,#16318,#16473),#15833);
#16481=SHAPE_REPRESENTATION_RELATIONSHIP('','',#15835,#15836);
#16482=CARTESIAN_POINT('',(0.,0.,0.));
#16483=DIRECTION('',(0.,0.,1.));
#16484=DIRECTION('',(1.,0.,0.));
#16485=AXIS2_PLACEMENT_3D('',#16482,#16483,#16484);
#16487=MAPPED_ITEM('',#16486,#16485);
#16486=REPRESENTATION_MAP(#16485,#15835);
#16488=APPLICATION_CONTEXT('Managed model based 3d engineering');
#16489=APPLICATION_PROTOCOL_DEFINITION('international standard','ap242_managed_model_based_3d_engineering',2014,#16488);
#16490=PRODUCT_CONTEXT('',#16488,'mechanical');
#16491=PRODUCT_DEFINITION_CONTEXT('part definition',#16488,'design');
#15843=PRODUCT('Linear Pattern 01','Linear Pattern 01','',(#16490));
#16492=PRODUCT_RELATED_PRODUCT_CATEGORY('part','',(#15843));
#16493=PRODUCT_DEFINITION_FORMATION_WITH_SPECIFIED_SOURCE('','',#15843,.NOT_KNOWN.);
#15844=PRODUCT_DEFINITION('design','',#16493,#16491);
#15842=PRODUCT_DEFINITION_SHAPE('','',#15844);
#16494=SHAPE_DEFINITION_REPRESENTATION(#15842,#15835);
#15834=DRAUGHTING_MODEL('',(#16487),#15833);
#16=SHAPE_REPRESENTATION('root',(#15,#15848),#10);
#17=ADVANCED_BREP_SHAPE_REPRESENTATION('root',(#1404,#14512,#15667,#15818),#10);
#16502=SHAPE_REPRESENTATION_RELATIONSHIP('','',#16,#17);
#16503=CARTESIAN_POINT('',(0.,0.,0.));
#16504=DIRECTION('',(0.,0.,1.));
#16505=DIRECTION('',(1.,0.,0.));
#16506=AXIS2_PLACEMENT_3D('',#16503,#16504,#16505);
#16508=MAPPED_ITEM('',#16507,#16506);
#16507=REPRESENTATION_MAP(#16506,#16);
#24=PRODUCT('root','root','',(#16490));
#16509=PRODUCT_RELATED_PRODUCT_CATEGORY('part','',(#24));
#16510=PRODUCT_DEFINITION_FORMATION_WITH_SPECIFIED_SOURCE('','',#24,.NOT_KNOWN.);
#25=PRODUCT_DEFINITION('design','',#16510,#16491);
#23=PRODUCT_DEFINITION_SHAPE('','',#25);
#16511=SHAPE_DEFINITION_REPRESENTATION(#23,#16);
#11=DRAUGHTING_MODEL('',(#16508),#10);
#16512=DESCRIPTIVE_REPRESENTATION_ITEM('KEY','C:\\Users\\olive\\AppData\\Local\\Packages\\Shapr3D.Shapr3D_dvv5p1vgwv6mp\\TempState\\80b96030-6f1a-463f-aba8-ba6c94d6bb2c.tmp');
#16513=PROPERTY_DEFINITION('KEY','',#25);
#16514=REPRESENTATION('',(#16512),#10);
#16515=PROPERTY_DEFINITION_REPRESENTATION(#16513,#16514);
#16516=GENERAL_PROPERTY('','KEY','');
#16517=GENERAL_PROPERTY_ASSOCIATION('','',#16516,#16513);
#1=MECHANICAL_DESIGN_GEOMETRIC_PRESENTATION_REPRESENTATION('',(#26,#1412,#14520,#15668,#15854,#16009,#16164,#16319),#10);
ENDSEC;
END-ISO-10303-21;
